Q5	Q5
Q201	Q8162
Q203	Q11862829
Q213	Q1725664
Q214	Q111352
Q215	Q109316367
Q216	Q245423
Q217	Q2141565
Q218	Q196626
Q219	Q178433
Q220	Q184524
Q221	Q2145290
Q222	Q7184903
Q223	Q1347367
Q224	Q23958852
Q225	Q151885
Q226	Q1156970
Q227	Q8425
Q228	Q42762
Q229	Q154954
Q230	Q164509
Q231	Q15978631
Q232	Q215627
Q233	Q110551885
Q234	Q55983715
Q236	Q937228
Q237	Q849359
Q238	Q593744
Q239	Q1172480
Q240	Q1397073
Q241	Q109642276
Q242	Q324254
Q243	Q1875737
Q244	Q11398090
Q245	Q451967
Q246	Q4671286
Q247	Q7553
Q248	Q369577
Q249	Q3589301
Q250	Q28640
Q251	Q1790480
Q252	Q36180
Q253	Q333634
Q254	Q6486703
Q255	Q80083
Q256	Q34749
Q257	Q5371079
Q258	Q12767945
Q259	Q8096
Q260	Q2944660
Q261	Q192625
Q262	Q8380731
Q263	Q8565302
Q264	Q28797
Q265	Q1047113
Q266	Q2465832
Q267	Q112947641
Q268	Q321249
Q269	Q6423319
Q270	Q6499736
Q271	Q1172284
Q272	Q1469824
Q273	Q13136
Q274	Q223393
Q275	Q104624828
Q276	Q23622
Q277	Q859161
Q278	Q3467704
Q279	Q6388
Q280	Q4438121
Q281	Q5588651
Q282	Q1156831
Q283	Q2485448
Q284	Q11422536
Q285	Q98417505
Q287	Q12004466
Q288	Q30313989
Q289	Q1076486
Q290	Q200023
Q291	Q349
Q292	Q2312410
Q294	Q44637051
Q295	Q167170
Q296	Q18608583
Q297	Q5389
Q299	Q14547231
Q300	Q500834
Q301	Q1344963
Q302	Q15259995
Q303	Q273469
Q304	Q73633
Q308	Q51031626
Q309	Q31629
Q310	Q212434
Q313	Q275115
Q317	Q216048
Q319	Q7223116
Q321	Q1682583
Q322	Q1433212
Q323	Q112193769
Q324	Q112193867
Q325	Q112965645
Q326	Q499574
Q327	Q13406463
Q328	Q6642017
Q329	Q2393575
Q330	Q159821
Q331	Q26132862
Q332	Q748643
Q333	Q163740
Q334	Q79913
Q335	Q40970
Q336	Q4008851
Q337	Q1751513
Q338	Q1723340
Q339	Q202648
Q340	Q702269
Q341	Q4164871
Q342	Q12737077
Q343	Q108300140
Q344	Q828721
Q345	Q294414
Q346	Q599151
Q347	Q5156360
Q348	Q1194951
Q349	Q24185498
Q350	Q9597
Q351	Q206060
Q352	Q66511773
Q353	Q112826975
Q354	Q112826905
Q355	Q43801
Q356	Q6147804
Q358	Q14524031
Q359	Q72797
Q360	Q19753344
Q361	Q19605
Q362	Q11344
Q363	Q35456
Q364	Q211331
Q365	Q688
Q367	Q2257650
Q369	Q179643
Q370	Q2471422
Q371	Q4830453
Q372	Q6881511
Q373	Q641306
Q374	Q1425519
Q375	Q891723
Q376	Q431289
Q377	Q641347
Q378	Q155718
Q379	Q981010
Q380	Q595622
Q381	Q1230458
Q382	Q874430
Q383	Q3895
Q384	Q11338686
Q385	Q6582103
Q386	Q11460
Q387	Q2010326
Q388	Q15807604
Q389	Q2736850
Q390	Q7863403
Q391	Q95918226
Q392	Q14090
Q393	Q7191750
Q395	Q219067
Q396	Q1216236
Q397	Q3538122
Q398	Q4162367
Q399	Q2672914
Q400	Q110558361
Q401	Q206621
Q402	Q4013880
Q403	Q868711
Q404	Q2093360
Q405	Q25044258
Q406	Q61065
Q407	Q7735
Q408	Q5499785
Q409	Q1991481
Q410	Q17126809
Q411	Q2066131
Q412	Q259327
Q413	Q3493904
Q414	Q1231861
Q415	Q113129166
Q416	Q908560
Q417	Q180692
Q418	Q7890744
Q419	Q215641
Q420	Q494406
Q421	Q877517
Q422	Q7707
Q423	Q315
Q424	Q33005
Q425	Q207101
Q426	Q286576
Q427	Q17951
Q428	Q11028
Q429	Q11042
Q430	Q978
Q431	Q6961869
Q432	Q863247
Q433	Q7102834
Q434	Q1063801
Q435	Q1348645
Q436	Q17537576
Q437	Q49848
Q438	Q47461344
Q439	Q451553
Q440	Q263864
Q441	Q1066689
Q442	Q2313235
Q443	Q1391494
Q444	Q7702845
Q445	Q1662562
Q446	Q2748079
Q447	Q1582475
Q448	Q3048444
Q449	Q33123638
Q450	Q854537
Q451	Q58784
Q452	Q1518091
Q453	Q20088846
Q454	Q9061
Q455	Q1401304
Q456	Q12909644
Q457	Q7272
Q458	Q6186
Q459	Q7264
Q460	Q22811234
Q461	Q190004
Q462	Q33104129
Q463	Q1641112
Q464	Q177634
Q465	Q11409498
Q466	Q1548084
Q467	Q2292643
Q468	Q28108
Q469	Q845132
Q470	Q37739
Q471	Q273005
Q472	Q6206
Q473	Q9381
Q474	Q160270
Q475	Q29028649
Q476	Q3736009
Q477	Q8137
Q478	Q9453
Q479	Q10923090
Q480	Q9235
Q481	Q44325
Q482	Q33104279
Q483	Q714737
Q484	Q101988
Q485	Q63551
Q486	Q1433881
Q487	Q3748888
Q488	Q1850816
Q489	Q332425
Q490	Q863448
Q491	Q2549288
Q492	Q1156402
Q493	Q781413
Q494	Q185816
Q495	Q1469008
Q496	Q28877
Q497	Q223557
Q498	Q337060
Q499	Q1485500
Q500	Q584987
Q501	Q868257
Q502	Q1935127
Q503	Q466707
Q504	Q1497178
Q505	Q601401
Q506	Q23009552
Q507	Q484830
Q508	Q552130
Q509	Q2563467
Q510	Q693464
Q511	Q11060274
Q512	Q114794799
Q513	Q2342494
Q514	Q47433
Q515	Q1416617
Q516	Q131569
Q517	Q1072326
Q518	Q188532
Q519	Q1144560
Q520	Q1323540
Q521	Q1329506
Q522	Q1759266
Q523	Q656720
Q524	Q13235160
Q525	Q380342
Q526	Q104493
Q527	Q832045
Q528	Q3505845
Q529	Q1337875
Q530	Q22087155
Q531	Q757382
Q532	Q1369832
Q533	Q3380760
Q534	Q4290
Q535	Q1728582
Q536	Q1113011
Q537	Q205884
Q538	Q6958747
Q539	Q1068683
Q541	Q1077518
Q542	Q474182
Q543	Q1271896
Q544	Q230683
Q545	Q333322
Q546	Q210947
Q547	Q12894677
Q548	Q260747
Q549	Q132076
Q550	Q10979515
Q551	Q4116214
Q552	Q350151
Q553	Q7231
Q554	Q1451360
Q555	Q1417820
Q556	Q9378373
Q557	Q15853126
Q558	Q7725634
Q559	Q225684
Q560	Q1969448
Q561	Q1758955
Q562	Q2002624
Q563	Q941050
Q564	Q2112141
Q565	Q1917602
Q566	Q1497716
Q567	Q60981980
Q568	Q13513
Q569	Q43229
Q570	Q27493
Q571	Q10541491
Q572	Q706486
Q573	Q64513524
Q574	Q828814
Q575	Q650241
Q576	Q730038
Q577	Q1304878
Q578	Q1269299
Q579	Q33685
Q580	Q134161
Q581	Q39072
Q582	Q877707
Q583	Q43637
Q584	Q16887380
Q585	Q179216
Q586	Q1656701
Q587	Q814232
Q588	Q3490295
Q589	Q21004260
Q590	Q58327829
Q591	Q268592
Q592	Q49958
Q593	Q16334295
Q594	Q2604680
Q595	Q4530436
Q596	Q55919789
Q597	Q1199857
Q598	Q23002002
Q599	Q17737
Q600	Q420062
Q601	Q11016
Q602	Q174165
Q603	Q1150070
Q604	Q762702
Q605	Q476300
Q606	Q930933
Q607	Q319676
Q608	Q3249551
Q609	Q190632
Q610	Q17853087
Q611	Q106201455
Q612	Q2245405
Q613	Q1363768
Q614	Q17326725
Q615	Q206361
Q616	Q7257
Q617	Q7260
Q618	Q4167410
Q619	Q16866286
Q620	Q60769407
Q621	Q82934
Q622	Q3958441
Q623	Q58778
Q624	Q2692606
Q625	Q192311
Q626	Q379699
Q627	Q1499548
Q628	Q2383321
Q629	Q70274700
Q630	Q61563784
Q631	Q7831917
Q632	Q1166072
Q633	Q15824302
Q634	Q868
Q635	Q291043
Q636	Q131257
Q637	Q732577
Q638	Q253623
Q639	Q1375678
Q640	Q16569668
Q641	Q131841
Q642	Q1991663
Q643	Q1780190
Q644	Q75786
Q645	Q626021
Q646	Q189539
Q647	Q3196867
Q648	Q182076
Q649	Q15854861
Q650	Q1133938
Q651	Q16102139
Q652	Q736288
Q653	Q7832074
Q654	Q692412
Q655	Q52389
Q656	Q33104069
Q657	Q188976
Q658	Q177266
Q659	Q25378228
Q660	Q1391183
Q661	Q1530271
Q662	Q3589455
Q663	Q1781712
Q664	Q83937
Q665	Q111287
Q666	Q122514
Q667	Q165121
Q668	Q1672692
Q669	Q214953
Q670	Q277759
Q671	Q230277
Q672	Q2085381
Q673	Q1320047
Q674	Q1375237
Q675	Q1207505
Q676	Q1395509
Q677	Q2427567
Q678	Q859
Q679	Q123397
Q680	Q34787
Q681	Q893785
Q682	Q1086765
Q683	Q16521
Q684	Q732254
Q685	Q5463494
Q686	Q7590
Q687	Q63247926
Q688	Q201783
Q689	Q11442
Q690	Q1377570
Q691	Q1064975
Q693	Q30246160
Q694	Q167130
Q695	Q446
Q696	Q161798
Q697	Q169545
Q698	Q811909
Q699	Q2424752
Q700	Q771452
Q701	Q1076532
Q702	Q18671735
Q703	Q1148375
Q704	Q2360778
Q705	Q77122
Q706	Q3480295
Q707	Q948482
Q708	Q1928434
Q709	Q350793
Q710	Q57239196
Q711	Q1141961
Q712	Q2593959
Q713	Q948851
Q714	Q2078372
Q715	Q3514538
Q716	Q873776
Q717	Q1137570
Q718	Q474698
Q719	Q15113997
Q720	Q334166
Q721	Q573863
Q722	Q750483
Q723	Q1076882
Q724	Q924724
Q725	Q1231985
Q726	Q857558
Q727	Q305026
Q728	Q42889
Q729	Q11723891
Q730	Q180910
Q731	Q184872
Q732	Q7981051
Q733	Q32090
Q734	Q60389878
Q735	Q309252
Q736	Q2281298
Q737	Q228460
Q738	Q950318
Q739	Q82604
Q740	Q166142
Q741	Q21198
Q742	Q192521
Q743	Q11023
Q744	Q101333
Q745	Q184793
Q746	Q1335987
Q747	Q29279406
Q748	Q11432170
Q749	Q2162595
Q750	Q6018565
Q751	Q12757
Q752	Q5936788
Q753	Q595658
Q754	Q17524420
Q755	Q465352
Q756	Q2059831
Q757	Q233040
Q758	Q1255515
Q759	Q235356
Q760	Q20820259
Q761	Q1752317
Q762	Q186713
Q763	Q1930512
Q764	Q1554036
Q765	Q130989
Q766	Q1130239
Q767	Q3711790
Q768	Q166154
Q769	Q107715
Q770	Q36253
Q771	Q37221
Q772	Q2207370
Q773	Q4903799
Q774	Q786820
Q775	Q15081030
Q776	Q848620
Q777	Q105150560
Q778	Q1293233
Q779	Q188447
Q780	Q895398
Q781	Q1660984
Q782	Q1393844
Q783	Q988108
Q784	Q847017
Q785	Q48204
Q786	Q5198626
Q787	Q26281580
Q788	Q1112950
Q789	Q15618781
Q790	Q2632269
Q791	Q3565868
Q792	Q832003
Q793	Q6815100
Q794	Q708676
Q795	Q5014548
Q796	Q15081032
Q797	Q29044175
Q798	Q2001072
Q799	Q48442
Q800	Q1888694
Q801	Q3430864
Q802	Q12366804
Q803	Q53121
Q804	Q1364310
Q805	Q109732621
Q806	Q4010939
Q807	Q4903791
Q808	Q349843
Q809	Q3486937
Q810	Q7135767
Q811	Q681842
Q812	Q19693316
Q813	Q330204
Q814	Q2233812
Q815	Q2207288
Q816	Q848466
Q817	Q108290773
Q818	Q1203797
Q819	Q11024
Q820	Q12786121
Q821	Q1914636
Q822	Q2736535
Q823	Q68482296
Q824	Q6502154
Q825	Q251741
Q826	Q690109
Q827	Q1424600
Q828	Q49389
Q829	Q564606
Q830	Q2215841
Q831	Q520611
Q832	Q3493900
Q833	Q7339484
Q834	Q3609
Q835	Q16240947
Q836	Q221635
Q837	Q15091377
Q838	Q1498024
Q839	Q17018280
Q840	Q11483816
Q841	Q1750982
Q842	Q185948
Q843	Q101052547
Q844	Q22231107
Q845	Q866427
Q846	Q635366
Q847	Q33881
Q848	Q1318941
Q849	Q29866603
Q850	Q101052353
Q851	Q101052391
Q852	Q22231113
Q853	Q549121
Q854	Q15275719
Q855	Q327365
Q856	Q1792605
Q857	Q215184
Q858	Q2192643
Q859	Q10566551
Q860	Q516366
Q861	Q1392620
Q862	Q1632956
Q863	Q223924
Q864	Q739288
Q865	Q536135
Q866	Q595523
Q867	Q4903772
Q868	Q44946
Q869	Q1789452
Q870	Q192388
Q871	Q2945123
Q872	Q18891017
Q873	Q907275
Q874	Q109237655
Q875	Q109237811
Q876	Q2540359
Q877	Q4903793
Q878	Q4903779
Q879	Q1189497
Q880	Q2448108
Q881	Q1328068
Q882	Q2164863
Q883	Q651103
Q884	Q1780962
Q885	Q1426724
Q886	Q9394185
Q887	Q189940
Q888	Q447866
Q889	Q7607956
Q890	Q192249
Q891	Q2092049
Q892	Q48663
Q893	Q953045
Q894	Q10843872
Q895	Q1480529
Q896	Q131172
Q897	Q10772391
Q898	Q11427
Q899	Q19588
Q900	Q428766
Q901	Q2512777
Q902	Q239825
Q903	Q189302
Q904	Q716
Q905	Q11992872
Q906	Q9323487
Q907	Q11004
Q908	Q670887
Q909	Q214609
Q910	Q16829513
Q911	Q181790
Q912	Q5725005
Q913	Q569057
Q914	Q1067617
Q915	Q90133499
Q916	Q742924
Q917	Q3481047
Q918	Q638123
Q919	Q2403634
Q920	Q1934967
Q921	Q1720351
Q922	Q2397485
Q923	Q49717
Q924	Q104481553
Q925	Q1392605
Q926	Q1156860
Q927	Q143698
Q928	Q3407474
Q929	Q2094096
Q930	Q431995
Q931	Q786262
Q932	Q1534839
Q933	Q1147317
Q934	Q69574371
Q935	Q108858585
Q936	Q1969854
Q937	Q949610
Q938	Q352222
Q939	Q223705
Q940	Q749459
Q941	Q272870
Q942	Q4903805
Q943	Q1392553
Q944	Q4385090
Q945	Q987767
Q946	Q1323314
Q947	Q1524253
Q948	Q46765731
Q949	Q1500340
Q950	Q201097
Q951	Q4903773
Q952	Q55304203
Q953	Q216146
Q954	Q1392524
Q955	Q2041172
Q956	Q1300900
Q957	Q210064
Q958	Q2414049
Q959	Q101401
Q960	Q508113
Q961	Q1424487
Q962	Q173603
Q963	Q1675611
Q964	Q114715826
Q965	Q1127483
Q966	Q2736972
Q967	Q1328899
Q968	Q1194093
Q969	Q15028
Q970	Q52162350
Q971	Q648403
Q972	Q327029
Q973	Q233053
Q974	Q26721034
Q975	Q6664287
Q976	Q4898568
Q977	Q463436
Q978	Q7260044
Q979	Q161
Q980	Q207344
Q981	Q39546
Q982	Q572809
Q983	Q11789812
Q984	Q142274
Q985	Q2281940
Q986	Q2991861
Q987	Q188631
Q988	Q636009
Q989	Q637484
Q990	Q7205960
Q991	Q2141634
Q992	Q2578402
Q993	Q154411
Q994	Q16953
Q995	Q19769
Q996	Q1419325
Q997	Q376799
Q998	Q5198662
Q999	Q17157169
Q1000	Q6501349
Q1001	Q16243822
Q1002	Q132911
Q1003	Q1392572
Q1004	Q17238
Q1005	Q11751004
Q1006	Q466410
Q1007	Q3220391
Q1008	Q1058914
Q1009	Q51709
Q1010	Q1189061
Q1011	Q220505
Q1012	Q4903749
Q1013	Q1824165
Q1014	Q16951543
Q1015	Q17001222
Q1016	Q8187769
Q1017	Q17132031
Q1018	Q17018236
Q1019	Q1021645
Q1020	Q8038202
Q1021	Q11514315
Q1022	Q4907353
Q1023	Q215768
Q1024	Q462877
Q1025	Q282744
Q1026	Q851587
Q1027	Q17781833
Q1028	Q1967458
Q1029	Q5367
Q1030	Q328716
Q1031	Q17163326
Q1032	Q845671
Q1033	Q1549591
Q1034	Q1637706
Q1035	Q3777
Q1036	Q1386534
Q1037	Q12748
Q1038	Q337540
Q1039	Q6082679
Q1040	Q820655
Q1041	Q4375883
Q1042	Q697986
Q1043	Q114037894
Q1044	Q207892
Q1045	Q471855
Q1049	Q11660
Q1050	Q3478658
Q1051	Q395
Q1052	Q114705836
Q1053	Q1936384
Q1054	Q20026918
Q1055	Q42989
Q1056	Q59138835
Q1057	Q42848
Q1058	Q488383
Q1059	Q25047676
Q1060	Q21484471
Q1061	Q796212
Q1062	Q121182
Q1063	Q466
Q1064	Q1045785
Q1065	Q54837
Q1066	Q26813700
Q1067	Q7094076
Q1068	Q515701
Q1069	Q7000900
Q1070	Q193424
Q1071	Q4182287
Q1072	Q317623
Q1073	Q57780448
Q1074	Q2661442
Q1075	Q507673
Q1076	Q681263
Q1077	Q24451526
Q1078	Q235557
Q1079	Q2063
Q1080	Q6108942
Q1081	Q33120876
Q1082	Q638153
Q1083	Q36509592
Q1084	Q15633582
Q1085	Q109613893
Q1086	Q33002955
Q1087	Q43984865
Q1088	Q2013
Q1089	Q14827288
Q1090	Q615699
Q1091	Q1293664
Q1092	Q107307154
Q1093	Q114955954
Q1094	Q52
Q1095	Q104637420
Q1096	Q408386
Q1097	Q30642
Q1098	Q980509
Q1099	Q18395344
Q1100	Q959962
Q1101	Q2623243
Q1102	Q830115
Q1103	Q32081746
Q1104	Q33003557
Q1105	Q7449091
Q1106	Q176165
Q1107	Q112841639
Q1108	Q14923586
Q1109	Q2210408
Q1110	Q1167863
Q1111	Q17152639
Q1112	Q20162172
Q1113	Q20829075
Q1114	Q33742
Q1115	Q189533
Q1116	Q13420675
Q1117	Q1786828
Q1118	Q20817253
Q1119	Q41796
Q1120	Q187931
Q1121	Q180160
Q1122	Q2668072
Q1123	Q658349
Q1124	Q370502
Q1125	Q182003
Q1126	Q229102
Q1127	Q180907
Q1128	Q8171
Q1129	Q43201078
Q1130	Q609507
Q1131	Q680042
Q1132	Q1916557
Q1133	Q199897
Q1134	Q6040253
Q1135	Q212805
Q1136	Q7096323
Q1137	Q22222786
Q1138	Q2915193
Q1139	Q5962346
Q1140	Q199655
Q1141	Q48473
Q1142	Q1391014
Q1143	Q1799072
Q1144	Q16387
Q1145	Q134995
Q1146	Q1132530
Q1147	Q3953114
Q1148	Q1193158
Q1149	Q2920921
Q1150	Q96247293
Q1151	Q192060
Q1152	Q1924747
Q1153	Q624610
Q1154	Q8366
Q1155	Q19541
Q1156	Q1958286
Q1157	Q629206
Q1158	Q1153289
Q1159	Q54872
Q1160	Q36524
Q1161	Q33215
Q1162	Q1575129
Q1163	Q4423847
Q1164	Q15192747
Q1165	Q621184
Q1166	Q403574
Q1167	Q7893937
Q1168	Q1976109
Q1169	Q8513
Q1170	Q3206142
Q1171	Q6537700
Q1172	Q932934
Q1173	Q1327461
Q1174	Q1298668
Q1175	Q19866666
Q1176	Q1132324
Q1177	Q632346
Q1178	Q25305479
Q1179	Q25052115
Q1180	Q1271424
Q1181	Q194152
Q1182	Q55632839
Q1183	Q4200770
Q1184	Q1789476
Q1185	Q17165062
Q1186	Q47258130
Q1187	Q3206140
Q1188	Q5412773
Q1189	Q16964945
Q1190	Q5227240
Q1191	Q7072641
Q1192	Q37033
Q1193	Q96397500
Q1194	Q233015
Q1195	Q101072
Q1196	Q21605525
Q1197	Q18692990
Q1198	Q24589734
Q1199	Q936635
Q1200	Q780920
Q1201	Q37045
Q1202	Q82753
Q1203	Q2115
Q1204	Q64699668
Q1205	Q4612907
Q1206	Q51393
Q1207	Q205665
Q1208	Q65079487
Q1209	Q17888
Q1210	Q339014
Q1211	Q17884
Q1212	Q114645134
Q1213	Q114704689
Q1214	Q724351
Q1215	Q69506823
Q1216	Q7242811
Q1217	Q4876605
Q1218	Q11976924
Q1219	Q169207
Q1220	Q179742
Q1221	Q10331920
Q1222	Q747592
Q1223	Q12905217
Q1224	Q2916372
Q1225	Q64737936
Q1226	Q106589379
Q1227	Q50810374
Q1228	Q351403
Q1229	Q43200
Q1230	Q48264
Q1231	Q48277
Q1232	Q106647285
Q1233	Q1093205
Q1234	Q9332
Q1235	Q2574320
Q1236	Q104637332
Q1237	Q67123584
Q1238	Q208099
Q1239	Q654810
Q1240	Q1141983
Q1241	Q60755604
Q1242	Q33487
Q1243	Q105825670
Q1244	Q175854
Q1245	Q64737634
Q1246	Q28001435
Q1247	Q156537
Q1248	Q28134442
Q1249	Q10774753
Q1250	Q10384150
Q1251	Q19901606
Q1252	Q337084
Q1253	Q6636
Q1254	Q589656
Q1255	Q592
Q1256	Q240126
Q1257	Q3310282
Q1258	Q11076311
Q1259	Q51389
Q1260	Q104969456
Q1261	Q105074283
Q1262	Q5528684
Q1263	Q214339
Q1264	Q2672163
Q1265	Q1665984
Q1266	Q1143546
Q1267	Q21201
Q1268	Q1662673
Q1269	Q15404978
Q1270	Q2621062
Q1271	Q4135211
Q1272	Q8354594
Q1273	Q1035954
Q1274	Q605088
Q1275	Q93200
Q1276	Q49809
Q1277	Q185467
Q1278	Q24960951
Q1279	Q4042967
Q1280	Q154136
Q1281	Q8216
Q1282	Q19793459
Q1283	Q10897
Q1284	Q113286753
Q1285	Q467
Q1286	Q6581072
Q1287	Q25447263
Q1288	Q110271724
Q1289	Q65049330
Q1290	Q7252
Q1291	Q2045578
Q1292	Q18299
Q1293	Q308857
Q1294	Q1742659
Q1295	Q7169
Q1296	Q6457825
Q1297	Q56282687
Q1298	Q98929208
Q1299	Q6502543
Q1300	Q3854862
Q1301	Q177626
Q1302	Q17010007
Q1303	Q18578988
Q1304	Q1326354
Q1305	Q17625913
Q1306	Q46839
Q1307	Q7314318
Q1308	Q25862
Q1309	Q107572084
Q1310	Q8102
Q1311	Q2537421
Q1312	Q49773
Q1313	Q51424
Q1314	Q8445
Q1315	Q1940866
Q1316	Q210588
Q1317	Q11894636
Q1318	Q1771029
Q1319	Q48270
Q1320	Q1189956
Q1321	Q3537603
Q1322	Q1054678
Q1323	Q77468620
Q1324	Q271534
Q1325	Q271969
Q1326	Q2742173
Q1327	Q64348974
Q1328	Q657449
Q1329	Q61740765
Q1330	Q51404
Q1331	Q1520214
Q1332	Q844569
Q1333	Q1165905
Q1334	Q51415
Q1335	Q1278791
Q1336	Q6199
Q1337	Q2648196
Q1338	Q2353191
Q1339	Q301751
Q1340	Q1791882
Q1341	Q658022
Q1342	Q188451
Q1343	Q3071
Q1344	Q153946
Q1345	Q930995
Q1346	Q223642
Q1347	Q55104469
Q1348	Q6466879
Q1349	Q3404005
Q1350	Q14660
Q1351	Q7676378
Q1352	Q3242821
Q1353	Q109622886
Q1354	Q1367590
Q1355	Q17422
Q1356	Q1230584
Q1357	Q5110203
Q1358	Q780687
Q1359	Q13416790
Q1360	Q56064174
Q1361	Q189125
Q1362	Q6581097
Q1363	Q2449503
Q1364	Q1052281
Q1365	Q17014350
Q1366	Q3308597
Q1367	Q2267705
Q1368	Q17014367
Q1369	Q59677
Q1370	Q12135
Q1371	Q7189713
Q1372	Q190965
Q1373	Q48279
Q1374	Q17148251
Q1375	Q6163243
Q1376	Q459409
Q1377	Q583261
Q1378	Q843601
Q1379	Q189603
Q1380	Q31207
Q1381	Q2518253
Q1382	Q3473024
Q1384	Q932068
Q1385	Q162297
Q1386	Q629029
Q1387	Q12147
Q1388	Q3501817
Q1389	Q1981388
Q1390	Q2142347
Q1391	Q919526
Q1392	Q949149
Q1393	Q2725393
Q1394	Q3247219
Q1395	Q1773974
Q1396	Q4880695
Q1397	Q14912053
Q1398	Q2996394
Q1399	Q2200417
Q1400	Q855395
Q1401	Q41172303
Q1402	Q4338318
Q1403	Q160402
Q1404	Q1475848
Q1405	Q123414
Q1406	Q1296024
Q1407	Q96634632
Q1408	Q1153659
Q1409	Q484105
Q1410	Q9418
Q1411	Q60680430
Q1412	Q718809
Q1413	Q192891
Q1414	Q2480597
Q1415	Q12047512
Q1416	Q1062741
Q1417	Q4105337
Q1418	Q8386
Q1419	Q28885102
Q1420	Q12140
Q1421	Q1771260
Q1422	Q109674447
Q1423	Q611011
Q1424	Q367293
Q1425	Q4394526
Q1426	Q8458
Q1427	Q4260475
Q1428	Q811979
Q1429	Q1774898
Q1430	Q3326551
Q1431	Q180592
Q1432	Q1990987
Q1433	Q170480
Q1434	Q7867
Q1435	Q9390268
Q1436	Q4134457
Q1437	Q12136
Q1438	Q7632070
Q1439	Q11076418
Q1440	Q4340209
Q1441	Q42844
Q1442	Q15925165
Q1443	Q45400320
Q1444	Q484652
Q1445	Q7817
Q1446	Q473596
Q1447	Q10981881
Q1448	Q1137326
Q1449	Q5570863
Q1450	Q1117179
Q1451	Q5373802
Q1452	Q133500
Q1453	Q7406919
Q1454	Q8434
Q1455	Q4867047
Q1456	Q113212938
Q1457	Q271716
Q1458	Q161272
Q1459	Q113212893
Q1460	Q199906
Q1461	Q1403186
Q1462	Q113043917
Q1463	Q175002
Q1464	Q317309
Q1465	Q70437358
Q1466	Q6028883
Q1467	Q5633421
Q1468	Q5097814
Q1469	Q6817451
Q1470	Q5260908
Q1471	Q131327
Q1472	Q16247425
Q1473	Q217602
Q1474	Q42240
Q1475	Q185698
Q1476	Q60749380
Q1477	Q3769299
Q1478	Q159535
Q1479	Q10567262
Q1480	Q179661
Q1481	Q3984210
Q1482	Q10729872
Q1483	Q2385804
Q1484	Q1785826
Q1485	Q157031
Q1486	Q3137424
Q1487	Q11974939
Q1488	Q6817473
Q1489	Q5390013
Q1490	Q49447
Q1491	Q71966963
Q1492	Q82821
Q1493	Q17097785
Q1494	Q110401282
Q1495	Q9174
Q1496	Q168796
Q1497	Q30109942
Q1498	Q380141
Q1499	Q205398
Q1500	Q1367216
Q1501	Q1666927
Q1502	Q185957
Q1503	Q13100823
Q1504	Q3332438
Q1505	Q211346
Q1506	Q108289406
Q1507	Q212980
Q1508	Q55633422
Q1509	Q16917
Q1510	Q2945513
Q1511	Q48998239
Q1512	Q3968640
Q1513	Q15009109
Q1514	Q66811410
Q1515	Q3922583
Q1516	Q39631
Q1517	Q3751111
Q1518	Q574552
Q1519	Q7144983
Q1520	Q1324077
Q1521	Q10871684
Q1522	Q926230
Q1523	Q87075524
Q1524	Q3269441
Q1525	Q21286738
Q1526	Q1606567
Q1527	Q18343843
Q1528	Q701216
Q1529	Q12830468
Q1530	Q2913901
Q1531	Q2976049
Q1532	Q76560
Q1533	Q55499636
Q1534	Q72941151
Q1535	Q3706669
Q1536	Q9168929
Q1537	Q83871
Q1538	Q56256173
Q1539	Q11497468
Q1540	Q152763
Q1541	Q183257
Q1542	Q838202
Q1543	Q928865
Q1544	Q20202269
Q1545	Q209642
Q1546	Q2527498
Q1547	Q1416259
Q1548	Q1326190
Q1549	Q31338769
Q1550	Q828879
Q1551	Q41630
Q1552	Q16262180
Q1553	Q1147152
Q1554	Q1760918
Q1555	Q1326691
Q1556	Q1208421
Q1557	Q17052593
Q1558	Q2115980
Q1559	Q1412160
Q1560	Q7448033
Q1561	Q2843407
Q1562	Q18419492
Q1563	Q955260
Q1564	Q23847174
Q1565	Q108458
Q1566	Q13693745
Q1567	Q341031
Q1568	Q60539481
Q1569	Q169872
Q1570	Q154430
Q1571	Q3500368
Q1572	Q12131
Q1573	Q844482
Q1574	Q4072473
Q1575	Q2438541
Q1576	Q10737
Q1577	Q16605260
Q1578	Q619610
Q1579	Q11497309
Q1580	Q2483208
Q1581	Q12002092
Q1582	Q31855
Q1583	Q1967405
Q1584	Q25004729
Q1585	Q1987782
Q1586	Q5404396
Q1587	Q6817453
Q1588	Q107584900
Q1589	Q7448114
Q1590	Q56354572
Q1591	Q2558684
Q1592	Q1786581
Q1593	Q15324
Q1594	Q43471
Q1595	Q828185
Q1596	Q69555977
Q1597	Q116441
Q1598	Q13389713
Q1599	Q107404505
Q1600	Q283
Q1601	Q3892696
Q1602	Q1780322
Q1603	Q2006324
Q1604	Q1058791
Q1605	Q3410369
Q1606	Q201658
Q1607	Q513896
Q1608	Q108939503
Q1609	Q115068942
Q1610	Q31087437
Q1611	Q742736
Q1612	Q4688879
Q1613	Q1632385
Q1614	Q30103
Q1615	Q264965
Q1616	Q5442771
Q1617	Q6555287
Q1618	Q200117
Q1619	Q1369260
Q1620	Q51399
Q1621	Q14565700
Q1622	Q736922
Q1623	Q3702971
Q1624	Q24017414
Q1625	Q8205328
Q1626	Q788790
Q1627	Q1412694
Q1628	Q184609
Q1629	Q201413
Q1630	Q7449052
Q1631	Q61694
Q1632	Q54871
Q1633	Q7095059
Q1634	Q99608496
Q1635	Q16354758
Q1636	Q826165
Q1637	Q595971
Q1638	Q1979154
Q1639	Q1151067
Q1640	Q386724
Q1641	Q3622126
Q1642	Q96116695
Q1643	Q59157859
Q1644	Q16686448
Q1645	Q59139053
Q1646	Q9081
Q1647	Q37866906
Q1648	Q15621286
Q1649	Q286583
Q1650	Q106559804
Q1651	Q211606
Q1652	Q2295992
Q1653	Q813912
Q1654	Q796194
Q1655	Q26256310
Q1656	Q11190
Q1657	Q930752
Q1658	Q483394
Q1659	Q113129019
Q1660	Q29051769
Q1661	Q14536140
Q1662	Q19710494
Q1663	Q2997362
Q1664	Q2314176
Q1665	Q9357054
Q1666	Q188638
Q1667	Q99860490
Q1668	Q98178108
Q1669	Q1507442
Q1670	Q1378573
Q1671	Q15548076
Q1672	Q830528
Q1673	Q866612
Q1674	Q23824436
Q1675	Q34493
Q1676	Q2338524
Q1677	Q15140942
Q1678	Q65037298
Q1679	Q1047213
Q1680	Q2835
Q1681	Q4903784
Q1682	Q77716235
Q1683	Q12355039
Q1684	Q2727213
Q1685	Q83267
Q1686	Q1392534
Q1687	Q3760344
Q1688	Q13397636
Q1689	Q1151556
Q1690	Q10611118
Q1691	Q7489559
Q1692	Q109733629
Q1693	Q1358919
Q1694	Q110598469
Q1695	Q26884324
Q1696	Q7112565
Q1697	Q7112601
Q1698	Q51974489
Q1699	Q1792379
Q1700	Q110169000
Q1701	Q19361238
Q1702	Q8242
Q1703	Q986539
Q1704	Q482
Q1705	Q7099402
Q1706	Q1097273
Q1707	Q19310814
Q1708	Q474090
Q1709	Q108368282
Q1710	Q37484
Q1711	Q8253
Q1712	Q7832362
Q1713	Q108465955
Q1714	Q44342
Q1715	Q36192
Q1716	Q559618
Q1718	Q9134
Q1719	Q5185279
Q1720	Q182659
Q1721	Q309
Q1722	Q4384751
Q1723	Q778407
Q1724	Q189349
Q1725	Q109598321
Q1726	Q4263830
Q1727	Q621993
Q1728	Q676
Q1729	Q1424020
Q1730	Q1333743
Q1731	Q2999042
Q1732	Q181001
Q1733	Q108329096
Q1734	Q747483
Q1735	Q173167
Q1736	Q919982
Q1737	Q23916
Q1738	Q1823737
Q1739	Q659563
Q1740	Q1143118
Q1741	Q6055843
Q1742	Q1196556
Q1743	Q7366
Q1744	Q758422
Q1745	Q114805151
Q1746	Q110220157
Q1747	Q1100591
Q1748	Q1550355
Q1749	Q1683305
Q1750	Q11267745
Q1751	Q89522629
Q1752	Q37707
Q1753	Q737148
Q1754	Q258331
Q1755	Q4797274
Q1756	Q862597
Q1757	Q107356781
Q1758	Q216860
Q1759	Q204698
Q1760	Q1437361
Q1761	Q182357
Q1762	Q1089547
Q1763	Q12119802
Q1764	Q178985
Q1765	Q107487333
Q1766	Q114586269
Q1767	Q685884
Q1768	Q2572794
Q1769	Q80056
Q1770	Q1194240
Q1771	Q20644555
Q1772	Q4481123
Q1773	Q1497854
Q1774	Q7321642
Q1775	Q919947
Q1776	Q2347737
Q1777	Q4387785
Q1778	Q36279
Q1779	Q17108519
Q1780	Q4184
Q1781	Q15706467
Q1782	Q20540385
Q1783	Q1066186
Q1784	Q27801
Q1785	Q2267856
Q1786	Q763835
Q1787	Q43013
Q1789	Q185598
Q1790	Q3752011
Q1791	Q35760
Q1792	Q17955
Q1793	Q109551317
Q1794	Q61788060
Q1795	Q58854
Q1796	Q112983
Q1797	Q7111944
Q1798	Q21255975
Q1799	Q7251376
Q1800	Q6498453
Q1801	Q1084059
Q1802	Q7578116
Q1803	Q3328821
Q1804	Q1072723
Q1805	Q838948
Q1806	Q1318295
Q1807	Q1004
Q1808	Q26971562
Q1809	Q20087698
Q1810	Q10901350
Q1811	Q8274
Q1812	Q108317211
Q1813	Q8261
Q1814	Q21802675
Q1815	Q319226
Q1816	Q2134778
Q1817	Q5151404
Q1818	Q5977103
Q1819	Q2561390
Q1820	Q836950
Q1821	Q35874
Q1822	Q47404700
Q1823	Q170539
Q1824	Q60548032
Q1825	Q128758
Q1826	Q5937792
Q1827	Q6585139
Q1828	Q186424
Q1829	Q1328330
Q1830	Q1494434
Q1831	Q208505
Q1832	Q4914883
Q1833	Q1983504
Q1834	Q109588548
Q1835	Q693
Q1836	Q17991521
Q1837	Q3306693
Q1838	Q699
Q1839	Q870452
Q1840	Q20667180
Q1841	Q10992055
Q1842	Q19715429
Q1843	Q192782
Q1844	Q5185614
Q1845	Q20076756
Q1846	Q276709
Q1847	Q1196408
Q1848	Q6038556
Q1849	Q111956902
Q1850	Q2608088
Q1851	Q12047519
Q1852	Q286328
Q1853	Q182015
Q1854	Q20656220
Q1855	Q590103
Q1856	Q19765983
Q1857	Q858330
Q1858	Q192239
Q1859	Q3440984
Q1860	Q11661562
Q1861	Q7308027
Q1862	Q7308029
Q1863	Q7135551
Q1864	Q1192185
Q1865	Q1417288
Q1866	Q24455797
Q1867	Q180494
Q1868	Q9326077
Q1869	Q224989
Q1870	Q132311
Q1871	Q38072107
Q1872	Q1057172
Q1873	Q24925
Q1874	Q1080374
Q1875	Q5484828
Q1876	Q919036
Q1877	Q223685
Q1878	Q1188977
Q1879	Q16575965
Q1880	Q193606
Q1881	Q105809369
Q1882	Q2448865
Q1883	Q4843694
Q1884	Q7980347
Q1885	Q1406161
Q1886	Q15062348
Q1887	Q174526
Q1888	Q725757
Q1889	Q468478
Q1890	Q7644030
Q1891	Q3440961
Q1892	Q3429239
Q1893	Q2593937
Q1894	Q2490520
Q1895	Q20664331
Q1896	Q580850
Q1897	Q21590660
Q1898	Q367591
Q1899	Q1051772
Q1900	Q1254773
Q1901	Q1798603
Q1902	Q57050725
Q1903	Q1365097
Q1904	Q8355
Q1905	Q80284
Q1906	Q8371
Q1907	Q80019
Q1908	Q173453
Q1909	Q181247
Q1910	Q55738599
Q1911	Q209554
Q1912	Q42889517
Q1913	Q8377
Q1914	Q185626
Q1915	Q217306
Q1916	Q55738872
Q1917	Q8343
Q1918	Q55738874
Q1919	Q9798
Q1920	Q55738860
Q1921	Q159998
Q1922	Q26836418
Q1923	Q53424891
Q1924	Q175234
Q1925	Q180744
Q1926	Q55738940
Q1927	Q163759
Q1928	Q8338
Q1929	Q55738923
Q1930	Q8350
Q1931	Q202027
Q1932	Q131168
Q1933	Q34379
Q1934	Q133163
Q1935	Q55723166
Q1936	Q7198871
Q1937	Q189737
Q1938	Q11404
Q1939	Q55723221
Q1940	Q208421
Q1941	Q211028
Q1942	Q55720626
Q1943	Q190172
Q1944	Q55721718
Q1945	Q201735
Q1946	Q212892
Q1947	Q55723469
Q1948	Q193666
Q1949	Q42998
Q1950	Q6398233
Q1951	Q3152898
Q1952	Q52954
Q1953	Q4951628
Q1954	Q5994
Q1955	Q230262
Q1956	Q81982
Q1957	Q55721723
Q1958	Q320341
Q1959	Q8033605
Q1960	Q239582
Q1961	Q16824192
Q1962	Q7167191
Q1963	Q11072804
Q1964	Q105756498
Q1965	Q2997126
Q1966	Q11405
Q1967	Q1760274
Q1968	Q55738665
Q1969	Q187851
Q1970	Q55738903
Q1971	Q1757829
Q1972	Q1126540
Q1973	Q16951760
Q1974	Q1662735
Q1975	Q1444
Q1976	Q55738684
Q1977	Q55738864
Q1978	Q11712894
Q1979	Q281460
Q1980	Q40125
Q1981	Q667047
Q1982	Q65516030
Q1983	Q840920
Q1984	Q16875637
Q1985	Q83509
Q1986	Q7563204
Q1987	Q810515
Q1988	Q83513
Q1989	Q1829398
Q1990	Q13194854
Q1991	Q55738917
Q1992	Q742168
Q1993	Q659216
Q1994	Q200823
Q1995	Q3891158
Q1996	Q1165766
Q1997	Q626035
Q1998	Q185041
Q1999	Q808215
Q2000	Q98183018
Q2001	Q1366388
Q2002	Q8345
Q2003	Q2731509
Q2004	Q25043174
Q2005	Q2568945
Q2006	Q55738926
Q2007	Q55738931
Q2008	Q902984
Q2009	Q495529
Q2010	Q165666
Q2011	Q55721727
Q2012	Q178812
Q2013	Q19588495
Q2014	Q47369
Q2015	Q496327
Q2016	Q267228
Q2017	Q56146933
Q2018	Q55738916
Q2019	Q55738924
Q2020	Q12639
Q2021	Q5280486
Q2022	Q19462049
Q2023	Q30038792
Q2024	Q55721724
Q2025	Q19588483
Q2026	Q5280487
Q2027	Q1283177
Q2028	Q55723465
Q2029	Q42896320
Q2030	Q3152896
Q2031	Q478634
Q2032	Q2152657
Q2033	Q55738660
Q2034	Q55738862
Q2035	Q55738661
Q2036	Q55738662
Q2037	Q19589361
Q2038	Q98329515
Q2039	Q19589438
Q2040	Q65177586
Q2041	Q50829016
Q2042	Q55724736
Q2043	Q55724742
Q2044	Q192096
Q2045	Q11351992
Q2046	Q110295396
Q2047	Q55738828
Q2048	Q1808578
Q2049	Q55724840
Q2050	Q30038759
Q2051	Q55724833
Q2052	Q55738869
Q2053	Q55738870
Q2054	Q55724836
Q2055	Q55721717
Q2056	Q1606685
Q2057	Q55738902
Q2058	Q55738528
Q2059	Q55738595
Q2060	Q55738597
Q2061	Q55738928
Q2062	Q128309
Q2063	Q1555833
Q2064	Q5199281
Q2065	Q55723210
Q2066	Q55723216
Q2067	Q55721721
Q2072	Q840343
Q2075	Q2446216
Q2128	Q327742
Q2188	Q206864
Q2198	Q1501
Q2257	Q1154385
Q2259	Q245249
Q2596	Q1288568
Q2602	Q3592582
Q2603	Q133182
Q2604	Q60031086
Q2605	Q483677
Q2606	Q34362
Q2607	Q3404929
Q2608	Q2139206
Q2609	Q66666236
Q2610	Q6606304
Q2611	Q16000139
Q2612	Q98930503
Q2613	Q1460138
Q2614	Q4645995
Q2615	Q1135397
Q2616	Q2491679
Q2617	Q2068914
Q2618	Q2476465
Q2619	Q2266871
Q2620	Q109875849
Q2621	Q740253
Q2622	Q724950
Q2623	Q1994733
Q2624	Q188518
Q2625	Q2022515
Q2626	Q2577364
Q2627	Q1571080
Q2628	Q6806473
Q2629	Q5449691
Q2630	Q6664828
Q2631	Q2747160
Q2632	Q25261
Q2633	Q52139
Q2634	Q375585
Q2635	Q5410500
Q2636	Q3627640
Q2637	Q80071
Q2638	Q1791627
Q2639	Q40540
Q2640	Q1795024
Q2641	Q32067
Q2642	Q164016
Q2643	Q129214
Q2644	Q161701
Q2645	Q159816
Q2646	Q134061
Q2647	Q134394
Q2648	Q134398
Q2649	Q2194186
Q2650	Q164272
Q2651	Q162119
Q2652	Q1254190
Q2653	Q3241972
Q2654	Q3174349
Q2655	Q645745
Q2656	Q28043612
Q2657	Q11426
Q2658	Q3478925
Q2659	Q12554
Q2660	Q212976
Q2661	Q2198855
Q2662	Q12539
Q2663	Q14632398
Q2664	Q475023
Q2665	Q333
Q2666	Q110402867
Q2667	Q35120
Q2668	Q483247
Q2669	Q28954762
Q2670	Q1920219
Q2671	Q7254446
Q2672	Q13579947
Q2673	Q6136054
Q2674	Q12897867
Q2675	Q106249934
Q2676	Q1043197
Q2677	Q8087
Q2678	Q390248
Q2679	Q12827256
Q2680	Q215304
Q2681	Q15974976
Q2682	Q25967482
Q2683	Q2064156
Q2684	Q211548
Q2685	Q4751134
Q2686	Q40112
Q2687	Q1155211
Q2688	Q22808481
Q2689	Q1192156
Q2690	Q204352
Q2691	Q5532410
Q2692	Q124255
Q2693	Q1541599
Q2694	Q2088417
Q2695	Q12507
Q2696	Q238231
Q2697	Q207961
Q2698	Q17278
Q2699	Q3024240
Q2700	Q3502482
Q2701	Q1292119
Q2702	Q28171280
Q2703	Q47690
Q2704	Q901
Q2705	Q11063
Q2706	Q12328016
Q2707	Q12797895
Q2708	Q155647
Q2709	Q1792644
Q2710	Q1620908
Q2711	Q7794
Q2712	Q11772
Q2713	Q42458
Q2714	Q131671
Q2715	Q80612
Q2716	Q316334
Q2717	Q185150
Q2718	Q34943
Q2719	Q15354235
Q2720	Q140188
Q2721	Q3914
Q2722	Q839954
Q2723	Q193093
Q2724	Q12765852
Q2725	Q3345153
Q2726	Q284994
Q2727	Q48235
Q2728	Q297420
Q2729	Q1790144
Q2730	Q10862179
Q2731	Q961202
Q2732	Q2643488
Q2733	Q6375140
Q2734	Q665934
Q2735	Q8352241
Q2736	Q166876
Q2737	Q17522177
Q2738	Q37388
Q2739	Q2915955
Q2740	Q162145
Q2741	Q6957341
Q2742	Q81639
Q2743	Q1651597
Q2744	Q1068640
Q2745	Q188213
Q2746	Q9089
Q2747	Q2066873
Q2748	Q751997
Q2749	Q255849
Q2750	Q7991
Q2751	Q413
Q2752	Q36906466
Q2753	Q3327819
Q2754	Q1
Q2755	Q496946
Q2756	Q12132
Q2757	Q120200
Q2758	Q146657
Q2759	Q17285
Q2760	Q79852
Q2761	Q46857
Q2762	Q56000
Q2763	Q7673893
Q2764	Q1076131
Q2765	Q816264
Q2766	Q45996
Q2767	Q3695082
Q2768	Q11795009
Q2769	Q2001982
Q2770	Q1190554
Q2771	Q3318059
Q2772	Q64831112
Q2773	Q2326055
Q2774	Q11452
Q2775	Q858624
Q2776	Q323
Q2777	Q41532
Q2778	Q332102
Q2779	Q21071527
Q2780	Q80837
Q2781	Q2166096
Q2782	Q35277
Q2783	Q1379405
Q2784	Q378078
Q2785	Q56043481
Q2786	Q190995
Q2787	Q1425625
Q2788	Q945425
Q2789	Q935
Q2790	Q36620
Q2791	Q8963
Q2792	Q307
Q2793	Q12453
Q2794	Q186398
Q2795	Q205961
Q2796	Q102066
Q2797	Q201486
Q2798	Q61257298
Q2799	Q50056
Q2800	Q171341
Q2801	Q2723546
Q2802	Q7315155
Q2803	Q7765307
Q2813	Q11061286
Q2814	Q29017603
Q2815	Q68199003
Q2816	Q103191
Q2817	Q27043950
Q2818	Q2625603
Q2819	Q16334298
Q2820	Q2382443
Q2821	Q11379
Q2822	Q2095
Q2823	Q629
Q2824	Q83323
Q2825	Q7239
Q2826	Q1751850
Q2827	Q196538
Q2828	Q1057
Q2829	Q426799
Q2830	Q8054
Q2831	Q5381540
Q2832	Q3454362
Q2833	Q84467700
Q2834	Q8047
Q2835	Q174211
Q2836	Q531507
Q2837	Q181394
Q2838	Q56256086
Q2840	Q420168
Q2841	Q50430050
Q2842	Q66560214
Q2843	Q11364
Q2844	Q16681739
Q2845	Q19829125
Q2846	Q190258
Q2847	Q11173
Q2848	Q113681859
Q2849	Q103135
Q2850	Q14902498
Q2851	Q14904766
Q2852	Q14820652
Q2853	Q14863690
Q2854	Q14902497
Q2855	Q22272594
Q2856	Q14820677
Q2857	Q22272199
Q2858	Q11723014
Q2859	Q50690
Q2860	Q188460
Q2861	Q50430025
Q2862	Q8063
Q2863	Q79529
Q2864	Q11438
Q2865	Q12037703
Q2866	Q7946
Q2867	Q215210
Q2868	Q39833
Q2869	Q10876
Q2870	Q170065
Q2871	Q101274
Q2872	Q14819856
Q2873	Q170430
Q2874	Q44595
Q2875	Q192935
Q2876	Q6501235
Q2877	Q3955369
Q2878	Q1931388
Q2879	Q165947
Q2880	Q2643145
Q2881	Q2995529
Q2882	Q113657383
Q2883	Q12117
Q2884	Q12106
Q2885	Q736427
Q2886	Q506139
Q2887	Q25403900
Q2888	Q502895
Q2889	Q7493597
Q2890	Q235352
Q2891	Q473666
Q2892	Q5090
Q2893	Q4498085
Q2894	Q5004791
Q2895	Q19861951
Q2896	Q7802
Q2897	Q40050
Q2898	Q185217
Q2899	Q1058795
Q2900	Q187634
Q2901	Q12334861
Q2902	Q8495
Q2903	Q1064904
Q2904	Q1441305
Q2905	Q31836626
Q2906	Q166019
Q2907	Q19563
Q2908	Q9121
Q2909	Q706
Q2910	Q19753345
Q2911	Q19600
Q2912	Q207712
Q2913	Q106693
Q2914	Q623
Q2915	Q1890194
Q2916	Q4138763
Q2917	Q184084
Q2918	Q244982
Q2919	Q1103
Q2920	Q1797813
Q2921	Q178559
Q2922	Q213907
Q2923	Q780
Q2924	Q39275
Q2925	Q55511472
Q2926	Q64995341
Q2927	Q6709746
Q2928	Q21122602
Q2929	Q22313197
Q2930	Q14916233
Q2931	Q22274800
Q2932	Q21117708
Q2933	Q21119652
Q2934	Q112997699
Q2935	Q21104714
Q2936	Q21109142
Q2937	Q21106411
Q2938	Q190901
Q2939	Q18553736
Q2940	Q929833
Q2941	Q183392
Q2942	Q14874296
Q2943	Q14907166
Q2944	Q14599705
Q2945	Q14599717
Q2946	Q14599721
Q2947	Q14599725
Q2948	Q175621
Q2949	Q21110614
Q2950	Q21159195
Q2951	Q21095693
Q2952	Q14819254
Q2953	Q21109917
Q2954	Q141180
Q2955	Q909712
Q2956	Q185870
Q2957	Q753
Q2958	Q723127
Q2959	Q202224
Q2960	Q677
Q2961	Q186752
Q2962	Q187661
Q2963	Q208107
Q2964	Q740
Q2965	Q169336
Q2966	Q127980
Q2967	Q9026596
Q2968	Q2976560
Q2969	Q12110334
Q2970	Q863908
Q2971	Q50365914
Q2972	Q3511065
Q2973	Q37748
Q2974	Q7020
Q2975	Q1501261
Q2976	Q7187
Q2977	Q5533517
Q2978	Q104053
Q2979	Q1963588
Q2980	Q246147
Q2981	Q102186671
Q2982	Q5445
Q2983	Q18555060
Q2984	Q184559
Q2985	Q12252367
Q2986	Q18556224
Q2987	Q12206
Q2988	Q16956975
Q2989	Q12174
Q2990	Q1361144
Q2991	Q55787334
Q2992	Q44702685
Q2993	Q194435
Q2994	Q6673122
Q2995	Q165135
Q2996	Q373822
Q2997	Q653267
Q2998	Q180913
Q2999	Q131749
Q3000	Q844590
Q3001	Q746426
Q3002	Q103812529
Q3003	Q9649
Q3004	Q9639
Q3005	Q66545296
Q3006	Q11090
Q3007	Q917447
Q3008	Q42303753
Q3009	Q1472
Q3010	Q83364
Q3011	Q30046560
Q3012	Q181138
Q3013	Q27908772
Q3014	Q27918613
Q3015	Q1727434
Q3016	Q11870297
Q3017	Q4287
Q3018	Q4928711
Q3019	Q5141254
Q3020	Q26868224
Q3021	Q26868628
Q3022	Q654493
Q3023	Q13317
Q3024	Q4941552
Q3025	Q1367706
Q3026	Q18553741
Q3027	Q165328
Q3028	Q18555006
Q3029	Q133772
Q3030	Q7868
Q3031	Q808
Q3032	Q193946
Q3033	Q5532884
Q3034	Q80756
Q3035	Q193395
Q3036	Q145909
Q3037	Q131790
Q3038	Q2249305
Q3039	Q25323983
Q3040	Q10658708
Q3041	Q188251
Q3042	Q6804646
Q3043	Q1660197
Q3044	Q274160
Q3045	Q246181
Q3046	Q52193405
Q3047	Q256699
Q3048	Q17141320
Q3049	Q188193
Q3050	Q30336093
Q3051	Q104027169
Q3052	Q1059
Q3053	Q2576499
Q3054	Q842811
Q3055	Q8027727
Q3056	Q3232953
Q3057	Q3140895
Q3058	Q5690836
Q3059	Q3332645
Q3060	Q474191
Q3061	Q351792
Q3062	Q72638
Q3063	Q420
Q3064	Q336
Q3065	Q28598684
Q3066	Q7162
Q3067	Q28728771
Q3068	Q10693
Q3069	Q17339814
Q3075	Q11068
Q3076	Q2138622
Q3077	Q2057971
Q3078	Q567555
Q3079	Q1194058
Q3080	Q39950
Q3081	Q748
Q3082	Q9232
Q3083	Q9316
Q3084	Q7348
Q3085	Q15619164
Q3086	Q28855038
Q3087	Q4271324
Q3088	Q178885
Q3089	Q3451071
Q3090	Q9595
Q3091	Q979507
Q3092	Q11389
Q3093	Q190
Q3094	Q13002315
Q3095	Q11378
Q3096	Q11380
Q3097	Q19896979
Q3098	Q2176651
Q3099	Q42891
Q3100	Q7055
Q3101	Q53001749
Q3102	Q1321432
Q3103	Q4790595
Q3104	Q19842652
Q3105	Q2914617
Q3106	Q203249
Q3107	Q5620325
Q3108	Q1916821
Q3109	Q842697
Q3110	Q41863069
Q3111	Q4394419
Q3112	Q65122124
Q3113	Q128335
Q3114	Q79335000
Q3115	Q394867
Q3116	Q494511
Q3117	Q67200784
Q3118	Q382973
Q3119	Q55607025
Q3120	Q26701417
Q3121	Q7403492
Q3122	Q160213
Q3123	Q1318257
Q3124	Q45584
Q3125	Q234953
Q3126	Q181510
Q3127	Q849345
Q3128	Q123480
Q3129	Q3624078
Q3130	Q82794
Q3131	Q6256
Q3132	Q771405
Q3133	Q837
Q3134	Q299924
Q3135	Q7785
Q3136	Q145700
Q3137	Q83201
Q3138	Q223832
Q3139	Q7270
Q3140	Q1520223
Q3141	Q5255892
Q3142	Q512187
Q3143	Q668
Q3144	Q465613
Q3145	Q9610
Q3146	Q902
Q3147	Q1951661
Q3148	Q833
Q3149	Q6455021
Q3150	Q4478
Q3151	Q183314
Q3152	Q200130
Q3153	Q37211
Q3154	Q163239
Q3155	Q843
Q3156	Q134293
Q3157	Q4198907
Q3158	Q112099
Q3159	Q13107770
Q3160	Q2656389
Q3161	Q27407
Q3162	Q1027
Q3163	Q889
Q3164	Q417175
Q3165	Q1309121
Q3166	Q917
Q3167	Q836
Q3168	Q41614
Q3169	Q1250464
Q3170	Q424
Q3171	Q49892
Q3172	Q99541706
Q3173	Q865479
Q3174	Q11708
Q3175	Q60140
Q3176	Q252
Q3177	Q854
Q3178	Q179164
Q3179	Q66458647
Q3180	Q712
Q3181	Q869
Q3182	Q3622002
Q3183	Q160381
Q3184	Q23442
Q3185	Q138396
Q3186	Q994929
Q3187	Q842438
Q3188	Q38272
Q3189	Q23666
Q3190	Q127912
Q3191	Q49
Q3192	Q828
Q3193	Q1489259
Q3194	Q113489728
Q3195	Q113393649
Q3196	Q30
Q3197	Q12585
Q3198	Q27611
Q3199	Q653884
Q3200	Q18479603
Q3201	Q804
Q3202	Q128323
Q3203	Q185111
Q3204	Q93259
Q3205	Q664609
Q3206	Q754
Q3207	Q205985
Q3208	Q1076022
Q3209	Q132127
Q3210	Q34394
Q3211	Q620805
Q3212	Q2728698
Q3213	Q4818719
Q3214	Q620629
Q3215	Q110401222
Q3216	Q9163
Q3217	Q728455
Q3218	Q12558574
Q3219	Q5303685
Q3220	Q13649246
Q3221	Q4392985
Q3222	Q288928
Q3223	Q58721
Q3224	Q7066
Q3225	Q746990
Q3226	Q9159
Q3227	Q7432536
Q3228	Q507662
Q3229	Q2348383
Q3230	Q46802
Q3231	Q1135778
Q3232	Q847416
Q3233	Q2512051
Q3234	Q376022
Q3235	Q2270606
Q3236	Q6864036
Q3237	Q59544
Q3238	Q9350
Q3239	Q1387659
Q3240	Q164828
Q3241	Q1826286
Q3242	Q847918
Q3243	Q595650
Q3244	Q651387
Q3245	Q179461
Q3246	Q1194040
Q3247	Q1295240
Q3248	Q47148
Q3249	Q1053936
Q3250	Q2514663
Q3251	Q823671
Q3252	Q265461
Q3253	Q6113985
Q3254	Q63203971
Q3255	Q727413
Q3256	Q47142
Q3257	Q236226
Q3258	Q236092
Q3259	Q188008
Q3260	Q2056816
Q3261	Q754424
Q3262	Q1932565
Q3263	Q9530
Q3264	Q30892994
Q3265	Q621636
Q3267	Q28793117
Q3268	Q779939
Q3270	Q62102795
Q3271	Q3326454
Q3273	Q29902221
Q3277	Q50380212
Q3281	Q768186
Q3282	Q2703864
Q3283	Q1744559
Q3284	Q58955516
Q3285	Q16889133
Q3286	Q19478619
Q3287	Q21146257
Q3288	Q1723432
Q3289	Q2583685
Q3290	Q15401930
Q3292	Q161928
Q3293	Q852784
Q3295	Q37501
Q3297	Q17163284
Q3298	Q28886448
Q3299	Q18536132
Q3300	Q618779
Q3301	Q107467117
Q3303	Q50995749
Q3304	Q1781513
Q3305	Q41583
Q3306	Q216200
Q3308	Q5257307
Q3310	Q21467672
Q3311	Q106170525
Q3312	Q624482
Q3313	Q30013662
Q3314	Q16510064
Q3315	Q61685689
Q3316	Q106635272
Q3317	Q1366722
Q3318	Q7315624
Q3319	Q6500260
Q3320	Q12769393
Q3321	Q13627024
Q3322	Q15989253
Q3323	Q20203388
Q3324	Q17525443
Q3325	Q529711
Q3326	Q162991
Q3327	Q17210512
Q3328	Q2150504
Q3329	Q2736
Q3330	Q8418
Q3331	Q1455
Q3332	Q1734
Q3333	Q568434
Q3334	Q1259123
Q3335	Q930194
Q3336	Q1543471
Q3337	Q11997597
Q3338	Q994779
Q3339	Q355145
Q3341	Q42622779
Q3343	Q13406554
Q3346	Q56884382
Q3347	Q327065
Q3348	Q76419950
Q3349	Q614379
Q3350	Q2549582
Q3351	Q374814
Q3352	Q65938634
Q3353	Q705899
Q3354	Q45025415
Q3355	Q29863201
Q3356	Q4897819
Q3357	Q56512863
Q3358	Q22936940
Q3359	Q2627975
Q3360	Q27968055
Q3361	Q841654
Q3362	Q4504495
Q3363	Q66242135
Q3364	Q18560095
Q3365	Q38033430
Q3367	Q526719
Q3369	Q2135465
Q3370	Q186361
Q3371	Q32098
Q3372	Q17334923
Q3373	Q496537
Q3375	Q472287
Q3376	Q1146120
Q3377	Q3242199
Q3379	Q19833559
Q3381	Q79782
Q3382	Q13442814
Q3383	Q36657981
Q3385	Q3306516
Q3386	Q11696608
Q3388	Q13389522
Q3389	Q4365277
Q3390	Q1137203
Q3393	Q1183543
Q3394	Q877977
Q3395	Q247299
Q3396	Q964912
Q3397	Q1464545
Q3398	Q1058733
Q3399	Q66098993
Q3400	Q42948
Q3401	Q30444261
Q3402	Q22672702
Q3403	Q11812678
Q3404	Q15331
Q3405	Q4576564
Q3406	Q66310125
Q3407	Q200266
Q3409	Q107640409
Q3410	Q2084454
Q3411	Q12803959
Q3412	Q4009406
Q3414	Q7657843
Q3415	Q7657819
Q3416	Q7657849
Q3417	Q7657825
Q3418	Q11753321
Q3419	Q20083827
Q3420	Q11266439
Q3421	Q20361156
Q3422	Q7657845
Q3423	Q7657821
Q3424	Q7657851
Q3425	Q7657829
Q3426	Q7657848
Q3427	Q7657823
Q3428	Q7657864
Q3429	Q7657840
Q3430	Q7657867
Q3431	Q4364238
Q3432	Q7657411
Q3433	Q84491920
Q3434	Q56295508
Q3435	Q60520092
Q3436	Q7657854
Q3438	Q10415567
Q3439	Q230061
Q3443	Q7657866
Q3444	Q7657841
Q3445	Q47574
Q3446	Q7435308
Q3447	Q12139612
Q3448	Q6504956
Q3450	Q21013863
Q3451	Q13381753
Q3452	Q55721729
Q3453	Q200334
Q3454	Q505174
Q3455	Q864897
Q3456	Q28089258
Q3457	Q18635383
Q3458	Q193735
Q3459	Q18536594
Q3460	Q26237636
Q3461	Q1198508
Q3462	Q25991454
Q3463	Q916930
Q3464	Q204844
Q3465	Q1067772
Q3466	Q240257
Q3467	Q7657863
Q3468	Q1978718
Q3469	Q77733378
Q3470	Q4558786
Q3474	Q688615
Q3475	Q51036091
Q3476	Q2122052
Q3477	Q3499911
Q3478	Q220886
Q3479	Q1193966
Q3480	Q3879562
Q3481	Q39080758
Q3482	Q64513987
Q3483	Q7657853
Q3484	Q7657827
Q3485	Q60520093
Q3486	Q20648100
Q3487	Q38183514
Q3488	Q1289489
Q3490	Q5164840
Q3491	Q5409930
Q3492	Q2874419
Q3493	Q2151613
Q3494	Q1962728
Q3495	Q12142910
Q3496	Q170475
Q3498	Q165848
Q3499	Q185411
Q3500	Q16103215
Q3501	Q1229765
Q3502	Q41321608
Q3504	Q4456944
Q3505	Q35145263
Q3506	Q9430
Q3507	Q165
Q3508	Q129558
Q3509	Q7321258
Q3510	Q30026
Q3512	Q2009590
Q3513	Q1293220
Q3514	Q6497624
Q3515	Q55135234
Q3517	Q83620
Q3518	Q1777138
Q3519	Q1322323
Q3520	Q7658025
Q3521	Q15975327
Q3522	Q16851286
Q3523	Q4597995
Q3524	Q4598000
Q3525	Q17462502
Q3526	Q4597998
Q3527	Q4597996
Q3528	Q6765918
Q3530	Q133250
Q3531	Q567303
Q3532	Q84272667
Q3533	Q7572593
Q3534	Q11269
Q3536	Q1229261
Q3537	Q976745
Q3538	Q847803
Q3539	Q10681470
Q3540	Q1048067
Q3541	Q167270
Q3542	Q2519914
Q3543	Q185120
Q3544	Q27949697
Q3545	Q106580797
Q3547	Q12812139
Q3548	Q55979391
Q3550	Q23885391
Q3551	Q4439155
Q3552	Q43183
Q3553	Q15809678
Q3555	Q1371819
Q3557	Q1465133
Q3558	Q876776
Q3559	Q1663054
Q3560	Q25394518
Q3561	Q3176479
Q3563	Q54928607
Q3565	Q17550579
Q3567	Q189970
Q3568	Q64825398
Q3569	Q1430466
Q3570	Q2493211
Q3571	Q7551287
Q3572	Q1759104
Q3573	Q14250007
Q3574	Q238053
Q3575	Q7128792
Q3576	Q11417
Q3577	Q61022630
Q3578	Q1815901
Q3579	Q31087
Q3580	Q4321
Q3581	Q11653
Q3582	Q110829085
Q3583	Q80831
Q3584	Q81163
Q3585	Q6714735
Q3587	Q2994387
Q3588	Q1072363
Q3589	Q11488158
Q3590	Q5096837
Q3591	Q748349
Q3592	Q82571
Q3593	Q188444
Q3594	Q24034552
Q3595	Q1052451
Q3596	Q327055
Q3599	Q55738663
Q3600	Q204917
Q3601	Q62059481
Q3602	Q161973
Q3603	Q193139
Q3605	Q1601114
Q3606	Q8502118
Q3767	Q43213808
Q3768	Q9128
Q3769	Q1075
Q3770	Q166902
Q3771	Q56053097
Q3772	Q376346
Q3773	Q943
Q3774	Q10834659
Q3775	Q375677
Q3776	Q1088
Q3777	Q3133
Q3778	Q3142
Q3779	Q11567360
Q3780	Q23444
Q3781	Q56053556
Q3782	Q40890790
Q3783	Q23445
Q3784	Q13191
Q3785	Q39338
Q3786	Q42519
Q3787	Q47071
Q3788	Q19847189
Q3789	Q75737
Q3790	Q646964
Q3791	Q180778
Q3792	Q376431
Q3793	Q161179
Q3794	Q194191
Q3795	Q7460348
Q3796	Q19847194
Q3797	Q897
Q3798	Q208045
Q3799	Q44789
Q3800	Q218218
Q3801	Q105368
Q3802	Q244822
Q3803	Q7460342
Q3804	Q253181
Q3805	Q429220
Q3806	Q7460345
Q3807	Q303826
Q3808	Q3958716
Q3809	Q310115
Q3810	Q313120
Q3811	Q7915816
Q3812	Q2836665
Q3813	Q372669
Q3814	Q58959
Q3815	Q3858954
Q3816	Q372973
Q3817	Q216798
Q3818	Q108212
Q3819	Q373058
Q3820	Q527
Q3821	Q373160
Q3822	Q373173
Q3823	Q373586
Q3824	Q373658
Q3825	Q373787
Q3826	Q425278
Q3827	Q3257809
Q3828	Q374445
Q3829	Q428124
Q3830	Q34687
Q3831	Q102231
Q3832	Q506
Q3833	Q454847
Q3834	Q492192
Q3835	Q492305
Q3836	Q11889069
Q3837	Q498423
Q3838	Q513479
Q3839	Q533047
Q3840	Q534583
Q3841	Q536284
Q3842	Q419170
Q3843	Q184197
Q3844	Q543923
Q3845	Q147325
Q3846	Q604079
Q3847	Q1226021
Q3848	Q612837
Q3849	Q2773
Q3850	Q628657
Q3851	Q19847180
Q3852	Q650770
Q3853	Q25381
Q3854	Q679355
Q3855	Q723995
Q3856	Q737438
Q3857	Q286026
Q3858	Q174219
Q3859	Q767608
Q3860	Q1016093
Q3861	Q17079449
Q3862	Q797446
Q3863	Q7460350
Q3864	Q843607
Q3865	Q846504
Q3866	Q1621080
Q3867	Q7460340
Q3868	Q864152
Q3869	Q899295
Q3870	Q2751
Q3871	Q899318
Q3872	Q901499
Q3873	Q37756
Q3874	Q901715
Q3875	Q901731
Q3876	Q21864306
Q3877	Q13195
Q3878	Q906936
Q3879	Q63400180
Q3880	Q37933789
Q3881	Q909115
Q3882	Q110396474
Q3883	Q919991
Q3884	Q947638
Q3885	Q1066858
Q3886	Q950159
Q3887	Q953243
Q3888	Q239788
Q3889	Q958012
Q3890	Q958363
Q3891	Q972729
Q3892	Q987293
Q3893	Q1003676
Q3894	Q25700
Q3895	Q1078214
Q3896	Q1091453
Q3897	Q47859
Q3898	Q1115352
Q3899	Q779839
Q3900	Q1153119
Q3901	Q1168275
Q3902	Q131748
Q3903	Q1169566
Q3904	Q273296
Q3905	Q1171945
Q3906	Q3733836
Q3907	Q1324818
Q3908	Q82001
Q3909	Q1358981
Q3910	Q1402679
Q3911	Q1402829
Q3912	Q7540
Q3913	Q12533094
Q3914	Q7460344
Q3915	Q1403218
Q3916	Q1406264
Q3917	Q1406286
Q3918	Q1409234
Q3919	Q207079
Q3920	Q1411452
Q3921	Q1426821
Q3922	Q1520693
Q3923	Q1552133
Q3924	Q365
Q3925	Q12280
Q3926	Q1585372
Q3927	Q1627085
Q3928	Q17100652
Q3929	Q1632621
Q3930	Q1670336
Q3931	Q1747509
Q3932	Q1770362
Q3933	Q25308
Q3934	Q1925148
Q3935	Q1970335
Q3936	Q2002932
Q3937	Q2013559
Q3938	Q2796766
Q3939	Q2015138
Q3940	Q2021643
Q3941	Q129324
Q3942	Q2040833
Q3943	Q14564445
Q3944	Q2085487
Q3945	Q2138972
Q3946	Q2145530
Q3947	Q9440
Q3948	Q2028
Q3949	Q2266769
Q3950	Q2268159
Q3951	Q2285791
Q3952	Q2293227
Q3953	Q2294901
Q3954	Q127583
Q3955	Q2294908
Q3956	Q2296108
Q3957	Q104327148
Q3958	Q599416
Q3959	Q2303165
Q3960	Q3189180
Q3961	Q2307593
Q3962	Q196
Q3963	Q2334511
Q3964	Q171446
Q3965	Q2411228
Q3966	Q43513
Q3967	Q2465494
Q3968	Q17118741
Q3969	Q171892
Q3970	Q2468392
Q3971	Q2478619
Q3972	Q2478760
Q3973	Q2487355
Q3974	Q2510690
Q3975	Q2541418
Q3976	Q2545722
Q3977	Q2553431
Q3978	Q165308
Q3979	Q2564184
Q3980	Q115707044
Q3981	Q2591774
Q3982	Q220925
Q3983	Q2617229
Q3984	Q79058
Q3985	Q2631989
Q3986	Q2701939
Q3987	Q1093742
Q3988	Q2720565
Q3989	Q2722041
Q3990	Q25434
Q3991	Q2725283
Q3992	Q13228
Q3993	Q2048003
Q3994	Q2730433
Q3995	Q34095
Q3996	Q2778382
Q3997	Q2836489
Q3998	Q2842346
Q3999	Q182458
Q4000	Q2853007
Q4001	Q2866788
Q4002	Q2904578
Q4003	Q866640
Q4004	Q2904722
Q4005	Q2905897
Q4006	Q2906455
Q4007	Q2906465
Q4008	Q130768
Q4009	Q2906500
Q4010	Q2906503
Q4011	Q2906505
Q4012	Q2906506
Q4013	Q39558
Q4014	Q2906519
Q4015	Q40089
Q4016	Q2925617
Q4017	Q2929220
Q4018	Q2932471
Q4019	Q2046743
Q4020	Q2932537
Q4021	Q2932937
Q4022	Q28165
Q4023	Q2936397
Q4024	Q183440
Q4025	Q2937858
Q4026	Q2974481
Q4027	Q130201
Q4028	Q2996915
Q4029	Q3007035
Q4030	Q282
Q4031	Q162441
Q4032	Q3014419
Q4033	Q3058453
Q4034	Q14458220
Q4035	Q3080396
Q4036	Q13179
Q4037	Q3080423
Q4038	Q12372598
Q4039	Q3108722
Q4040	Q1136498
Q4041	Q3116435
Q4042	Q3116788
Q4043	Q1426327
Q4044	Q3116792
Q4045	Q3116794
Q4046	Q146661
Q4047	Q3117006
Q4048	Q3149822
Q4049	Q3160411
Q4050	Q681430
Q4051	Q3276756
Q4052	Q3305070
Q4053	Q3306072
Q4054	Q3309916
Q4055	Q3358660
Q4056	Q3365600
Q4057	Q36071
Q4058	Q3389253
Q4059	Q3443194
Q4060	Q3443208
Q4061	Q3445504
Q4062	Q43088
Q4063	Q3446513
Q4064	Q876459
Q4065	Q3491936
Q4066	Q60424
Q4067	Q3518540
Q4068	Q3535555
Q4069	Q3554596
Q4070	Q3556203
Q4071	Q3556204
Q4072	Q3556223
Q4073	Q25350
Q4074	Q3556225
Q4075	Q3556227
Q4076	Q1091
Q4077	Q3621275
Q4078	Q3621276
Q4079	Q5960345
Q4080	Q3631631
Q4081	Q3639443
Q4082	Q3639460
Q4083	Q68090929
Q4084	Q3639461
Q4085	Q3641120
Q4086	Q61865
Q4087	Q3641130
Q4088	Q3641131
Q4089	Q81
Q4090	Q3660634
Q4091	Q3705434
Q4092	Q3738728
Q4093	Q3746538
Q4094	Q3757283
Q4095	Q3762369
Q4096	Q3762375
Q4097	Q3762379
Q4098	Q3776734
Q4099	Q3776736
Q4100	Q3776737
Q4101	Q25618328
Q4102	Q3843568
Q4103	Q190024
Q4104	Q3844391
Q4105	Q3849855
Q4106	Q97380911
Q4107	Q6122027
Q4108	Q3886119
Q4109	Q3894699
Q4110	Q13099586
Q4111	Q3899621
Q4112	Q13202263
Q4113	Q3900633
Q4114	Q880
Q4115	Q3906414
Q4116	Q3907669
Q4117	Q3941700
Q4118	Q3984546
Q4119	Q3985184
Q4120	Q484083
Q4121	Q4001278
Q4122	Q93189
Q4123	Q4006208
Q4124	Q4009896
Q4125	Q4009897
Q4126	Q4009899
Q4127	Q30198
Q4128	Q4009900
Q4129	Q4009903
Q4130	Q4013847
Q4131	Q7381923
Q4132	Q4100014
Q4133	Q4281308
Q4134	Q4405716
Q4135	Q1631228
Q4136	Q4519952
Q4137	Q2609895
Q4138	Q4727574
Q4139	Q4849102
Q4140	Q4928721
Q4141	Q161066
Q4142	Q5005364
Q4143	Q324369
Q4144	Q5043987
Q4145	Q134862
Q4146	Q5069879
Q4147	Q5120881
Q4148	Q5122822
Q4149	Q5148721
Q4150	Q5149928
Q4151	Q5223370
Q4152	Q5818
Q4153	Q5170059
Q4154	Q2731253
Q4155	Q105096490
Q4156	Q5347944
Q4157	Q5402922
Q4158	Q192088
Q4159	Q5404819
Q4160	Q5451569
Q4161	Q5508507
Q4162	Q5605374
Q4163	Q5610762
Q4164	Q5648078
Q4165	Q5922149
Q4166	Q165254
Q4167	Q422662
Q4168	Q2607820
Q4169	Q5967009
Q4170	Q172771
Q4171	Q5975887
Q4172	Q82014
Q4173	Q6161740
Q4174	Q6275890
Q4175	Q6502169
Q4176	Q6551204
Q4177	Q6555379
Q4178	Q6592940
Q4179	Q6700908
Q4180	Q157017
Q4181	Q6731851
Q4182	Q96
Q4183	Q6826076
Q4184	Q6845574
Q4185	Q17564104
Q4186	Q7126798
Q4187	Q7127114
Q4188	Q7158021
Q4189	Q7231989
Q4190	Q7377969
Q4191	Q7399114
Q4192	Q213096
Q4193	Q7441815
Q4194	Q7580765
Q4195	Q160066
Q4196	Q7622361
Q4197	Q7847367
Q4198	Q7851535
Q4199	Q7863999
Q4200	Q7914921
Q4201	Q8217074
Q4202	Q34679
Q4203	Q9303163
Q4204	Q320617
Q4205	Q10296772
Q4206	Q10659011
Q4207	Q10747136
Q4208	Q168461
Q4209	Q10859033
Q4210	Q10862213
Q4211	Q10862356
Q4212	Q10927920
Q4213	Q10931309
Q4214	Q11090565
Q4215	Q11144247
Q4216	Q11151270
Q4217	Q15936631
Q4218	Q11261134
Q4219	Q11374716
Q4220	Q11447749
Q4221	Q11502624
Q4222	Q4525036
Q4223	Q11502631
Q4224	Q11515057
Q4225	Q29526
Q4226	Q11535061
Q4227	Q871991
Q4228	Q11538188
Q4229	Q11625224
Q4230	Q917187
Q4231	Q11225841
Q4232	Q11538290
Q4233	Q11538718
Q4234	Q11557246
Q4235	Q11606233
Q4236	Q11617258
Q4237	Q515026
Q4238	Q11620271
Q4239	Q11622600
Q4240	Q2717993
Q4241	Q11635157
Q4242	Q11635977
Q4243	Q11422261
Q4244	Q11660962
Q4245	Q11660963
Q4246	Q11676208
Q4247	Q166564
Q4248	Q11696368
Q4249	Q11763188
Q4250	Q11878163
Q4251	Q12322810
Q4252	Q12817889
Q4253	Q12858979
Q4254	Q12894641
Q4255	Q12899119
Q4256	Q12899155
Q4257	Q12901657
Q4258	Q12901869
Q4259	Q320603
Q4260	Q12901881
Q4261	Q12902516
Q4262	Q12902590
Q4263	Q13139264
Q4264	Q13417144
Q4265	Q13424722
Q4266	Q212939
Q4267	Q13550497
Q4268	Q13582464
Q4269	Q13631176
Q4270	Q14946424
Q4271	Q15141414
Q4272	Q15141721
Q4273	Q15141723
Q4274	Q15141724
Q4275	Q15699769
Q4276	Q652698
Q4277	Q15890339
Q4278	Q16001621
Q4279	Q16039699
Q4280	Q16078735
Q4281	Q16645086
Q4282	Q16831078
Q4283	Q16924498
Q4284	Q16938160
Q4285	Q16938364
Q4286	Q17015621
Q4287	Q106695054
Q4288	Q17082553
Q4289	Q17105502
Q4290	Q18207065
Q4291	Q18349136
Q4292	Q220869
Q4293	Q18459573
Q4294	Q47568
Q4295	Q18627178
Q4296	Q49116
Q4297	Q18627185
Q4298	Q18657380
Q4299	Q18657742
Q4300	Q18657831
Q4301	Q18658385
Q4302	Q18658462
Q4303	Q18659392
Q4304	Q18669148
Q4305	Q19361243
Q4306	Q19364263
Q4307	Q19571398
Q4308	Q147552
Q4309	Q19572932
Q4310	Q19599545
Q4311	Q19605446
Q4312	Q19888352
Q4313	Q19888366
Q4314	Q19888373
Q4315	Q19888381
Q4316	Q19888422
Q4317	Q20046295
Q4318	Q20829325
Q4319	Q21864159
Q4320	Q859170
Q4321	Q1001378
Q4322	Q1439691
Q4323	Q22006653
Q4324	Q22133966
Q4325	Q48751529
Q4326	Q22237935
Q4327	Q22963901
Q4328	Q22963919
Q4329	Q22963960
Q4330	Q22963968
Q4331	Q23931909
Q4332	Q23931911
Q4333	Q24239813
Q4334	Q24239818
Q4335	Q24239857
Q4336	Q24574924
Q4337	Q24820286
Q4338	Q24836972
Q4339	Q24836976
Q4340	Q24837001
Q4341	Q24837023
Q4342	Q24911879
Q4343	Q55353023
Q4344	Q25112525
Q4345	Q169
Q4346	Q25203611
Q4347	Q25336659
Q4348	Q25336662
Q4349	Q25343693
Q4350	Q25348505
Q4351	Q159158
Q4352	Q25349006
Q4353	Q3177204
Q4354	Q25393814
Q4355	Q25401999
Q4356	Q25402007
Q4357	Q25402474
Q4358	Q25815651
Q4359	Q26187774
Q4360	Q28109079
Q4361	Q708
Q4362	Q29960645
Q4363	Q30137105
Q4364	Q35625860
Q4365	Q39046969
Q4366	Q40889182
Q4367	Q42533823
Q4368	Q1052
Q4369	Q165896
Q4370	Q23350
Q4371	Q120833460
Q4372	Q47203406
Q4373	Q47203481
Q4374	Q48988258
Q4375	Q641
Q4376	Q50381999
Q4377	Q52428980
Q4378	Q52681964
Q4379	Q54346167
Q4380	Q37681
Q4381	Q55148403
Q4382	Q55611196
Q4383	Q56273889
Q4384	Q56324355
Q4385	Q56324873
Q4386	Q56528582
Q4387	Q23392
Q4388	Q56887977
Q4389	Q56887985
Q4390	Q384463
Q4391	Q57178144
Q4392	Q166432
Q4393	Q57305216
Q4394	Q1503197
Q4395	Q57305302
Q4396	Q768549
Q4397	Q57305337
Q4398	Q59960325
Q4399	Q60679298
Q4400	Q60679352
Q4401	Q60741845
Q4402	Q60785280
Q4403	Q60971306
Q4404	Q61600225
Q4405	Q61927422
Q4406	Q303669
Q4407	Q62058583
Q4408	Q467202
Q4409	Q63089713
Q4410	Q13634357
Q4411	Q64211725
Q4412	Q65239920
Q4413	Q68223248
Q4414	Q68365832
Q4415	Q69362239
Q4416	Q69524026
Q4417	Q69692146
Q4418	Q69914380
Q4419	Q69914710
Q4420	Q69914970
Q4421	Q69915238
Q4422	Q70218161
Q4423	Q71392381
Q4424	Q71404162
Q4425	Q71405932
Q4426	Q11288132
Q4427	Q71406823
Q4428	Q71460159
Q4429	Q71873134
Q4430	Q76011056
Q4431	Q77459172
Q4432	Q77595803
Q4433	Q84238202
Q4434	Q84237818
Q4435	Q84430532
Q4436	Q84430751
Q4437	Q84432247
Q4438	Q372733
Q4439	Q84435145
Q4440	Q84436827
Q4441	Q84436829
Q4442	Q84437225
Q4443	Q84437365
Q4444	Q86043318
Q4445	Q87647352
Q4446	Q89
Q4447	Q89190389
Q4448	Q89274725
Q4449	Q90711961
Q4450	Q10987
Q4451	Q90725387
Q4452	Q90809337
Q4453	Q90809354
Q4454	Q90809398
Q4455	Q90809560
Q4456	Q7561
Q4457	Q90809562
Q4458	Q90812259
Q4459	Q1140524
Q4460	Q91417704
Q4461	Q93493270
Q4462	Q96803467
Q4463	Q23768
Q4464	Q97106579
Q4465	Q97342238
Q4466	Q97342321
Q4467	Q97376472
Q4468	Q674136
Q4469	Q97376557
Q4470	Q97376612
Q4471	Q97377848
Q4472	Q97379214
Q4473	Q97528669
Q4475	Q98111784
Q4476	Q98123378
Q4477	Q98148703
Q4478	Q181409
Q4479	Q99211754
Q4480	Q100135995
Q4481	Q101785488
Q4482	Q101786150
Q4483	Q101881550
Q4484	Q103888297
Q4485	Q105883127
Q4486	Q105993773
Q4487	Q317802
Q4488	Q105995092
Q4489	Q105996967
Q4490	Q105997630
Q4491	Q106006497
Q4492	Q106006649
Q4493	Q106006725
Q4494	Q25312687
Q4495	Q106056288
Q4496	Q106060357
Q4497	Q106061107
Q4498	Q106065388
Q4499	Q106065780
Q4500	Q106065949
Q4501	Q106066018
Q4502	Q106066153
Q4503	Q106231338
Q4504	Q106510499
Q4505	Q106510555
Q4506	Q17122834
Q4507	Q106816855
Q4508	Q107665058
Q4509	Q107665369
Q4510	Q107667856
Q4511	Q108219690
Q4512	Q239481
Q4513	Q108312028
Q4514	Q108312069
Q4515	Q108917663
Q4516	Q109358281
Q4517	Q138811
Q4518	Q109433927
Q4519	Q156005
Q4520	Q109433936
Q4521	Q177463
Q4522	Q109435152
Q4523	Q10354139
Q4524	Q109437866
Q4525	Q122421
Q4526	Q109440395
Q4527	Q39782
Q4528	Q109441995
Q4529	Q182531
Q4530	Q109442450
Q4531	Q109600141
Q4532	Q162108
Q4533	Q110102658
Q4534	Q115740436
Q4535	Q110102703
Q4536	Q110102849
Q4537	Q827170
Q4538	Q110103247
Q4539	Q110740794
Q4540	Q111080140
Q4541	Q111784255
Q4542	Q111812647
Q4543	Q111851367
Q4544	Q111889906
Q4545	Q112056389
Q4546	Q112083819
Q4547	Q112175360
Q4548	Q112208628
Q4549	Q112246722
Q4550	Q112262766
Q4551	Q112722251
Q4552	Q112732350
Q4553	Q112732364
Q4554	Q112732446
Q4555	Q112732567
Q4556	Q112732593
Q4557	Q112732637
Q4558	Q113448965
Q4559	Q113826352
Q4560	Q113897502
Q4561	Q113996021
Q4562	Q114001780
Q4563	Q114001891
Q4564	Q114002049
Q4565	Q114420553
Q4566	Q114877269
Q4567	Q115121358
Q4568	Q115185412
Q4569	Q1157552
Q4570	Q115208329
Q4571	Q115413654
Q4572	Q115413683
Q4573	Q115413772
Q4574	Q115413818
Q4575	Q115413850
Q4576	Q115413960
Q4577	Q115413993
Q4578	Q115640836
Q4579	Q115640889
Q4580	Q115653670
Q4581	Q115676970
Q4582	Q8335
Q4583	Q115702282
Q4584	Q115733603
Q4585	Q13174856
Q4586	Q115733625
Q4587	Q115736060
Q4588	Q115858149
Q4589	Q115858787
Q4590	Q268547
Q4591	Q115859278
Q4592	Q115861882
Q4593	Q115863738
Q4594	Q115886141
Q4595	Q202466
Q4596	Q115918071
Q4597	Q183670
Q4598	Q115924565
Q4599	Q115941768
Q4600	Q115944478
Q4601	Q115945837
Q4602	Q458
Q4603	Q115959703
Q4604	Q171058
Q4605	Q115959845
Q4606	Q116786995
Q4607	Q116787015
Q4608	Q116787017
Q4609	Q116787024
Q4610	Q116787041
Q4611	Q116787059
Q4612	Q117194159
Q4613	Q117711817
Q4614	Q117750933
Q4615	Q118292929
Q4616	Q119267340
Q4617	Q119267768
Q4618	Q119442843
Q4619	Q119953849
Q4620	Q119984045
Q4621	Q119985571
Q4622	Q120735097
Q4623	Q121012829
Q4624	Q121347242
Q4625	Q121711136
Q4626	Q121715819
Q4627	Q121716878
Q4628	Q122938846
Q4629	Q122938835
Q4630	Q122998749
Q2150	Q193150
Q2151	Q878123
Q2152	Q16949181
Q2154	Q7885847
Q2168	Q3275569
Q2169	Q1079023
Q2177	Q760132
Q2181	Q38127868
Q2183	Q4266699
Q2185	Q3108904
Q2202	Q4050462
Q2210	Q106635228
Q2226	Q1241356
Q2249	Q877674
Q2262	Q23384
Q2269	Q124282
Q2274	Q1809624
Q2285	Q1456832
Q2287	Q775594
Q2299	Q185451
Q2328	Q327245
Q2335	Q190200
Q2336	Q107679
Q2337	Q813672
Q2338	Q150784
Q2340	Q7493941
Q2341	Q7321258
Q2343	Q6017969
Q2344	Q222912
Q2347	Q285783
Q2349	Q3294251
Q2350	Q2910662
Q2351	Q382018
Q4631	Q115855537
Q2352	Q7321974
Q4632	Q618123
Q2355	Q1317637
Q2356	Q6008593
Q2357	Q328092
Q2358	Q186131
Q2359	Q131862
Q2360	Q2042028
Q2361	Q2048319
Q2362	Q740445
Q2364	Q207326
Q2366	Q3618634
Q2368	Q819677
Q4633	Q271669
Q2369	Q35666
Q2370	Q75520
Q2371	Q15766
Q2372	Q8063
Q2374	Q3699460
Q2375	Q944588
Q2376	Q35509
Q2377	Q500023
Q2378	Q39816
Q4634	Q1753352
Q2379	Q10862618
Q2380	Q1133195
Q2382	Q940023
Q2385	Q152005
Q2389	Q56042759
Q4635	Q22664
Q2390	Q34027
Q2391	Q1435994
Q4636	Q110653654
Q4637	Q30337748
Q2392	Q36253
Q2393	Q1361400
Q2394	Q5654036
Q2396	Q1139344
Q2397	Q1174791
Q2399	Q182676
Q2400	Q1061151
Q2401	Q46831
Q2403	Q2610088
Q2404	Q921099
Q2405	Q54050
Q2407	Q42948
Q4638	Q112628506
Q2408	Q25447389
Q2411	Q384262
Q4639	Q112234259
Q2412	Q7376362
Q2414	Q34038
Q2415	Q648116
Q2416	Q388227
Q2419	Q36908
Q2421	Q206091
Q2422	Q879208
Q2431	Q22857
Q2436	Q186222
Q2439	Q6171655
Q2449	Q179687
Q2460	Q2093999
Q2462	Q1075998
Q2463	Q11698842
Q4640	Q67179750
Q2464	Q1486662
Q2465	Q29358
Q2474	Q12014207
Q4641	Q41710
Q2475	Q200513
Q2476	Q26269989
Q2498	Q867068
Q2512	Q217106
Q2519	Q927273
Q2541	Q574415
Q2542	Q9690
Q2543	Q276469
Q4642	Q1924900
Q4643	Q63981612
Q4644	Q112057532
Q4645	Q2695280
Q4646	Q109551565
Q2085	Q12338050
Q2100	Q2035256
Q2102	Q212989
Q2103	Q28823
Q2104	Q752296
Q2105	Q477849
Q2106	Q798886
Q2130	Q381165
Q2149	Q12052936
Q4647	Q182116
Q4648	Q37754875
Q4649	Q11765
Q4650	Q854457
Q4651	Q7048977
Q4652	Q116505632
Q4653	Q3527003
Q4654	Q2509280
Q4655	Q56350999
Q2544	Q388755
Q2545	Q337554
Q2547	Q470747
Q2548	Q857667
Q4656	Q639907
Q2549	Q194290
Q2550	Q1036696
Q2551	Q649717
Q2552	Q2634782
Q2553	Q186889
Q2554	Q68833
Q4657	Q1322005
Q2557	Q1135221
Q2559	Q11602751
Q2561	Q180007
Q2562	Q18054140
Q2563	Q574360
Q4658	Q28829877
Q2565	Q1567709
Q2566	Q576145
Q2567	Q10916362
Q2568	Q576145
Q4659	Q16332653
Q4660	Q2514025
Q2570	Q205418
Q4661	Q8094
Q2571	Q2144546
Q4662	Q118733587
Q2572	Q7561
Q4663	Q614847
Q2573	Q2585006
Q2574	Q852799
Q2576	Q3417299
Q2577	Q37602
Q2578	Q37477
Q2579	Q48782767
Q2581	Q2857578
Q2582	Q1368357
Q4664	Q931652
Q2583	Q1292121
Q2584	Q182868
Q2804	Q419763
Q2806	Q332231
Q2810	Q1191065
Q2811	Q624497
Q2812	Q270421
Q4665	Q118612017
Q4666	Q600571
Q4667	Q365680
Q4668	Q100151658
Q4669	Q21528878
Q4670	Q334911
Q3682	Q771405
Q5476	Q132072
Q5477	Q132905
Q5478	Q3017041
Q5479	Q40425305
Q5480	Q40425347
Q5481	Q40425391
Q5482	Q40425615
Q5483	Q40425672
Q5484	Q40425725
Q5485	Q40425783
Q5486	Q3017051
Q5487	Q27027
Q5488	Q27929
Q5489	Q26843
Q5490	Q105067331
Q5491	Q105067332
Q5492	Q105067333
Q5493	Q42196
Q5494	Q174199
Q5495	Q81214
Q5496	Q40425446
Q5497	Q40425498
Q5498	Q40425557
Q5499	Q40693442
Q5500	Q40693481
Q5501	Q40695181
Q5502	Q159426
Q5503	Q122184906
Q5504	Q122842237
Q5505	Q122842270
Q5506	Q122847740
Q5507	Q23038290
Q5508	Q10885120
Q5509	Q15236265
Q5510	Q1040689
Q5511	Q9363039
Q5512	Q106448149
Q5513	Q106448181
Q5514	Q106448192
Q5515	Q122983148
Q5516	Q122983259
Q5517	Q122983498
Q5518	Q122983598
Q5519	Q122983650
Q5520	Q122988465
Q5521	Q122988849
Q5522	Q122989330
Q5523	Q122990239
Q5524	Q122990606
Q5525	Q121222034
Q5526	Q122184805
Q5527	Q122184850
Q5528	Q42669
Q5529	Q15640675
Q5530	Q15734508
Q5531	Q40695450
Q5532	Q40714983
Q5533	Q40715121
Q5534	Q106448206
Q5535	Q106448210
Q5536	Q106448218
Q5537	Q174652
Q5538	Q179020
Q5539	Q5560337
Q5540	Q185097
Q5541	Q17487588
Q5542	Q41163626
Q5543	Q41163630
Q5544	Q41164668
Q5545	Q41164977
Q5546	Q188130
Q5547	Q189615
Q5548	Q208132
Q5549	Q41168215
Q5550	Q41168698
Q5551	Q41168696
Q5552	Q205329
Q5553	Q40695249
Q5554	Q40695317
Q5555	Q40695384
Q5556	Q41165556
Q5557	Q41165939
Q5558	Q41166502
Q5559	Q122984319
Q5560	Q122984432
Q5561	Q122984442
Q5562	Q122986934
Q5563	Q106448246
Q5564	Q106448253
Q5565	Q106448257
Q5566	Q40425836
Q5567	Q40458781
Q5568	Q40485038
Q5569	Q122847883
Q5570	Q122981806
Q5571	Q122983105
Q5572	Q122983127
Q5573	Q41167107
Q5574	Q41167110
Q5575	Q41168149
Q5576	Q105067334
Q5577	Q105067335
Q5578	Q105348994
Q5579	Q41166507
Q5580	Q41166923
Q5581	Q41167003
Q5582	Q106448225
Q5583	Q106448236
Q5584	Q106448242
Q5585	Q122993792
Q5586	Q122994121
Q5587	Q122994805
Q5588	Q122997863
Q5589	Q210282
Q5590	Q210872
Q5591	Q122998432
Q5592	Q122998503
Q5593	Q122997930
Q5594	Q122997959
Q5595	Q122997982
Q5596	Q122997999
Q5597	Q201808
Q5598	Q203897
Q5599	Q193683
Q5600	Q179154
Q5601	Q19818114
Q5602	Q122986993
Q5603	Q122987038
Q5604	Q122987652
Q5605	Q122987759
Q5606	Q41162834
Q5607	Q41162832
Q5608	Q41219031
Q5609	Q42310380
Q5610	Q45894126
Q5611	Q122998008
Q5612	Q122998157
Q5613	Q122998177
Q5614	Q122998189
Q5615	Q122998209
Q5616	Q106448261
Q5617	Q108060725
Q5618	Q40488254
Q5619	Q40488395
Q5620	Q40514423
Q5621	Q19829408
Q5622	Q48785010
Q5623	Q49549295
Q5624	Q221056
Q5625	Q55627818
Q5626	Q55627821
Q5627	Q106448135
Q5628	Q106448147
Q5629	Q207114
Q5630	Q207744
Q5631	Q67019494
Q5632	Q20717470
Q5633	Q109647222
Q5634	Q109647223
Q5635	Q109647224
Q5636	Q215335
Q5637	Q215332
Q5638	Q109647362
Q5639	Q109647398
Q5640	Q109647416
Q5641	Q109647219
Q5642	Q109647220
Q5643	Q109647221
Q5644	Q622597
Q5645	Q623173
Q5646	Q40322520
Q5647	Q40322571
Q5648	Q40322617
Q5649	Q713853
Q5650	Q724349
Q5651	Q277767
Q5652	Q281459
Q5653	Q216435
Q5654	Q217147
Q5655	Q109647421
Q5656	Q109647434
Q5657	Q109647432
Q5658	Q109647433
Q5659	Q40334258
Q5660	Q40425203
Q5661	Q40425256
Q5662	Q56327450
Q5663	Q56492925
Q5664	Q301048
Q5665	Q301055
Q5666	Q109647226
Q5667	Q109647227
Q5668	Q109647225
Q5669	Q67206427
Q5670	Q21305430
Q5671	Q244172
Q5672	Q244300
Q5673	Q55604750
Q5674	Q244410
Q5675	Q247990
Q5676	Q260018
Q5677	Q273331
Q5678	Q300946
Q5679	Q300949
Q5680	Q104153946
Q5681	Q109647215
Q5682	Q503578
Q5683	Q506604
Q5684	Q300961
Q5685	Q300991
Q5686	Q629227
Q5687	Q636590
Q5688	Q56493379
Q5689	Q56606062
Q5690	Q56606064
Q5691	Q322138
Q5692	Q370597
Q5693	Q477192
Q5694	Q67206454
Q5695	Q109647218
Q5696	Q109647216
Q5697	Q109647217
Q5698	Q40324366
Q5699	Q40324424
Q5700	Q40334196
Q5701	Q782290
Q5702	Q803927
Q5703	Q724354
Q5704	Q725493
Q5705	Q60332362
Q5706	Q60332373
Q5707	Q60496367
Q5708	Q116129256
Q5709	Q1192406
Q5710	Q1506003
Q5711	Q551786
Q5712	Q604326
Q5713	Q60508121
Q5714	Q14594740
Q5715	Q22285172
Q5716	Q99422037
Q5717	Q838812
Q5718	Q838940
Q5719	Q854309
Q5720	Q1124755
Q5721	Q1125014
Q5722	Q2144297
Q5723	Q749548
Q5724	Q751965
Q5725	Q755733
Q5726	Q735210
Q5727	Q738564
Q5728	Q1125029
Q5729	Q1147076
Q5730	Q910093
Q5731	Q300994
Q5732	Q301018
Q5733	Q649513
Q5734	Q23819502
Q5735	Q935680
Q5736	Q764242
Q5737	Q1016955
Q5738	Q918331
Q5739	Q923613
Q5740	Q924364
Q5741	Q943830
Q5742	Q943889
Q5743	Q944981
Q5744	Q140189
Q5745	Q657051
Q5746	Q779770
Q5747	Q871300
Q5748	Q929703
Q5749	Q961266
Q5750	Q966391
Q5751	Q1062904
Q5752	Q1064332
Q5753	Q1064339
Q5754	Q1120832
Q5755	Q1188680
Q5756	Q1656790
Q5757	Q1964584
Q5758	Q2357420
Q5759	Q2649322
Q5760	Q2703437
Q5761	Q2881494
Q5762	Q3016354
Q5763	Q3023455
Q5764	Q3061543
Q5765	Q3605934
Q5766	Q3621452
Q5767	Q3622606
Q5768	Q3633191
Q5769	Q3726717
Q5770	Q3732844
Q5771	Q3733844
Q5772	Q3798324
Q5773	Q3807050
Q5774	Q3814352
Q5775	Q3835731
Q5776	Q3894957
Q5777	Q3991832
Q5778	Q4006323
Q5779	Q6725256
Q5780	Q7635982
Q5781	Q7960276
Q5782	Q15304471
Q5783	Q15958617
Q5784	Q16545436
Q5785	Q16911726
Q5786	Q17108426
Q5787	Q17476198
Q5788	Q18419727
Q5789	Q18608951
Q5790	Q18608962
Q5791	Q18608960
Q5792	Q20072113
Q5793	Q20717133
Q5794	Q20717172
Q5795	Q20717725
Q5796	Q20717805
Q5797	Q20717935
Q5798	Q20717994
Q5799	Q20718116
Q5800	Q20718530
Q5801	Q20718817
Q5802	Q20718882
Q5803	Q20718910
Q5804	Q20718993
Q5805	Q20719191
Q5806	Q20719312
Q5807	Q20719555
Q5808	Q20721965
Q5809	Q20721970
Q5810	Q20731965
Q5811	Q21243986
Q5812	Q21257548
Q5813	Q21265565
Q5814	Q21268435
Q5815	Q21315608
Q5816	Q21316282
Q5817	Q21317444
Q5818	Q21353549
Q5819	Q21356425
Q5820	Q21357254
Q5821	Q21359914
Q5822	Q21368793
Q5823	Q22112109
Q5824	Q22112180
Q5825	Q22112818
Q5826	Q22113119
Q5827	Q22286308
Q5828	Q25401123
Q5829	Q25401162
Q5830	Q26690206
Q5831	Q29920232
Q5832	Q30066366
Q5833	Q30066365
Q5834	Q30715295
Q5835	Q30893967
Q5836	Q37795021
Q5837	Q41162855
Q5838	Q41168079
Q5839	Q41219029
Q5840	Q47488627
Q5841	Q51153049
Q5842	Q54539819
Q5843	Q55604751
Q5844	Q55612712
Q5845	Q55651550
Q5846	Q56192860
Q5847	Q56192877
Q5848	Q56192888
Q5849	Q56192893
Q5850	Q56274746
Q5851	Q56276531
Q5852	Q56317460
Q5853	Q59286508
Q5854	Q61467474
Q5855	Q62834986
Q5856	Q65060984
Q5857	Q65061033
Q5858	Q79253727
Q5859	Q80918561
Q5860	Q90042367
Q5861	Q95503648
Q5862	Q96439931
Q5863	Q97119865
Q5864	Q97279785
Q5865	Q97370798
Q5866	Q98434478
Q5867	Q772636
Q5868	Q99565665
Q5869	Q100319052
Q5870	Q100319326
Q5871	Q101413565
Q5872	Q310890
Q5873	Q104866490
Q5874	Q105014096
Q5875	Q105542368
Q5876	Q105542543
Q5877	Q106448145
Q5878	Q98961713
Q5879	Q108068611
Q5880	Q108076893
Q5881	Q108076897
Q5882	Q108076900
Q5883	Q108266923
Q5884	Q108523340
Q5885	Q108651344
Q5886	Q108658062
Q5887	Q108658515
Q5888	Q108661462
Q5889	Q108662485
Q5890	Q108664643
Q5891	Q108664835
Q5892	Q108665891
Q5893	Q108667726
Q5894	Q108668491
Q5895	Q108669710
Q5896	Q108673855
Q5897	Q108673916
Q5898	Q108674199
Q5899	Q108674457
Q5900	Q108675835
Q5901	Q108676629
Q5902	Q108837486
Q5903	Q108882324
Q5904	Q108883658
Q5905	Q108886269
Q5906	Q108886285
Q5907	Q109264741
Q5908	Q109298387
Q5909	Q110518267
Q5910	Q110637172
Q5911	Q111509853
Q5912	Q111510424
Q5913	Q111510513
Q5914	Q112774035
Q5915	Q112943807
Q5916	Q922448
Q5917	Q112945398
Q5918	Q112946913
Q5919	Q112947056
Q5920	Q112947446
Q5921	Q112947521
Q5922	Q10640897
Q5923	Q112947531
Q5924	Q112947874
Q5925	Q112948142
Q5926	Q112989455
Q5927	Q113003611
Q5928	Q113003767
Q5929	Q113003783
Q5930	Q113004078
Q5931	Q114057937
Q5932	Q116944320
Q5933	Q116944348
Q5934	Q119138343
Q5935	Q121132975
Q5936	Q121340903
Q5937	Q121359072
Q5938	Q122153997
Q5939	Q122154213
Q5940	Q122155088
Q5941	Q122156331
Q5942	Q122156545
Q5943	Q122156938
Q5944	Q122157100
Q5945	Q122157164
Q5946	Q122157281
Q5947	Q122157342
Q5948	Q122157359
Q5949	Q122157392
Q5950	Q122157443
Q5951	Q122157485
Q5952	Q122157510
Q5953	Q122157633
Q5954	Q122157774
Q5955	Q122585723
Q5956	Q122847721
Q5957	Q122847728
Q5958	Q122995250
Q5959	Q122995566
Q5987	Q100601014
Q5988	Q4868296
Q5989	Q17451
Q5990	Q1049294
Q5991	Q918
Q5992	Q22907849
Q5993	Q692989
Q5994	Q100601019
Q5995	Q341
Q5996	Q209330
Q5997	Q6545185
Q5998	Q104889222
Q5999	Q283233
Q6000	Q105854164
Q6001	Q27070331
Q6002	Q364
Q6003	Q379271
Q6004	Q4476695
Q6005	Q109320469
Q6006	Q15078152
Q6007	Q110269115
Q6008	Q1335171
Q6009	Q4485156
Q6010	Q51711
Q6011	Q48938223
Q6012	Q866
Q6013	Q102345381
Q6014	Q111610229
Q6015	Q110832782
Q6016	Q17004438
Q6017	Q4555537
Q6018	Q111610243
Q6019	Q7216866
Q6020	Q252500
Q6021	Q111678752
Q6022	Q111630696
Q6023	Q25345994
Q6024	Q10547339
Q6025	Q111630723
Q6026	Q111633339
Q6027	Q1136
Q6028	Q355
Q6029	Q111653583
Q6030	Q111633341
Q6031	Q111653591
Q6032	Q65697924
Q6033	Q112342529
Q6034	Q112341127
Q6035	Q112341154
Q6036	Q112341165
Q6037	Q112341384
Q6038	Q112341410
Q6039	Q112341454
Q6040	Q112342644
Q6041	Q112345292
Q6042	Q168210
Q6043	Q112345767
Q6044	Q112345591
Q6045	Q112345960
Q6046	Q112351279
Q6047	Q112351757
Q6048	Q112352553
Q6049	Q112352945
Q6050	Q112400919
Q6051	Q112402372
Q6052	Q112424780
Q6053	Q111691402
Q6054	Q28378282
Q6055	Q113238551
Q6056	Q7848226
Q6057	Q255381
Q6058	Q2299611
Q6059	Q85132595
Q6060	Q104418762
Q6061	Q15954148
Q6062	Q113000974
Q6063	Q574577
Q6064	Q104101703
Q6065	Q113001686
Q6066	Q113126797
Q6067	Q113360642
Q6068	Q113448455
Q6069	Q213660
Q6070	Q116947
Q6071	Q1049511
Q6072	Q15616276
Q6073	Q85785022
Q6074	Q332707
Q6075	Q19718090
Q6076	Q17130715
Q6077	Q5003490
Q6078	Q1342648
Q6079	Q171186
Q6080	Q113650858
Q6081	Q15054354
Q6082	Q113661410
Q6083	Q15836568
Q6084	Q78194383
Q6085	Q114881892
Q6086	Q115538163
Q6087	Q15901043
Q6088	Q120281745
Q6089	Q116153535
Q6090	Q116763062
Q6091	Q5535082
Q6092	Q106847586
Q6093	Q55840137
Q6094	Q98163019
Q6095	Q62108705
Q6096	Q67078785
Q6097	Q66233468
Q6098	Q110613699
Q6099	Q70050733
Q6100	Q107078602
Q6101	Q3087512
Q6102	Q28957077
Q6103	Q20017427
Q6104	Q7096221
Q6105	Q863756
Q6106	Q106313302
Q6107	Q116859711
Q6108	Q117085242
Q6109	Q1373429
Q6110	Q620615
Q6111	Q117172093
Q6112	Q123129704
Q6113	Q52827
Q6114	Q1339070
Q6115	Q34236
Q6116	Q1431
Q6117	Q46523
Q6118	Q142539
Q6119	Q180
Q6120	Q39238
Q6121	Q780442
Q6122	Q35127
Q6123	Q5145831
Q6124	Q956086
Q6125	Q16509734
Q6126	Q62694393
Q6127	Q17164377
Q6128	Q628523
Q6129	Q1472062
Q6130	Q58199
Q6131	Q122827239
Q6132	Q874394
Q6133	Q333618
Q6134	Q1844938
Q6135	Q3604202
Q6136	Q3884
Q6137	Q568769
Q6138	Q263655
Q6139	Q65551500
Q6140	Q2108670
Q6141	Q1250322
Q6142	Q113001597
Q6143	Q290267
Q6144	Q602471
Q6145	Q17054335
Q6146	Q24839054
Q6147	Q100792256
Q6148	Q579716
Q6149	Q494291
Q6150	Q92526
Q6151	Q3983400
Q6152	Q27986619
Q6153	Q355022
Q6154	Q5281
Q6155	Q637203
Q6156	Q278485
Q6157	Q116933
Q6158	Q689141
Q6159	Q4854709
Q6160	Q7561274
Q6161	Q1123836
Q6162	Q1168317
Q6163	Q71207116
Q6164	Q29223522
Q6165	Q309959
Q6166	Q21233433
Q6167	Q68279529
Q6168	Q105659003
Q6169	Q769222
Q6170	Q63386904
Q6171	Q65924658
Q6172	Q18136409
Q6173	Q28134981
Q6174	Q716332
Q6175	Q62639540
Q6176	Q21006490
Q6177	Q40629
Q6178	Q106650129
Q6179	Q106557914
Q6180	Q104765127
Q6181	Q107123627
Q6182	Q98382038
Q6183	Q106327583
Q6184	Q109001687
Q6185	Q7897568
Q6186	Q55637066
Q6187	Q156376
Q6188	Q10393281
Q6189	Q306527
Q6190	Q28957086
Q6191	Q2905238
Q6192	Q108899911
Q6193	Q55633750
Q6194	Q19687076
Q6195	Q6942717
Q6196	Q3419343
Q6197	Q936394
Q6198	Q2341037
Q6199	Q356
Q6200	Q526699
Q6201	Q10853009
Q6202	Q2892536
Q6203	Q1630279
Q6204	Q50938515
Q6205	Q25874683
Q6206	Q1464506
Q6207	Q22115408
Q6208	Q60691066
Q6209	Q60691273
Q6210	Q86678330
Q6211	Q60691545
Q6212	Q84777032
Q6213	Q65271318
Q6214	Q40463886
Q6215	Q1210425
Q6216	Q21980538
Q6217	Q658255
Q6218	Q241317
Q6219	Q1153767
Q6220	Q117350903
Q6221	Q3700238
Q6222	Q907311
Q6223	Q28649055
Q6224	Q17068357
Q6225	Q456157
Q6226	Q30295815
Q6227	Q842397
Q6228	Q5574299
Q6229	Q941127
Q6230	Q7831634
Q6231	Q384060
Q6232	Q5411248
Q6233	Q4677638
Q6234	Q85824984
Q6235	Q55343615
Q6236	Q44268550
Q6237	Q24526428
Q6238	Q88783712
Q6239	Q17083510
Q6240	Q48834328
Q6241	Q13479982
Q6242	Q506883
Q6243	Q20514253
Q6244	Q27576907
Q6245	Q66362605
Q6246	Q61707579
Q6247	Q58370623
Q6248	Q6576792
Q6249	Q210980
Q6250	Q2118736
Q6251	Q3312485
Q6252	Q5323079
Q6253	Q106827
Q6254	Q219523
Q6255	Q1347103
Q6256	Q131910
Q6257	Q621467
Q6258	Q40984
Q6259	Q3112819
Q6260	Q66058204
Q6261	Q17928402
Q6262	Q102014
Q6263	Q6817566
Q6264	Q21124681
Q6265	Q1156791
Q6266	Q7302157
Q6267	Q80335493
Q6268	Q15861362
Q6269	Q81502485
Q6270	Q68592347
Q6271	Q104717411
Q6272	Q21685563
Q6273	Q19878155
Q6274	Q85336683
Q6275	Q9334
Q6276	Q13231451
Q6277	Q56669074
Q6278	Q9340
Q6279	Q913902
Q6345	Q19276041
Q6346	Q200538
Q6347	Q1057959
Q6348	Q116154983
Q6349	Q2006207
Q6350	Q10541199
Q6351	Q15361145
Q6352	Q1105365
Q6353	Q626066
Q6354	Q28692991
Q6356	Q1140722
Q6357	Q1656682
Q6358	Q10501952
Q6359	Q2548750
Q6360	Q3001563
Q6361	Q13164926
Q6362	Q899207
Q6363	Q132241
Q6364	Q154502
Q6365	Q111225175
Q6366	Q121260250
Q6367	Q1050152
Q5147	Q12255312
Q5148	Q190539
Q6634	Q17164913
Q5152	Q7431577
Q6635	Q1127759
Q6636	Q100912473
Q5153	Q167172
Q5154	Q1137326
Q6637	Q334451
Q6638	Q1321978
Q6639	Q11825133
Q6640	Q6486741
Q5156	Q192227
Q6641	Q211364
Q5157	Q194112
Q6642	Q1377163
Q5158	Q1540351
Q6643	Q4393498
Q5159	Q2779687
Q5160	Q161272
Q6644	Q34770
Q5163	Q319972
Q5165	Q97278367
Q6645	Q5146163
Q5169	Q109574653
Q5170	Q6486741
Q5171	Q634266
Q6646	Q13419941
Q6647	Q622645
Q5172	Q11825133
Q5175	Q11755657
Q5178	Q118279300
Q6648	Q83188
Q5186	Q741550
Q6649	Q9415
Q6650	Q2574811
Q6651	Q178354
Q5189	Q644302
Q6652	Q160232
Q6653	Q1149305
Q5191	Q11984849
Q6654	Q21142755
Q5193	Q160402
Q5194	Q179488
Q6655	Q3144351
Q6656	Q10359037
Q5196	Q179677
Q5197	Q17164913
Q6657	Q11424100
Q6658	Q4430235
Q5198	Q189970
Q6659	Q116671462
Q5200	Q8236
Q6660	Q19269277
Q5201	Q36870
Q6661	Q1455178
Q5203	Q125421
Q5208	Q118500400
Q5210	Q1455178
Q6662	Q22952179
Q5212	Q233107
Q5215	Q80839
Q6663	Q7922
Q6664	Q1790374
Q6665	Q1501364
Q6666	Q1813494
Q5223	Q425967
Q5224	Q6535134
Q6667	Q3329375
Q5225	Q1367114
Q6668	Q33384
Q6669	Q28923954
Q5230	Q3123468
Q5231	Q1752341
Q6670	Q20826827
Q6671	Q337968
Q6672	Q2630831
Q5234	Q33384
Q5236	Q146893
Q6673	Q17376908
Q5237	Q286576
Q5238	Q951873
Q5239	Q1218937
Q6674	Q8752
Q5240	Q2719300
Q5241	Q399495
Q6675	Q66744609
Q5242	Q3329375
Q6676	Q11953984
Q6677	Q12050496
Q5245	Q9371015
Q6678	Q16920157
Q5246	Q1130761
Q5249	Q8353193
Q6679	Q8217193
Q5250	Q257716
Q5254	Q1366987
Q6680	Q19682167
Q5257	Q33831
Q5258	Q207101
Q5259	Q9283013
Q6681	Q11698417
Q5260	Q1859468
Q6682	Q160845
Q5264	Q21097686
Q6683	Q524648
Q6684	Q728001
Q6685	Q100320664
Q5269	Q1358208
Q6686	Q329499
Q6687	Q732898
Q5273	Q63302202
Q6688	Q546113
Q6689	Q309100
Q5274	Q329499
Q6690	Q1156854
Q5275	Q334451
Q5278	Q17141634
Q5280	Q687185
Q5282	Q61951540
Q6691	Q1087786
Q5286	Q1759988
Q5287	Q5404323
Q6692	Q28598
Q5288	Q853085
Q6693	Q221284
Q5289	Q205665
Q6694	Q23404
Q6695	Q106720965
Q6696	Q627436
Q5292	Q772835
Q5294	Q976277
Q5295	Q65066144
Q5296	Q5494543
Q5297	Q1666147
Q5298	Q1371374
Q5299	Q1338878
Q6697	Q23542337
Q5301	Q3565256
Q6698	Q3450906
Q6699	Q513359
Q6700	Q3533467
Q5302	Q1800545
Q6701	Q1136816
Q5304	Q185467
Q6702	Q1510761
Q5305	Q192989
Q6703	Q30081
Q5307	Q59203
Q5310	Q30081
Q5311	Q3287002
Q5313	Q10779529
Q6704	Q1371470
Q5327	Q1826594
Q5329	Q13105286
Q5332	Q3821344
Q5336	Q5195559
Q5342	Q6554053
Q5343	Q266961
Q6705	Q2305441
Q5346	Q1410327
Q5349	Q5794633
Q5354	Q3217347
Q5356	Q10521848
Q5358	Q61566
Q5359	Q1036511
Q5360	Q1288568
Q6706	Q45762
Q6707	Q15893266
Q5362	Q38058796
Q5367	Q629071
Q6708	Q1149626
Q5369	Q1097949
Q5370	Q3217338
Q6709	Q66664364
Q5373	Q720113
Q6710	Q4536544
Q5374	Q524648
Q6711	Q25521366
Q6712	Q949344
Q6713	Q941501
Q5377	Q25295
Q5378	Q1501364
Q5379	Q1774741
Q5380	Q204826
Q5381	Q103808
Q6714	Q1308274
Q5383	Q130989
Q6715	Q29485
Q5384	Q1545853
Q6716	Q20730913
Q5385	Q27630
Q5386	Q913935
Q5387	Q829257
Q6717	Q1724915
Q5393	Q1308274
Q6718	Q4230034
Q5395	Q1193729
Q6719	Q2015382
Q5397	Q16657634
Q5399	Q255615
Q6720	Q66745531
Q5404	Q181839
Q6721	Q207125
Q5405	Q171755
Q6722	Q58375253
Q6723	Q828395
Q5407	Q214244
Q6724	Q5264406
Q5411	Q23492
Q5414	Q1667964
Q6725	Q59157871
Q6726	Q3997298
Q5418	Q461183
Q6727	Q208217
Q6728	Q39645
Q6729	Q957366
Q5419	Q1129466
Q5421	Q1624720
Q6730	Q8134
Q5423	Q12483
Q6731	Q41362222
Q6732	Q109568261
Q5424	Q1778220
Q5425	Q16664665
Q6733	Q6030589
Q5426	Q16872924
Q6734	Q133346
Q6735	Q27096235
Q6736	Q6653802
Q5428	Q201884
Q5430	Q61056269
Q6737	Q43455
Q5431	Q1129049
Q6738	Q37732
Q5432	Q3044418
Q5433	Q294936
Q5436	Q1412640
Q5437	Q3109251
Q6739	Q12831143
Q6740	Q19935939
Q5439	Q371231
Q6741	Q105760881
Q5440	Q1378181
Q5441	Q21087522
Q5445	Q160845
Q5446	Q65210105
Q5447	Q7552794
Q5453	Q115788473
Q5454	Q61070664
Q5455	Q61070666
Q6773	Q66561296
Q6774	Q109321311
Q6775	Q103914748
Q6776	Q9644
Q6777	Q849491
Q6778	Q39552
Q6779	Q1067560
Q6780	Q42014143
Q6781	Q82642
Q6782	Q28843519
Q6783	Q66545292
Q6784	Q27062223
Q6785	Q7365
Q6786	Q7248855
Q6787	Q5469877
Q6788	Q5347380
Q6789	Q494478
Q6790	Q483866
Q6791	Q113145171
Q6792	Q21120747
Q6793	Q22290678
Q6794	Q57271720
Q6795	Q3241589
Q6796	Q24301658
Q6797	Q60662890
Q6798	Q245282
Q6799	Q483745
Q6800	Q4750801
Q6801	Q65088374
Q6802	Q465453
Q6803	Q450743
Q6804	Q4462390
Q6805	Q24776248
Q6806	Q24722342
Q6807	Q2069481
Q6808	Q422766
Q6809	Q28350
Q6810	Q22328924
Q6811	Q410020
Q6812	Q25615
Q6813	Q39888
Q6814	Q65088317
Q6815	Q1329540
Q6816	Q376762
Q6817	Q1717246
Q6818	Q373494
Q6819	Q1425378
Q6820	Q11047409
Q6821	Q337979
Q6822	Q363752
Q6823	Q24783304
Q6824	Q67141865
Q6825	Q83135141
Q6826	Q95353897
Q6827	Q357439
Q6828	Q3480702
Q6829	Q334310
Q6830	Q3094383
Q6831	Q41014950
Q6832	Q3511132
Q6833	Q483313
Q6834	Q309438
Q6835	Q256817
Q6836	Q2882175
Q6837	Q14914277
Q6838	Q22328925
Q6839	Q28749
Q6840	Q24060765
Q6841	Q629103
Q6842	Q66545297
Q6843	Q7881
Q6844	Q265868
Q6845	Q191817
Q6846	Q4936952
Q6847	Q5259309
Q6848	Q62122079
Q6849	Q232358
Q6850	Q104019925
Q6851	Q2304401
Q6852	Q14907623
Q6853	Q15335900
Q6854	Q22276228
Q6855	Q21122381
Q6856	Q21133583
Q6857	Q21971196
Q6858	Q8066
Q6859	Q223600
Q6860	Q3055155
Q6861	Q205821
Q6862	Q21433545
Q6863	Q21111600
Q6864	Q22276357
Q6865	Q1984607
Q6866	Q21119139
Q6867	Q1955391
Q6868	Q102187407
Q6869	Q67238239
Q6870	Q1819478
Q6871	Q1557686
Q6872	Q438962
Q6873	Q1787939
Q6874	Q50320205
Q6875	Q1755746
Q6876	Q134219
Q6877	Q416796
Q6878	Q21113301
Q6879	Q14902477
Q6880	Q21113302
Q6881	Q14863063
Q6882	Q680603
Q6883	Q174936
Q6884	Q17084975
Q6885	Q1570280
Q6886	Q2795791
Q6887	Q1425021
Q6888	Q641226
Q6889	Q41176
Q6890	Q14092
Q6891	Q12834857
Q6892	Q127006
Q6893	Q1152037
Q6894	Q415812
Q6895	Q64698788
Q6896	Q47154513
Q6897	Q14633866
Q6898	Q2734081
Q6899	Q14890579
Q6900	Q21102359
Q6901	Q21151801
Q6902	Q14912641
Q6903	Q21121265
Q6904	Q22320700
Q6905	Q21106264
Q6906	Q22324692
Q6907	Q14887311
Q6908	Q22320699
Q6909	Q22290444
Q6910	Q22291667
Q6911	Q21122289
Q6912	Q11358
Q6913	Q111550597
Q6914	Q10379
Q6915	Q11652
Q6916	Q1073121
Q6917	Q12147416
Q6918	Q1053470
Q6919	Q14860179
Q6920	Q1048687
Q6921	Q1043897
Q6922	Q96253971
Q6923	Q219416
Q6924	Q5422048
Q6925	Q115299495
Q6926	Q4072190
Q6927	Q2144359
Q6928	Q574376
Q6929	Q7942
Q6930	Q123509
Q6931	Q16672848
Q6932	Q18466271
Q6933	Q113114755
Q6934	Q66295
Q6935	Q101097118
Q6936	Q295865
Q6937	Q1334780
Q6938	Q3497778
Q6939	Q1135789
Q6940	Q275372
Q6941	Q58734
Q6942	Q3569631
Q6943	Q7562091
Q6944	Q96251375
Q6945	Q131201
Q6946	Q7977963
Q6947	Q2251595
Q6948	Q7163
Q6949	Q1979837
Q6950	Q832237
Q6951	Q753291
Q6952	Q5333090
Q6953	Q1138571
Q6954	Q12705
Q6955	Q42501
Q6956	Q1522115
Q6957	Q936791
Q6958	Q889659
Q6959	Q961310
Q6960	Q11879003
Q6961	Q1550712
Q6962	Q4406616
Q6963	Q1970309
Q6964	Q7860
Q6965	Q43619
Q6966	Q55640
Q6967	Q1801887
Q6968	Q38112
Q6969	Q372561
Q6970	Q47572
Q6971	Q2
Q6972	Q2627400
Q6973	Q26713767
Q6974	Q16934857
Q6975	Q2920615
Q6976	Q55610479
Q6977	Q2904233
Q6978	Q37813
Q6979	Q50429805
Q6980	Q120734311
Q6981	Q167336
Q6982	Q13065634
Q6983	Q105766508
Q6984	Q131123
Q6985	Q183129
Q6986	Q463960
Q6987	Q55951346
Q6988	Q10501532
Q6989	Q855711
Q6990	Q10294
Q6991	Q1341244
Q6992	Q234173
Q6993	Q3196463
Q6994	Q5121531
Q6995	Q4530416
Q6996	Q1540268
Q6997	Q106865236
Q6998	Q3509184
Q6999	Q695829
Q7000	Q6484056
Q7001	Q2988881
Q7002	Q494265
Q7003	Q18208034
Q7004	Q3150128
Q7005	Q7649561
Q7006	Q908620
Q7007	Q11680670
Q7008	Q567357
Q7009	Q10870555
Q7010	Q192907
Q7011	Q1668727
Q7012	Q1738991
Q7013	Q1261772
Q7014	Q3024803
Q7015	Q5034494
Q7016	Q866283
Q7017	Q3738815
Q7018	Q96337207
Q7019	Q1165944
Q7020	Q17320256
Q7021	Q20204151
Q7022	Q65117122
Q7023	Q183140
Q7024	Q47496130
Q7025	Q1034411
Q7026	Q380170
Q7027	Q170584
Q7028	Q1573374
Q7029	Q7912707
Q7030	Q1805337
Q7031	Q795757
Q7032	Q159810
Q7033	Q3267905
Q7034	Q1550643
Q7035	Q819131
Q7036	Q7649586
Q7037	Q5333510
Q7038	Q611217
Q7039	Q28732711
Q7040	Q3566043
Q7041	Q19829510
Q7042	Q1337914
Q7043	Q189833
Q7044	Q5603535
Q7045	Q122143846
Q7046	Q1543547
Q7047	Q7649686
Q7048	Q295382
Q7049	Q17083961
Q7050	Q7649653
Q7051	Q12271
Q7052	Q185035
Q7053	Q1247867
Q7054	Q8069578
Q7055	Q12776523
Q7056	Q37038
Q7057	Q107885
Q7058	Q170028
Q7059	Q7281
Q7060	Q384793
Q7061	Q983063
Q7062	Q722218
Q7063	Q1053399
Q7489	Q30323972
Q6757	Q842254
Q7512	Q2603192
Q7513	Q214305
Q7514	Q41425
Q7515	Q1085001
Q7516	Q808399
Q7517	Q17080629
Q7518	Q182863
Q7519	Q489913
Q7520	Q2911547
Q7521	Q866816
Q7522	Q169737
Q7523	Q4997884
Q7524	Q1026113
Q7525	Q333009
Q7526	Q1150334
Q7527	Q208370
Q7528	Q1066703
Q7529	Q488656
Q7530	Q1474245
Q7531	Q747339
Q7532	Q856284
Q7533	Q664056
Q7534	Q16555170
Q7535	Q1228513
Q7536	Q636304
Q7537	Q1130969
Q7538	Q9764
Q7539	Q201022
Q7540	Q245418
Q7541	Q7735386
Q7542	Q215742
Q7543	Q567915
Q7544	Q835562
Q7545	Q1617922
Q7546	Q2071053
Q7547	Q866636
Q7548	Q2914794
Q7549	Q926191
Q7550	Q17081731
Q7551	Q1146185
Q7552	Q936055
Q7553	Q1079270
Q7554	Q950354
Q7555	Q17237
Q7556	Q6425740
Q7557	Q595772
Q7558	Q533946
Q7559	Q1457972
Q7560	Q1756379
Q7561	Q1134329
Q7562	Q16655962
Q7563	Q333002
Q7564	Q6797919
Q7565	Q151942
Q7566	Q4413211
Q7567	Q205734
Q7568	Q850130
Q7569	Q1968059
Q7570	Q909781
Q7571	Q208341
Q7572	Q180853
Q7573	Q153071
Q7574	Q394084
Q7575	Q118120
Q7576	Q221438
Q7577	Q189825
Q7578	Q31180142
Q7579	Q1824718
Q7580	Q7565251
Q7581	Q1156994
Q7582	Q3360620
Q7583	Q1236671
Q7584	Q123704
Q7585	Q338450
Q7586	Q244475
Q7587	Q324617
Q7588	Q2471215
Q7589	Q387916
Q7590	Q5177180
Q7591	Q108437544
Q7592	Q1087985
Q7593	Q1751542
Q7594	Q7773761
Q7595	Q1061584
Q7596	Q12414569
Q7597	Q810479
Q7598	Q334156
Q7599	Q841788
Q7600	Q898742
Q7601	Q2998594
Q7602	Q766240
Q7603	Q725991
Q7604	Q597493
Q7605	Q841238
Q7606	Q15362491
Q7607	Q1156570
Q7608	Q1396228
Q7609	Q698092
Q7610	Q1139098
Q7611	Q303377
Q7612	Q653485
Q7613	Q1547484
Q7614	Q9009342
Q7615	Q252626
Q7616	Q1721946
Q7617	Q949256
Q7618	Q839500
Q7619	Q1076115
Q7620	Q166705
Q7621	Q1550501
Q7622	Q752329
Q7623	Q203478
Q7624	Q383845
Q7625	Q3437730
Q7626	Q976634
Q7627	Q1419075
Q7628	Q3560556
Q7629	Q208593
Q7630	Q122981368
