Wikidata	Scheme
Q3478658	Q204
Q593744	Q204
Q1172480	Q204
Q42989	Q204
Q42848	Q204
Q25047676	Q204
Q796212	Q204
Q54837	Q204
Q515701	Q204
Q151885	Q204
Q4182287	Q204
Q1045785	Q204
Q507673	Q204
Q6108942	Q204
Q2013	Q204
Q52	Q204
Q324254	Q204
Q408386	Q204
Q18395344	Q204
Q830115	Q204
Q33003557	Q204
Q7449091	Q204
Q112841639	Q204
Q1167863	Q204
Q17152639	Q204
Q6423319	Q204
Q33742	Q204
Q13420675	Q204
Q187931	Q204
Q658349	Q204
Q180907	Q204
Q609507	Q204
Q680042	Q204
Q1725664	Q204
Q199897	Q204
Q2915193	Q204
Q180160	Q204
Q1391014	Q204
Q134995	Q204
Q1132530	Q204
Q1193158	Q204
Q192060	Q204
Q49848	Q204
Q43229	Q204
Q54837	Q204
Q624610	Q204
Q1958286	Q204
Q6108942	Q204
Q54872	Q204
Q36524	Q204
Q1575129	Q204
Q15192747	Q204
Q403574	Q204
Q863247	Q204
Q7893937	Q204
