8	L14
9	L15
11 L17
11	L17
12	L18
15	L21
16	L22
17	L23
18	L24
19	L25
20	L6
22	L28
27	L33
29	L35
30	L36
32	L38
33	L39
34	L40
35	L41
36	L42
37	L43
39	L45
40	L46
41	L47
43	L49
44	L50
45	L51
46	L52
47	L53
48	L54
49	L55
50	L56
51	L57
52	L58
54	L60
56	L62
57	L63
60	L66
61	L67
62	L68
64	L70
68	L74
69	L75
70	L76
72	L78
73	L79
74	L80
75	L81
79	L85
80	L86
81	L87
82	L88
83	L89
86	L92
87	L93
88	L94
89	L95
90	L96
91	L97
92	L98
94	L100
98	L104
99	L105
101	L107
102	L108
103	L109
104	L110
105	L111
106	L112
107	L113
108	L114
109	L115
110	L116
111	L117
112	L118
113	L119
115	L121
116	L122
117	L123
118	L124
124	L130
128	L134
129	L135
130	L136
131	L137
132	L138
134	L140
135	L141
136	L142
137	L143
138	L144
140	L146
141	L147
143	L149
144	L150
145	L151
148	L154
149	L155
151	L157
152	L158
153	L159
154	L160
155	L161
157	L163
158	L164
159	L165
161	L167
162	L168
163	L169
164	L170
165	L171
166	L172
167	L173
168	L174
169	L175
170	L176
171	L177
172	L178
173	L179
175	L181
176	L182
177	L183
178	L184
180	L186
181	L187
185	L191
187	L193
188	L194
189	L195
190	L196
191	L197
192	L198
193	L199
195	L201
199	L205
201	L207
203	L209
204	L210
205	L211
206	L212
209	L215
211	L217
212	L218
215	L221
218	L224
219	L225
221	L227
222	L228
223	L229
224	L230
225	L231
227	L233
228	L234
229	L235
231	L237
232	L238
233	L239
234	L240
236	L242
237	L243
238	L244
239	L245
240	L246
241	L247
242	L248
243	L249
244	L250
245	L251
248	L254
249	L255
250	L256
251	L257
252	L258
256	L262
257	L263
258	L264
261	L267
262	L268
263	L269
264	L270
265	L271
266	L272
267	L273
269	L275
270	L276
271	L277
272	L278
273	L279
275	L281
276	L282
278	L284
279	L285
280	L286
282	L288
283	L289
284	L290
285	L291
287	L293
288	L294
291	L297
292	L298
293	L299
295	L301
299	L305
300	L306
303	L309
304	L310
305	L311
306	L312
307	L313
308	L314
309	L315
310	L316
313	L319
314	L320
315	L321
316	L322
317	L323
318	L324
319	L325
320	L326
321	L327
322	L328
323	L329
324	L330
325	L331
326	L332
327	L333
329	L335
330	L336
331	L337
332	L338
333	L339
334	L340
335	L341
336	L342
337	L343
338	L344
339	L345
340	L346
341	L347
342	L348
345	L351
346	L352
347	L353
348	L354
349	L355
350	L356
351	L357
352	L358
353	L359
354	L360
355	L361
356	L362
357	L363
358	L364
363	L369
365	L371
366	L372
367	L373
368	L374
369	L375
370	L376
371	L377
372	L378
373	L379
374	L380
375	L381
376	L382
377	L383
379	L385
380	L386
381	L387
382	L388
383	L389
384	L390
385	L391
386	L392
388	L394
389	L395
391	L397
393	L399
394	L400
395	L401
396	L402
397	L403
398	L404
399	L405
400	L406
401	L407
402	L408
403	L409
404	L410
408	L414
409	L415
411	L417
412	L418
414	L420
417	L423
418	L424
419	L425
421	L427
422	L428
424	L430
426	L432
428	L434
429	L435
430	L436
432	L438
433	L439
434	L440
435	L441
437	L443
438	L444
439	L445
440	L446
441	L447
442	L448
443	L449
444	L450
446	L452
447	L453
448	L454
449	L455
450	L456
451	L457
452	L458
453	L459
455	L461
456	L462
457	L463
459	L465
460	L466
461	L467
464	L470
465	L471
467	L473
468	L474
469	L475
470	L476
472	L478
474	L480
475	L481
476	L482
478	L484
480	L486
482	L488
483	L489
484	L490
485	L491
486	L492
487	L493
490	L496
491	L497
492	L498
494	L500
495	L501
496	L502
499	L505
500	L506
501	L507
503	L509
504	L510
505	L511
506	L512
507	L513
508	L514
509	L515
512	L518
514	L520
516	L522
517	L523
518	L524
520	L526
521	L527
522	L528
523	L529
524	L530
526	L532
527	L533
528	L534
529	L535
530	L536
533	L539
535	L541
536	L542
537	L543
538	L544
539	L545
540	L546
541	L547
542	L548
543	L549
544	L550
546	L552
547	L553
550	L556
551	L557
552	L558
554	L560
555	L561
556	L562
557	L563
558	L564
559	L565
560	L566
561	L567
562	L568
563	L569
564	L570
565	L571
566	L572
567	L573
568	L574
569	L575
571	L577
572	L578
573	L579
574	L580
575	L581
576	L582
577	L583
578	L584
579	L585
580	L586
581	L587
582	L588
583	L589
584	L590
585	L591
586	L592
587	L593
588	L594
590	L596
591	L597
592	L598
593	L599
595	L601
596	L602
597	L603
598	L604
599	L605
600	L606
601	L607
602	L608
603	L609
604	L610
605	L611
606	L612
607	L613
609	L615
610	L616
611	L617
612	L618
613	L619
614	L620
615	L621
616	L622
617	L623
618	L624
619	L625
620	L626
621	L627
622	L628
623	L629
624	L630
626	L632
627	L633
628	L634
629	L635
630	L636
631	L637
632	L638
633	L639
634	L640
635	L641
636	L642
638	L644
639	L645
640	L646
641	L647
642	L648
644	L650
646	L652
647	L653
648	L654
649	L655
650	L656
651	L657
652	L658
653	L659
654	L660
655	L661
656	L662
657	L663
658	L664
659	L665
660	L666
661	L667
662	L668
663	L669
664	L670
665	L671
666	L672
667	L673
668	L674
669	L675
672	L678
673	L679
674	L680
675	L681
676	L682
677	L683
678	L684
679	L685
680	L686
684	L690
685	L691
686	L692
687	L693
689	L695
690	L696
692	L698
693	L699
696	L702
697	L703
698	L704
699	L705
700	L706
701	L707
702	L708
703	L709
704	L710
705	L711
706	L712
708	L714
709	L715
710	L716
712	L718
713	L719
714	L720
715	L721
716	L722
717	L723
718	L724
719	L725
720	L726
721	L727
722	L728
723	L729
724	L730
725	L731
726	L732
727	L733
729	L735
730	L736
733	L739
734	L740
735	L741
736	L742
737	L743
739	L745
740	L746
743	L749
744	L750
745	L751
747	L753
748	L754
749	L755
750	L756
754	L760
756	L762
757	L763
758	L764
760	L766
761	L767
762	L768
763	L769
764	L770
765	L771
767	L773
770	L776
771	L777
772	L778
773	L779
774	L780
775	L781
776	L782
778	L784
781	L787
783	L789
784	L790
786	L792
789	L795
790	L796
791	L797
792	L798
793	L799
794	L800
795	L801
796	L802
797	L803
798	L804
799	L805
800	L806
801	L807
802	L808
804	L810
805	L811
806	L812
808	L814
809	L815
814	L820
815	L821
816	L822
818	L824
822	L828
823	L829
824	L830
825	L831
828	L834
831	L837
832	L838
833	L839
834	L840
835	L841
836	L842
837	L843
840	L846
841	L847
842	L848
843	L849
845	L851
846	L852
847	L853
848	L854
850	L856
851	L857
852	L858
853	L859
854	L860
855	L861
857	L863
858	L864
859	L865
860	L866
861	L867
862	L868
863	L869
864	L870
865	L871
866	L872
867	L873
868	L874
871	L877
873	L879
874	L880
876	L882
877	L883
878	L884
879	L885
880	L886
884	L890
885	L891
886	L892
888	L894
889	L895
890	L896
891	L897
892	L898
893	L899
894	L900
895	L901
896	L902
897	L903
898	L904
899	L905
901	L907
902	L908
905	L911
907	L913
908	L914
909	L915
910	L916
911	L917
913	L919
914	L920
915	L921
917	L923
918	L924
919	L925
921	L927
922	L928
924	L930
925	L931
926	L932
928	L934
929	L935
932	L938
933	L939
934	L940
935	L941
936	L942
938	L944
939	L945
941	L947
942	L948
943	L949
944	L950
945	L951
946	L952
947	L953
948	L954
949	L955
950	L956
951	L957
952	L958
953	L959
954	L960
955	L961
956	L962
957	L963
958	L964
959	L965
960	L966
961	L967
962	L968
963	L969
964	L970
965	L971
966	L972
967	L973
968	L974
969	L975
970	L976
971	L977
972	L978
973	L979
975	L981
976	L982
977	L983
980	L986
981	L987
982	L988
983	L989
984	L990
985	L991
987	L993
988	L994
989	L995
990	L996
991	L997
992	L998
994	L1000
995	L1001
996	L1002
998	L1004
999	L1005
1000	L1006
1002	L1008
1003	L1009
1006	L1012
1007	L1013
1008	L1014
1009	L1015
1010	L1016
1012	L1018
1014	L1020
1015	L1021
1017	L1023
1019	L1025
1020	L1026
1021	L1027
1022	L1028
1024	L1030
1025	L1031
1026	L1032
1027	L1033
1029	L1035
1030	L1036
1031	L1037
1033	L1039
1035	L1041
1037	L1043
1038	L1044
1039	L1045
1040	L1046
1042	L1048
1043	L1049
1044	L1050
1045	L1051
1046	L1052
1047	L1053
1048	L1054
1050	L1056
1052	L1058
1053	L1059
1054	L1060
1055	L1061
1056	L1062
1057	L1063
1058	L1064
1059	L1065
1061	L1067
1064	L1070
1065	L1071
1066	L1072
1067	L1073
1069	L1075
1072	L1078
1074	L1080
1075	L1081
1076	L1082
1077	L1083
1078	L1084
1079	L1085
1080	L1086
1081	L1087
1082	L1088
1083	L1089
1084	L1090
1087	L1093
1088	L1094
1089	L1095
1090	L1096
1091	L1097
1093	L1099
1095	L1101
1097	L1103
1099	L1105
1100	L1106
1101	L1107
1103	L1109
1104	L1110
1108	L1114
1109	L1115
1110	L1116
1111	L1117
1112	L1118
1113	L1119
1114	L1120
1115	L1121
1116	L1122
1117	L1123
1118	L1124
1120	L1126
1121	L1127
1122	L1128
1126	L1132
1128	L1134
1131	L1137
1132	L1138
1133	L1139
1134	L1140
1136	L1142
1137	L1143
1138	L1144
1139	L1145
1140	L1146
1142	L1148
1144	L1150
1145	L1151
1146	L1152
1148	L1154
1149	L1155
1151	L1157
1153	L1159
1154	L1160
1155	L1161
1156	L1162
1157	L1163
1158	L1164
1159	L1165
1160	L1166
1162	L1168
1163	L1169
1164	L1170
1166	L1172
1167	L1173
1170	L1176
1171	L1177
1172	L1178
1174	L1180
1175	L1181
1176	L1182
1177	L1183
1178	L1184
1179	L1185
1180	L1186
1181	L1187
1182	L1188
1183	L1189
1184	L1190
1185	L1191
1186	L1192
1187	L1193
1188	L1194
1189	L1195
1190	L1196
1191	L1197
1192	L1198
1193	L1199
1194	L1200
1195	L1201
1196	L1202
1197	L1203
1198	L1204
1200	L1206
1201	L1207
1202	L1208
1203	L1209
1204	L1210
1205	L1211
1206	L1212
1207	L1213
1208	L1214
1209	L1215
1210	L1216
1211	L1217
1212	L1218
1213	L1219
1214	L1220
1215	L1221
1217	L1223
1219	L1225
1220	L1226
1221	L1227
1224	L1230
1227	L1233
1228	L1234
1230	L1236
1231	L1237
1232	L1238
1233	L1239
1234	L1240
1237	L1243
1238	L1244
1239	L1245
1240	L1246
1241	L1247
1242	L1248
1243	L1249
1244	L1250
1246	L1252
1247	L1253
1248	L1254
1249	L1255
1251	L1257
1252	L1258
1255	L1261
1256	L1262
1260	L1266
1261	L1267
1262	L1268
1263	L1269
1265	L1271
1266	L1272
1267	L1273
1268	L1274
1269	L1275
1270	L1276
1271	L1277
1272	L1278
1274	L1280
1275	L1281
1276	L1282
1277	L1283
1278	L1284
1280	L1286
1281	L1287
1282	L1288
1283	L1289
1284	L1290
1285	L1291
1286	L1292
1287	L1293
1289	L1295
1290	L1296
1291	L1297
1293	L1299
1294	L1300
1295	L1301
1299	L1305
1301	L1307
1302	L1308
1303	L1309
1304	L1310
1305	L1311
1306	L1312
1307	L1313
1309	L1315
1311	L1317
1312	L1318
1313	L1319
1314	L1320
1315	L1321
1316	L1322
1319	L1325
1320	L1326
1321	L1327
1322	L1328
1324	L1330
1325	L1331
1326	L1332
1327	L1333
1328	L1334
1329	L1335
1330	L1336
1331	L1337
1332	L1338
1333	L1339
1334	L1340
1335	L1341
1336	L1342
1337	L1343
1338	L1344
1339	L1345
1340	L1346
1341	L1347
1342	L1348
1343	L1349
1344	L1350
1345	L1351
1346	L1352
1348	L1354
1349	L1355
1350	L1356
1351	L1357
1352	L1358
1353	L1359
1355	L1361
1356	L1362
1357	L1363
1358	L1364
1359	L1365
1360	L1366
1361	L1367
1362	L1368
1363	L1369
1364	L1370
1365	L1371
1366	L1372
1367	L1373
1368	L1374
1369	L1375
1370	L1376
1372	L1378
1374	L1380
1375	L1381
1376	L1382
1377	L1383
1378	L1384
1379	L1385
1381	L1387
1382	L1388
1383	L1389
1384	L1390
1385	L1391
1386	L1392
1387	L1393
1388	L1394
1389	L1395
1390	L1396
1391	L1397
1393	L1399
1394	L1400
1395	L1401
1396	L1402
1397	L1403
1398	L1404
1399	L1405
1400	L1406
1401	L1407
1402	L1408
1403	L1409
1404	L1410
1405	L1411
1406	L1412
1407	L1413
1408	L1414
1409	L1415
1410	L1416
1411	L1417
1412	L1418
1413	L1419
1415	L1421
1416	L1422
1417	L1423
1418	L1424
1421	L1427
1422	L1428
1423	L1429
1424	L1430
1427	L1433
1428	L1434
1429	L1435
1431	L1437
1433	L1439
1434	L1440
1435	L1441
1436	L1442
1437	L1443
1438	L1444
1439	L1445
1440	L1446
1441	L1447
1442	L1448
1443	L1449
1444	L1450
1445	L1451
1447	L1453
1448	L1454
1450	L1456
1451	L1457
1452	L1458
1453	L1459
1454	L1460
1455	L1461
1456	L1462
1457	L1463
1459	L1465
1460	L1466
1461	L1467
1462	L1468
1463	L1469
1464	L1470
1465	L1471
1466	L1472
1468	L1474
1471	L1477
1472	L1478
1474	L1480
1475	L1481
1477	L1483
1478	L1484
1479	L1485
1481	L1487
1482	L1488
1483	L1489
1484	L1490
1485	L1491
1487	L1493
1488	L1494
1489	L1495
1490	L1496
1491	L1497
1492	L1498
1493	L1499
1495	L1501
1496	L1502
1497	L1503
1498	L1504
1499	L1505
1501	L1507
1502	L1508
1503	L1509
1504	L1510
1505	L1511
1506	L1512
1507	L1513
1508	L1514
1510	L1516
1511	L1517
1512	L1518
1513	L1519
1514	L1520
1515	L1521
1516	L1522
1517	L1523
1518	L1524
1519	L1525
1520	L1526
1521	L1527
1522	L1528
1524	L1530
1525	L1531
1526	L1532
1528	L1534
1529	L1535
1533	L1539
1534	L1540
1535	L1541
1536	L1542
1537	L1543
1538	L1544
1539	L1545
1542	L1548
1543	L1549
1544	L1550
1547	L1553
1548	L1554
1550	L1556
1551	L1557
1552	L1558
1553	L1559
1554	L1560
1556	L1562
1557	L1563
1559	L1565
1560	L1566
1562	L1568
1563	L1569
1564	L1570
1565	L1571
1566	L1572
1567	L1573
1568	L1574
1569	L1575
1570	L1576
1571	L1577
1572	L1578
1573	L1579
1574	L1580
1575	L1581
1576	L1582
1577	L1583
1578	L1584
1579	L1585
1580	L1586
1582	L1588
1583	L1589
1584	L1590
1585	L1591
1586	L1592
1587	L1593
1588	L1594
1590	L1596
1591	L1597
1592	L1598
1593	L1599
1596	L1602
1597	L1603
1601	L1607
1602	L1608
1604	L1610
1608	L1614
1609	L1615
1610	L1616
1612	L1618
1613	L1619
1614	L1620
1616	L1622
1620	L1626
1621	L1627
1622	L1628
1623	L1629
1624	L1630
1625	L1631
1626	L1632
1628	L1634
1629	L1635
1630	L1636
1632	L1638
1633	L1639
1634	L1640
1635	L1641
1636	L1642
1637	L1643
1638	L1644
1640	L1646
1641	L1647
1642	L1648
1643	L1649
1644	L1650
1645	L1651
1646	L1652
1647	L1653
1648	L1654
1650	L1656
1651	L1657
1652	L1658
1653	L1659
1655	L1661
1656	L1662
1659	L1665
1660	L1666
1661	L1667
1662	L1668
1666	L1672
1667	L1673
1668	L1674
1669	L1675
1671	L1677
1672	L1678
1673	L1679
1674	L1680
1676	L1682
1677	L1683
1678	L1684
1679	L1685
1680	L1686
1681	L1687
1682	L1688
1683	L1689
1684	L1690
1686	L1692
1688	L1694
1689	L1695
1690	L1696
1691	L1697
1693	L1699
1694	L1700
1695	L1701
1696	L1702
1698	L1704
1699	L1705
1700	L1706
1701	L1707
1702	L1708
1703	L1709
1704	L1710
1706	L1712
1707	L1713
1708	L1714
1709	L1715
1710	L1716
1711	L1717
1712	L1718
1713	L1719
1715	L1721
1716	L1722
1717	L1723
1719	L1725
1720	L1726
1722	L1728
1723	L1729
1724	L1730
1729	L1735
1730	L1736
1731	L1737
1732	L1738
1733	L1739
1734	L1740
1735	L1741
1736	L1742
1737	L1743
1738	L1744
1739	L1745
1741	L1747
1744	L1750
1745	L1751
1746	L1752
1747	L1753
1748	L1754
1749	L1755
1750	L1756
1751	L1757
1752	L1758
1753	L1759
1755	L1761
1756	L1762
1758	L1764
1759	L1765
1764	L1770
1765	L1771
1766	L1772
1769	L1775
1770	L1776
1771	L1777
1774	L1780
1776	L1782
1777	L1783
1779	L1785
1780	L1786
1782	L1788
1783	L1789
1784	L1790
1785	L1791
1786	L1792
1787	L1793
1788	L1794
1789	L1795
1790	L1796
1791	L1797
1792	L1798
1793	L1799
1794	L1800
1795	L1801
1796	L1802
1799	L1805
1801	L1807
1802	L1808
1803	L1809
1804	L1810
1808	L1814
1809	L1815
1810	L1816
1813	L1819
1814	L1820
1816	L1822
1817	L1823
1818	L1824
1819	L1825
1821	L1827
1822	L1828
1823	L1829
1824	L1830
1825	L1831
1826	L1832
1827	L1833
1828	L1834
1829	L1835
1830	L1836
1832	L1838
1834	L1840
1835	L1841
1836	L1842
1838	L1844
1840	L1846
1841	L1847
1842	L1848
1843	L1849
1845	L1851
1846	L1852
1847	L1853
1848	L1854
1849	L1855
1852	L1858
1853	L1859
1855	L1861
1856	L1862
1857	L1863
1858	L1864
1861	L1867
1863	L1869
1864	L1870
1865	L1871
1866	L1872
1867	L1873
1868	L1874
1869	L1875
1870	L1876
1871	L1877
1872	L1878
1873	L1879
1874	L1880
1875	L1881
1876	L1882
1877	L1883
1878	L1884
1879	L1885
1880	L1886
1881	L1887
1882	L1888
1885	L1891
1886	L1892
1887	L1893
1888	L1894
1889	L1895
1890	L1896
1891	L1897
1893	L1899
1894	L1900
1895	L1901
1896	L1902
1897	L1903
1898	L1904
1900	L1906
1901	L1907
1902	L1908
1903	L1909
1904	L1910
1905	L1911
1906	L1912
1907	L1913
1908	L1914
1909	L1915
1910	L1916
1913	L1919
1914	L1920
1916	L1922
1918	L1924
1919	L1925
1921	L1927
1922	L1928
1923	L1929
1926	L1932
1927	L1933
1928	L1934
1929	L1935
1932	L1938
1933	L1939
1938	L1944
1939	L1945
1942	L1948
1944	L1950
1947	L1953
1949	L1955
1952	L1958
1953	L1959
1954	L1960
1955	L1961
1956	L1962
1957	L1963
1959	L1965
1961	L1967
1962	L1968
1963	L1969
1964	L1970
1965	L1971
1966	L1972
1967	L1973
1969	L1975
1970	L1976
1971	L1977
1972	L1978
1974	L1980
1975	L1981
1976	L1982
1977	L1983
1978	L1984
1980	L1986
1981	L1987
1982	L1988
1983	L1989
1985	L1991
1986	L1992
1987	L1993
1988	L1994
1989	L1995
1990	L1996
1992	L1998
1993	L1999
1995	L2001
1996	L2002
1997	L2003
1998	L2004
1999	L2005
2000	L2006
2001	L2007
2002	L2008
2004	L2010
2006	L2012
2008	L2014
2009	L2015
2010	L2016
2012	L2018
2013	L2019
2014	L2020
2015	L2021
2016	L2022
2017	L2023
2018	L2024
2019	L2025
2020	L2026
2022	L2028
2023	L2029
2024	L2030
2025	L2031
2026	L2032
2027	L2033
2028	L2034
2029	L2035
2030	L2036
2031	L2037
2032	L2038
2033	L2039
2035	L2041
2036	L2042
2037	L2043
2038	L2044
2039	L2045
2040	L2046
2041	L2047
2042	L2048
2043	L2049
2044	L2050
2045	L2051
2046	L2052
2047	L2053
2048	L2054
2049	L2055
2051	L2057
2052	L2058
2053	L2059
2054	L2060
2055	L2061
2056	L2062
2057	L2063
2058	L2064
2059	L2065
2060	L2066
2061	L2067
2062	L2068
2064	L2070
2065	L2071
2066	L2072
2067	L2073
2069	L2075
2070	L2076
2072	L2078
2074	L2080
2075	L2081
2076	L2082
2079	L2085
2080	L2086
2081	L2087
2082	L2088
2085	L2091
2086	L2092
2087	L2093
2088	L2094
2089	L2095
2090	L2096
2091	L2097
2092	L2098
2094	L2100
2095	L2101
2096	L2102
2097	L2103
2098	L2104
2099	L2105
2100	L2106
2101	L2107
2103	L2109
2104	L2110
2105	L2111
2106	L2112
2107	L2113
2108	L2114
2109	L2115
2110	L2116
2113	L2119
2114	L2120
2115	L2121
2116	L2122
2117	L2123
2118	L2124
2119	L2125
2120	L2126
2121	L2127
2123	L2129
2126	L2132
2127	L2133
2129	L2135
2130	L2136
2131	L2137
2133	L2139
2134	L2140
2135	L2141
2136	L2142
2137	L2143
2138	L2144
2141	L2147
2143	L2149
2145	L2151
2146	L2152
2147	L2153
2148	L2154
2149	L2155
2150	L2156
2151	L2157
2152	L2158
2153	L2159
2154	L2160
2156	L2162
2157	L2163
2158	L2164
2160	L2166
2161	L2167
2162	L2168
2163	L2169
2164	L2170
2165	L2171
2166	L2172
2167	L2173
2168	L2174
2170	L2176
2171	L2177
2172	L2178
2173	L2179
2174	L2180
2175	L2181
2176	L2182
2178	L2184
2179	L2185
2180	L2186
2181	L2187
2182	L2188
2183	L2189
2184	L2190
2185	L2191
2186	L2192
2187	L2193
2188	L2194
2189	L2195
2191	L2197
2192	L2198
2193	L2199
2194	L2200
2195	L2201
2196	L2202
2197	L2203
2198	L2204
2200	L2206
2201	L2207
2202	L2208
2203	L2209
2204	L2210
2205	L2211
2206	L2212
2207	L2213
2209	L2215
2210	L2216
2211	L2217
2213	L2219
2214	L2220
2215	L2221
2216	L2222
2217	L2223
2219	L2225
2220	L2226
2221	L2227
2222	L2228
2223	L2229
2224	L2230
2227	L2233
2228	L2234
2229	L2235
2230	L2236
2231	L2237
2232	L2238
2233	L2239
2234	L2240
2236	L2242
2239	L2245
2240	L2246
2241	L2247
2242	L2248
2243	L2249
2244	L2250
2246	L2252
2247	L2253
2248	L2254
2249	L2255
2250	L2256
2251	L2257
2252	L2267
2253	L2268
2254	L2269
2255	L2270
2256	L2271
2257	L2272
2258	L2273
2259	L2274
2262	L2277
2263	L2278
2264	L2279
2266	L2281
2267	L2282
2268	L2283
2269	L2284
2270	L2285
2271	L2286
2273	L2288
2274	L2289
2275	L2290
2277	L2292
2279	L2294
2280	L2295
2281	L2296
2282	L2297
2284	L2299
2285	L2300
2286	L2301
2287	L2302
2288	L2303
2290	L2305
2291	L2306
2292	L2307
2293	L2308
2294	L2309
2295	L2310
2296	L2311
2298	L2313
2299	L2314
2300	L2315
2301	L2316
2303	L2318
2304	L2319
2309	L2324
2310	L2325
2311	L2326
2312	L2327
2313	L2328
2314	L2329
2315	L2330
2316	L2331
2318	L2333
2321	L2336
2322	L2337
2324	L2339
2325	L2340
2326	L2341
2327	L2342
2328	L2343
2330	L2345
2331	L2346
2332	L2347
2334	L2349
2335	L2350
2337	L2352
2338	L2353
2339	L2354
2340	L2355
2341	L2356
2342	L2357
2343	L2358
2345	L2360
2346	L2361
2348	L2363
2349	L2364
2351	L2366
2352	L2367
2354	L2369
2355	L2370
2356	L2371
2357	L2372
2358	L2373
2360	L2375
2361	L2376
2365	L2380
2366	L2381
2368	L2383
2370	L2385
2371	L2386
2372	L2387
2373	L2388
2374	L2389
2375	L2390
2376	L2391
2377	L2392
2378	L2393
2381	L2396
2382	L2397
2383	L2398
2384	L2399
2385	L2400
2388	L2403
2389	L2404
2390	L2405
2391	L2406
2393	L2408
2394	L2409
2395	L2410
2396	L2411
2398	L2413
2399	L2414
2401	L2416
2403	L2418
2404	L2419
2406	L2421
2407	L2422
2408	L2423
2409	L2424
2416	L2431
2417	L2432
2418	L2433
2419	L2434
2420	L2435
2421	L2436
2422	L2437
2423	L2438
2424	L2439
2426	L2441
2427	L2442
2428	L2443
2429	L2444
2430	L2445
2431	L2446
2433	L2448
2434	L2449
2435	L2450
2436	L2451
2437	L2452
2439	L2454
2440	L2455
2442	L2457
2446	L2461
2447	L2462
2448	L2463
2449	L2464
2450	L2465
2452	L2467
2453	L2468
2454	L2469
2455	L2470
2456	L2471
2457	L2472
2458	L2473
2459	L2474
2460	L2475
2461	L2476
2462	L2477
2463	L2478
2464	L2479
2465	L2480
2466	L2481
2467	L2482
2469	L2484
2470	L2485
2471	L2486
2472	L2487
2473	L2488
2474	L2489
2475	L2490
2480	L2495
2481	L2496
2484	L2499
2485	L2500
2486	L2501
2489	L2504
2490	L2505
2491	L2506
2492	L2507
2493	L2508
2495	L2510
2497	L2512
2498	L2513
2499	L2514
2501	L2516
2503	L2518
2504	L2519
2505	L2520
2507	L2522
2508	L2523
2509	L2524
2510	L2525
2511	L2526
2512	L2527
2513	L2528
2514	L2529
2515	L2530
2516	L2531
2517	L2532
2519	L2534
2520	L2535
2521	L2536
2524	L2539
2525	L2540
2526	L2541
2527	L2542
2528	L2543
2531	L2546
2533	L2548
2534	L2549
2536	L2551
2537	L2552
2538	L2553
2539	L2554
2541	L2556
2542	L2557
2543	L2558
2544	L2559
2545	L2560
2546	L2561
2547	L2562
2550	L2565
2551	L2566
2552	L2567
2553	L2568
2554	L2569
2558	L2573
2559	L2574
2560	L2575
2561	L2576
2562	L2577
2563	L2578
2564	L2579
2565	L2580
2566	L2581
2567	L2582
2569	L2584
2571	L2586
2572	L2587
2573	L2588
2574	L2589
2575	L2590
2576	L2591
2577	L2592
2579	L2594
2580	L2595
2584	L2599
2586	L2601
2587	L2602
2588	L2603
2589	L2604
2590	L2605
2592	L2607
2595	L2610
2596	L2611
2597	L2612
2601	L2616
2602	L2617
2603	L2618
2604	L2619
2605	L2620
2606	L2621
2608	L2623
2609	L2624
2610	L2625
2611	L2626
2612	L2627
2613	L2628
2614	L2629
2615	L2630
2616	L2631
2617	L2632
2618	L2633
2620	L2635
2621	L2636
2622	L2637
2624	L2639
2625	L2640
2626	L2641
2627	L2642
2628	L2643
2629	L2644
2630	L2645
2631	L2646
2632	L2647
2633	L2648
2634	L2649
2635	L2650
2636	L2651
2637	L2652
2638	L2653
2639	L2654
2640	L2655
2642	L2657
2643	L2658
2644	L2659
2645	L2660
2646	L2661
2648	L2663
2649	L2664
2650	L2665
2651	L2666
2652	L2667
2653	L2668
2654	L2669
2655	L2670
2656	L2671
2657	L2672
2658	L2673
2661	L2676
2663	L2678
2664	L2679
2665	L2680
2666	L2681
2667	L2682
2670	L2685
2672	L2687
2673	L2688
2674	L2689
2675	L2690
2676	L2691
2678	L2693
2679	L2694
2680	L2695
2683	L2698
2684	L2699
2687	L2702
2689	L2704
2690	L2705
2691	L2706
2692	L2707
2693	L2708
2694	L2709
2695	L2710
2696	L2711
2699	L2714
2700	L2715
2701	L2716
2703	L2718
2704	L2719
2705	L2720
2707	L2722
2708	L2723
2709	L2724
2710	L2725
2711	L2726
2713	L2728
2714	L2729
2715	L2730
2717	L2732
2718	L2733
2719	L2734
2720	L2735
2721	L2736
2722	L2737
2723	L2738
2725	L2740
2726	L2741
2727	L2742
2728	L2743
2729	L2744
2731	L2746
2732	L2747
2733	L2748
2735	L2750
2737	L2752
2738	L2753
2739	L2754
2740	L2755
2741	L2756
2742	L2757
2744	L2759
2746	L2761
2747	L2762
2749	L2764
2751	L2766
2752	L2767
2753	L2768
2755	L2770
2756	L2771
2757	L2772
2759	L2774
2761	L2776
2762	L2777
2763	L2778
2764	L2779
2766	L2781
2767	L2782
2768	L2783
2770	L2785
2771	L2786
2772	L2787
2773	L2788
2776	L2791
2777	L2792
2778	L2793
2779	L2794
2780	L2795
2781	L2796
2783	L2798
2784	L2799
2785	L2800
2786	L2801
2789	L2804
2790	L2805
2791	L2806
2792	L2807
2793	L2808
2794	L2809
2795	L2810
2796	L2811
2797	L2812
2798	L2813
2799	L2814
2800	L2815
2801	L2816
2802	L2817
2803	L2818
2805	L2820
2806	L2821
2807	L2822
2808	L2823
2809	L2824
2810	L2825
2811	L2826
2812	L2827
2814	L2829
2816	L2831
2818	L2833
2820	L2835
2822	L2837
2824	L2839
2825	L2840
2826	L2841
2827	L2842
2828	L2843
2829	L2844
2830	L2845
2831	L2846
2832	L2847
2833	L2848
2836	L2851
2837	L2852
2838	L2853
2839	L2854
2840	L2855
2841	L2856
2842	L2857
2843	L2858
2844	L2859
2845	L2860
2846	L2861
2847	L2862
2849	L2864
2851	L2866
2852	L2867
2856	L2871
2857	L2872
2858	L2873
2860	L2875
2861	L2876
2862	L2877
2863	L2878
2865	L2880
2866	L2881
2867	L2882
2868	L2883
2870	L2885
2871	L2886
2872	L2887
2873	L2888
2874	L2889
2875	L2890
2876	L2891
2877	L2892
2878	L2893
2881	L2896
2882	L2897
2883	L2898
2884	L2899
2885	L2900
2886	L2901
2887	L2902
2888	L2903
2889	L2904
2890	L2905
2891	L2906
2892	L2907
2894	L2909
2895	L2910
2896	L2911
2897	L2912
2898	L2913
2899	L2914
2900	L2915
2901	L2916
2902	L2917
2904	L2919
2905	L2920
2906	L2921
2908	L2923
2909	L2924
2911	L2926
2912	L2927
2913	L2928
2915	L2930
2916	L2931
2917	L2932
2918	L2933
2919	L2934
2920	L2935
2921	L2936
2922	L2937
2923	L2938
2924	L2939
2925	L2940
2926	L2941
2927	L2942
2928	L2943
2929	L2944
2930	L2945
2931	L2946
2932	L2947
2933	L2948
2934	L2949
2935	L2950
2936	L2951
2939	L2954
2940	L2955
2941	L2956
2942	L2957
2943	L2958
2944	L2959
2947	L2962
2948	L2963
2952	L2967
2954	L2969
2955	L2970
2956	L2971
2957	L2972
2958	L2973
2960	L2975
2961	L2976
2963	L2978
2964	L2979
2966	L2981
2967	L2982
2968	L2983
2969	L2984
2970	L2985
2971	L2986
2975	L2990
2977	L2992
2978	L2993
2980	L2995
2981	L2996
2982	L2997
2983	L2998
2985	L3000
2987	L3002
2988	L3003
2989	L3004
2990	L3005
2991	L3006
2992	L3007
2993	L3008
2995	L3010
2996	L3011
2997	L3012
2999	L3014
3000	L3015
3002	L3017
3004	L3019
3006	L3021
3007	L3022
3009	L3024
3010	L3025
3011	L3026
3012	L3027
3013	L3028
3014	L3029
3015	L3030
3016	L3031
3017	L3032
3018	L3033
3019	L3034
3020	L3035
3021	L3036
3022	L3037
3023	L3038
3024	L3039
3025	L3040
3026	L3041
3028	L3043
3029	L3044
3030	L3045
3031	L3046
3032	L3047
3033	L3048
3034	L3049
3035	L3050
3036	L3051
3039	L3054
3040	L3055
3041	L3056
3042	L3057
3043	L3058
3044	L3059
3045	L3060
3046	L3061
3048	L3063
3049	L3064
3053	L3068
3055	L3070
3057	L3072
3059	L3074
3061	L3076
3062	L3077
3063	L3078
3065	L3080
3066	L3081
3067	L3082
3069	L3084
3070	L3085
3071	L3086
3072	L3087
3073	L3088
3074	L3089
3075	L3090
3076	L3091
3077	L3092
3078	L3093
3080	L3095
3081	L3096
3082	L3097
3083	L3098
3084	L3099
3085	L3100
3086	L3101
3087	L3102
3088	L3103
3089	L3104
3091	L3106
3093	L3108
3095	L3110
3096	L3111
3097	L3112
3098	L3113
3099	L3114
3100	L3115
3101	L3116
3102	L3117
3103	L3118
3106	L3121
3108	L3123
3109	L3124
3110	L3125
3112	L3127
3113	L3128
3114	L3129
3115	L3130
3116	L3131
3117	L3132
3119	L3134
3120	L3135
3121	L3136
3122	L3137
3123	L3138
3124	L3139
3125	L3140
3126	L3141
3128	L3143
3130	L3145
3131	L3146
3132	L3147
3133	L3148
3135	L3150
3136	L3151
3141	L3156
3142	L3157
3143	L3158
3144	L3159
3145	L3160
3146	L3161
3147	L3162
3148	L3163
3149	L3164
3150	L3165
3152	L3167
3153	L3168
3154	L3169
3155	L3170
3156	L3171
3157	L3172
3158	L3173
3159	L3174
3160	L3175
3162	L3177
3163	L3178
3165	L3180
3166	L3181
3167	L3182
3168	L3183
3169	L3184
3170	L3185
3171	L3186
3172	L3187
3173	L3188
3174	L3189
3175	L3190
3176	L3191
3178	L3193
3180	L3195
3182	L3197
3183	L3198
3184	L3199
3185	L3200
3186	L3201
3187	L3202
3188	L3203
3189	L3204
3191	L3206
3194	L3209
3195	L3210
3196	L3211
3197	L3212
3199	L3214
3200	L3215
3202	L3217
3204	L3219
3205	L3220
3206	L3221
3207	L3222
3208	L3223
3209	L3224
3210	L3225
3211	L3226
3212	L3227
3213	L3228
3215	L3230
3216	L3231
3218	L3233
3219	L3234
3221	L3236
3222	L3237
3223	L3238
3224	L3239
3225	L3240
3226	L3241
3227	L3242
3231	L3246
3232	L3247
3233	L3248
3235	L3250
3236	L3251
3237	L3252
3238	L3253
3239	L3254
3241	L3256
3242	L3257
3244	L3259
3245	L3260
3246	L3261
3247	L3262
3248	L3263
3249	L3264
3251	L3266
3252	L3267
3253	L3268
3255	L3270
3256	L3271
3257	L3272
3259	L3274
3260	L3275
3261	L3276
3262	L3277
3263	L3278
3266	L3281
3267	L3282
3268	L3283
3269	L3284
3270	L3285
3271	L3286
3272	L3287
3273	L3288
3275	L3290
3276	L3291
3277	L3292
3278	L3293
3279	L3294
3280	L3295
3282	L3297
3284	L3299
3285	L3300
3286	L3301
3288	L3303
3289	L3304
3290	L3305
3292	L3307
3293	L3308
3295	L3310
3296	L3311
3298	L3313
3302	L3317
3303	L3318
3304	L3319
3305	L3320
3308	L3323
3309	L3324
3310	L3325
3313	L3328
3315	L3330
3316	L3331
3317	L3332
3318	L3333
3320	L3335
3321	L3336
3322	L3337
3323	L3338
3324	L3339
3328	L3343
3329	L3344
3330	L3345
3331	L3346
3332	L3347
3333	L3348
3335	L3350
3338	L3353
3339	L3354
3340	L3355
3341	L3356
3343	L3358
3344	L3359
3346	L3361
3347	L3362
3348	L3363
3350	L3365
3351	L3366
3354	L3369
3355	L3370
3356	L3371
3357	L3372
3359	L3374
3360	L3375
3361	L3376
3362	L3377
3364	L3379
3365	L3380
3366	L3381
3367	L3382
3369	L3384
3370	L3385
3371	L3386
3373	L3388
3376	L3391
3377	L3392
3378	L3393
3379	L3394
3380	L3395
3382	L3397
3383	L3398
3384	L3399
3385	L3400
3386	L3401
3387	L3402
3389	L3404
3391	L3406
3392	L3407
3394	L3409
3395	L3410
3396	L3411
3397	L3412
3398	L3413
3399	L3414
3400	L3415
3401	L3416
3402	L3417
3403	L3418
3404	L3419
3405	L3420
3406	L3421
3407	L3422
3408	L3423
3409	L3424
3410	L3425
3411	L3426
3412	L3427
3413	L3428
3414	L3429
3415	L3430
3416	L3431
3417	L3432
3418	L3433
3419	L3434
3420	L3435
3421	L3436
3422	L3437
3423	L3438
3424	L3439
3425	L3440
3426	L3441
3427	L3442
3428	L3443
3429	L3444
3430	L3445
3431	L3446
3432	L3447
3433	L3448
3434	L3449
3435	L3450
3436	L3451
3437	L3452
3438	L3453
3439	L3454
3440	L3455
3441	L3456
3442	L3457
3443	L3458
3444	L3459
3445	L3460
3446	L3461
3447	L3462
3448	L3463
3449	L3464
3450	L3465
3451	L3466
3452	L3467
3453	L3468
3454	L3469
3455	L3470
3456	L3471
3457	L3472
3458	L3473
3459	L3474
3460	L3475
3461	L3476
3462	L3477
3463	L3478
3464	L3479
3466	L3481
3467	L3482
3468	L3483
3469	L3484
3470	L3485
3471	L3486
3473	L3488
3474	L3489
3477	L3492
3478	L3493
3480	L3495
3481	L3496
3482	L3497
3484	L3499
3485	L3500
3486	L3501
3487	L3502
3490	L3505
3491	L3506
3492	L3507
3493	L3508
3494	L3509
3495	L3510
3496	L3511
3497	L3512
3498	L3513
3499	L3514
3500	L3515
3501	L3516
3502	L3517
3503	L3518
3505	L3520
3506	L3521
3507	L3522
3508	L3523
3509	L3524
3510	L3525
3511	L3526
3512	L3527
3513	L3528
3514	L3529
3515	L3530
3516	L3531
3517	L3532
3518	L3533
3519	L3534
3520	L3535
3522	L3537
3523	L3538
3526	L3541
3528	L3543
3530	L3545
3532	L3547
3533	L3548
3534	L3549
3535	L3550
3536	L3551
3537	L3552
3538	L3553
3539	L3554
3540	L3555
3541	L3556
3542	L3557
3544	L3559
3545	L3560
3546	L3561
3547	L3562
3548	L3563
3549	L3564
3551	L3566
3552	L3567
3553	L3568
3554	L3569
3555	L3570
3556	L3571
3557	L3572
3558	L3573
3559	L3574
3560	L3575
3562	L3577
3563	L3578
3564	L3579
3565	L3580
3566	L3581
3567	L3582
3568	L3583
3569	L3584
3570	L3585
3571	L3586
3572	L3587
3574	L3589
3575	L3590
3576	L3591
3577	L3592
3579	L3594
3580	L3595
3581	L3596
3582	L3597
3583	L3598
3584	L3599
3585	L3600
3586	L3601
3587	L3602
3588	L3603
3589	L3604
3590	L3605
3591	L3606
3592	L3607
3593	L3608
3594	L3609
3595	L3610
3596	L3611
3597	L3612
3598	L3613
3599	L3614
3600	L3615
3602	L3617
3605	L3620
3606	L3621
3607	L3622
3609	L3624
3611	L3626
3612	L3627
3614	L3629
3615	L3630
3616	L3631
3617	L3632
3618	L3633
3619	L3634
3620	L3635
3621	L3636
3622	L3637
3623	L3638
3624	L3639
3625	L3640
3626	L3641
3627	L3642
3628	L3643
3629	L3644
3631	L3646
3632	L3647
3633	L3649
3634	L3650
3636	L3652
3641	L3657
3642	L3658
3643	L3659
3646	L3662
3647	L3663
3648	L3664
3649	L3665
3650	L3666
3653	L3669
3654	L3670
3655	L3671
3656	L3672
3657	L3673
3658	L3674
3659	L3675
3660	L3676
3663	L3679
3664	L3680
3665	L3681
3666	L3682
3668	L3684
3671	L3687
3672	L3688
3673	L3689
3674	L3690
3675	L3691
3676	L3692
3680	L3696
3681	L3697
3683	L3699
3684	L3700
3685	L3701
3686	L3702
3687	L3703
3688	L3704
3689	L3705
3690	L3706
3691	L3707
3692	L3708
3693	L3709
3694	L3710
3695	L3711
3696	L3712
3698	L3714
3699	L3715
3700	L3716
3701	L3717
3702	L3718
3704	L3720
3705	L3721
3706	L3722
3707	L3723
3708	L3724
3710	L3726
3713	L3729
3715	L3731
3716	L3732
3717	L3733
3718	L3734
3719	L3735
3721	L3737
3722	L3738
3723	L3739
3724	L3740
3725	L3741
3726	L3742
3727	L3743
3728	L3744
3729	L3745
3730	L3746
3732	L3748
3733	L3749
3734	L3750
3735	L3751
3737	L3753
3738	L3754
3739	L3755
3740	L3756
3741	L3757
3742	L3758
3743	L3759
3744	L3760
3745	L3761
3746	L3762
3747	L3763
3748	L3764
3749	L3765
3750	L3766
3751	L3767
3753	L3769
3754	L3770
3756	L3772
3757	L3773
3758	L3774
3760	L3776
3761	L3777
3762	L3778
3763	L3779
3764	L3780
3765	L3781
3766	L3782
3767	L3783
3769	L3785
3770	L3786
3771	L3787
3772	L3788
3775	L3791
3776	L3792
3777	L3793
3778	L3794
3780	L3796
3781	L3797
3782	L3798
3783	L3799
3784	L3800
3785	L3801
3787	L3803
3788	L3804
3789	L3805
3790	L3806
3791	L3807
3792	L3808
3793	L3809
3795	L3811
3796	L3812
3797	L3813
3798	L3814
3799	L3815
3800	L3816
3801	L3817
3802	L3818
3803	L3819
3804	L3820
3805	L3821
3806	L3822
3807	L3823
3808	L3824
3809	L3825
3810	L3826
3811	L3827
3812	L3828
3813	L3829
3816	L3832
3817	L3833
3818	L3834
3819	L3835
3820	L3836
3821	L3837
3823	L3839
3824	L3840
3825	L3841
3827	L3843
3828	L3844
3829	L3845
3830	L3846
3831	L3847
3834	L3850
3835	L3851
3836	L3852
3837	L3853
3838	L3854
3839	L3855
3842	L3858
3843	L3859
3844	L3860
3845	L3861
3846	L3862
3847	L3863
3848	L3864
3849	L3865
3850	L3866
3851	L3867
3852	L3868
3856	L3872
3857	L3873
3859	L3875
3860	L3876
3861	L3877
3862	L3878
3865	L3881
3866	L3882
3868	L3884
3869	L3885
3870	L3886
3871	L3887
3874	L3890
3876	L3892
3877	L3893
3878	L3894
3881	L3897
3882	L3898
3883	L3899
3884	L3900
3886	L3902
3887	L3903
3888	L3904
3889	L3905
3890	L3906
3891	L3907
3893	L3909
3894	L3910
3895	L3911
3896	L3912
3897	L3913
3898	L3914
3899	L3915
3901	L3917
3903	L3919
3904	L3920
3905	L3921
3908	L3924
3909	L3925
3910	L3926
3911	L3927
3913	L3929
3915	L3931
3917	L3933
3918	L3934
3919	L3935
3920	L3936
3921	L3937
3927	L3943
3930	L3946
3934	L3950
3935	L3951
3936	L3952
3937	L3953
3938	L3954
3939	L3955
3940	L3956
3941	L3957
3943	L3959
3944	L3960
3945	L3961
3947	L3963
3951	L3967
3953	L3969
3956	L3972
3957	L3973
3959	L3975
3960	L3976
3964	L3980
3965	L3981
3966	L3982
3968	L3984
3969	L3985
3970	L3986
3971	L3987
3975	L3991
3976	L3992
3977	L3993
3979	L3995
3980	L3996
3981	L3997
3982	L3998
3983	L3999
3985	L4001
3986	L4002
3987	L4003
3988	L4004
3989	L4005
3990	L4006
3991	L4007
3993	L4009
3994	L4010
3995	L4011
3996	L4012
3997	L4013
3999	L4015
4000	L4016
4001	L4017
4002	L4018
4003	L4019
4005	L4021
4007	L4023
4008	L4024
4009	L4025
4010	L4026
4012	L4028
4014	L4030
4015	L4031
4017	L4033
4018	L4034
4020	L4036
4021	L4037
4023	L4039
4024	L4040
4027	L4043
4028	L4044
4029	L4045
4030	L4046
4031	L4047
4032	L4048
4034	L4050
4036	L4052
4037	L4053
4039	L4055
4040	L4056
4041	L4057
4042	L4058
4043	L4059
4044	L4060
4047	L4063
4048	L4064
4050	L4066
4052	L4068
4055	L4071
4058	L4074
4059	L4075
4060	L4076
4061	L4077
4062	L4078
4063	L4079
4064	L4080
4065	L4081
4067	L4083
4068	L4084
4070	L4086
4071	L4087
4072	L4088
4073	L4089
4075	L4091
4076	L4092
4081	L4097
4084	L4100
4088	L4104
4096	L4112
4097	L4113
4102	L4118
4106	L4122
4107	L4123
4110	L4126
4111	L4127
4114	L4130
4115	L4131
4116	L4132
4118	L4134
4119	L4135
4122	L4138
4123	L4139
4124	L4140
4132	L4148
4133	L4149
4136	L4152
4139	L4155
4140	L4156
4145	L4161
4149	L4165
4150	L4166
4152	L4168
4153	L4169
4156	L4172
4159	L4175
4161	L4177
4169	L4185
4170	L4186
4173	L4189
4174	L4190
4176	L4192
4177	L4193
4178	L4194
4180	L4196
4181	L4197
4183	L4199
4184	L4200
4185	L4201
4187	L4203
4189	L4205
4192	L4208
4197	L4213
4198	L4214
4201	L4217
4206	L4222
4207	L4223
4209	L4225
4210	L4226
4217	L4233
4218	L4234
4219	L4235
4220	L4236
4221	L4237
4225	L4241
4228	L4244
4229	L4245
4232	L4248
4234	L4250
4237	L4253
4248	L4264
4251	L4267
4254	L4270
4257	L4273
4259	L4275
4263	L4279
4264	L4280
4265	L4281
4269	L4285
4270	L4286
4272	L4288
4273	L4289
4277	L4293
4279	L4295
4283	L4299
4287	L4303
4288	L4304
4292	L4308
4293	L4309
4294	L4310
4298	L4314
4301	L4317
4303	L4319
4308	L4324
4309	L4325
4310	L4326
4317	L4333
4318	L4334
4319	L4335
4324	L4340
4327	L4343
4328	L4344
4329	L4345
4330	L4346
4331	L4347
4333	L4349
4338	L4354
4340	L4356
4342	L4358
4344	L4360
4346	L4362
4348	L4364
4349	L4365
4350	L4366
4351	L4367
4352	L4368
4353	L4370
4356	L4373
4357	L4374
4366	L4383
4367	L4384
4368	L4385
4379	L4396
4382	L4399
4387	L4404
4391	L4408
4393	L4410
4396	L4413
4397	L4414
4400	L4417
4404	L4421
4406	L4423
4407	L4424
4408	L4425
4409	L4426
4412	L4429
4414	L4431
4418	L4435
4419	L4436
4424	L4441
4425	L4442
4429	L4446
4431	L4448
4432	L4449
4433	L4450
4434	L4451
4435	L4452
4437	L4454
4438	L4455
4439	L4456
4441	L4458
4442	L4459
4443	L4460
4449	L4466
4450	L4467
4451	L4468
4452	L4469
4455	L4472
4456	L4473
4459	L4476
4462	L4479
4463	L4480
4465	L4482
4466	L4483
4467	L4484
4475	L4492
4478	L4495
4479	L4496
4481	L4498
4484	L4501
4488	L4505
4489	L4506
4491	L4508
4492	L4509
4493	L4510
4495	L4512
4497	L4514
4498	L4515
4499	L4516
4500	L4517
4501	L4518
4503	L4520
4509	L4526
4511	L4528
4512	L4529
4513	L4530
4515	L4532
4517	L4534
4519	L4536
4521	L4538
4524	L4541
4531	L4548
4534	L4551
4535	L4552
4537	L4554
4538	L4555
4539	L4556
4540	L4557
4542	L4559
4544	L4561
4545	L4562
4546	L4563
4547	L4564
4548	L4565
4549	L4566
4550	L4567
4551	L4568
4552	L4569
4556	L4573
4557	L4574
4560	L4577
4563	L4580
4566	L4583
4568	L4585
4569	L4586
4570	L4587
4573	L4590
4574	L4591
4578	L4595
4579	L4596
4580	L4597
4584	L4601
4587	L4604
4590	L4607
4593	L4610
4594	L4611
4595	L4612
4598	L4615
4601	L4618
4602	L4619
4604	L4621
4606	L4623
4607	L4624
4609	L4626
4610	L4627
4618	L4635
4623	L4640
4624	L4641
4629	L4646
4633	L4650
4637	L4654
4640	L4657
4641	L4658
4645	L4662
4651	L4668
4652	L4669
4653	L4670
4654	L4671
4657	L4674
4658	L4675
4659	L4676
4661	L4678
4663	L4680
4664	L4681
4669	L4686
4671	L4688
4674	L4691
4675	L4692
4677	L4694
4679	L4696
4683	L4700
4686	L4703
4687	L4704
4693	L4710
4702	L4719
4703	L4720
4705	L4722
4706	L4723
4709	L4726
4711	L4728
4713	L4730
4714	L4731
4717	L4734
4718	L4735
4719	L4736
4721	L4738
4728	L4745
4733	L4750
4734	L4751
4736	L4753
4740	L4757
4741	L4758
4742	L4759
4745	L4762
4746	L4763
4749	L4766
4752	L4769
4753	L4770
4754	L4771
4755	L4772
4756	L4773
4759	L4776
4767	L4784
4774	L4791
4779	L4796
4789	L4806
4790	L4807
4795	L4812
4796	L4813
4806	L4823
4812	L4829
4813	L4830
4814	L4831
4815	L4832
4816	L4833
4818	L4835
4819	L4836
4821	L4838
4824	L4841
4829	L4846
4834	L4851
4835	L4852
4836	L4853
4840	L4857
4842	L4859
4845	L4862
4851	L4868
4855	L4872
4856	L4873
4859	L4876
4863	L4880
4865	L4882
4866	L4883
4867	L4884
4868	L4885
4870	L4887
4872	L4889
4873	L4890
4874	L4891
4876	L4893
4877	L4894
4880	L4897
4881	L4898
4882	L4899
4883	L4900
4888	L4905
4894	L4911
4896	L4913
4900	L4917
4905	L4922
4906	L4923
4908	L4925
4909	L4926
4913	L4930
4914	L4931
4915	L4932
4919	L4936
4920	L4937
4923	L4940
4924	L4941
4931	L4948
4933	L4950
4935	L4952
4939	L4956
4943	L4960
4944	L4961
4946	L4963
4947	L4964
4949	L4966
4950	L4967
4951	L4968
4952	L4969
4953	L4970
4955	L4972
4956	L4973
4958	L4975
4966	L4983
4967	L4984
4968	L4985
4969	L4986
4971	L4988
4972	L4989
4973	L4990
4975	L4992
4976	L4993
4977	L4994
4978	L4995
4983	L5000
4990	L5007
4991	L5008
4995	L5012
4997	L5014
4998	L5015
4999	L5016
5000	L5017
5002	L5019
5003	L5020
5006	L5023
5008	L5025
5010	L5027
5013	L5030
5025	L5042
5032	L5049
5033	L5050
5036	L5053
5037	L5054
5040	L5057
5041	L5058
5044	L5061
5045	L5062
5047	L5064
5048	L5065
5051	L5068
5053	L5070
5054	L5071
5057	L5074
5059	L5076
5060	L5077
5064	L5081
5068	L5085
5069	L5086
5071	L5088
5072	L5089
5073	L5090
5078	L5095
5079	L5096
5080	L5097
5082	L5099
5083	L5100
5084	L5101
5086	L5103
5088	L5105
5090	L5107
5092	L5109
5095	L5112
5099	L5116
5100	L5117
5101	L5118
5103	L5120
5109	L5126
5116	L5133
5117	L5134
5118	L5135
5120	L5137
5121	L5138
5122	L5139
5123	L5140
5128	L5145
5129	L5146
5133	L5150
5136	L5153
5140	L5157
5144	L5161
5148	L5165
5149	L5166
5151	L5168
5153	L5170
5154	L5171
5155	L5172
5157	L5174
5158	L5175
5160	L5177
5162	L5179
5163	L5180
5167	L5184
5169	L5186
5170	L5187
5171	L5188
5177	L5194
5178	L5195
5182	L5199
5187	L5204
5195	L5212
5196	L5213
5199	L5216
5207	L5224
5208	L5225
5211	L5228
5212	L5229
5222	L5239
5225	L5242
5226	L5243
5231	L5248
5232	L5249
5233	L5250
5234	L5251
5235	L5252
5236	L5253
5241	L5258
5242	L5259
5245	L5262
5247	L5264
5250	L5267
5254	L5271
5255	L5272
5256	L5273
5260	L5277
5261	L5278
5263	L5280
5266	L5283
5267	L5284
5268	L5285
5270	L5287
5272	L5289
5274	L5291
5275	L5292
5281	L5298
5284	L5301
5287	L5304
5289	L5306
5290	L5307
5294	L5311
5295	L5312
5296	L5313
5301	L5318
5306	L5323
5311	L5328
5321	L5338
5322	L5339
5324	L5341
5325	L5342
5326	L5343
5332	L5349
5334	L5351
5336	L5353
5337	L5354
5339	L5356
5340	L5357
5342	L5359
5344	L5361
5345	L5362
5346	L5363
5347	L5364
5348	L5365
5349	L5366
5350	L5367
5352	L5369
5354	L5371
5359	L5376
5360	L5377
5361	L5378
5363	L5380
5364	L5381
5366	L5383
5375	L5392
5379	L5396
5380	L5397
5381	L5398
5382	L5399
5384	L5401
5386	L5403
5387	L5404
5389	L5406
5391	L5408
5394	L5411
5395	L5412
5398	L5415
5399	L5416
5400	L5417
5401	L5418
5402	L5419
5406	L5423
5407	L5424
5409	L5426
5416	L5433
5421	L5438
5422	L5439
5423	L5440
5424	L5441
5425	L5442
5426	L5443
5428	L5445
5430	L5447
5431	L5448
5432	L5449
5434	L5451
5436	L5453
5440	L5457
5442	L5459
5444	L5461
5445	L5462
5447	L5464
5451	L5468
5452	L5469
5453	L5470
5458	L5475
5460	L5477
5461	L5478
5462	L5479
5464	L5481
5466	L5483
5467	L5484
5468	L5485
5469	L5486
5470	L5487
5473	L5490
5474	L5491
5476	L5493
5477	L5494
5478	L5495
5479	L5496
5480	L5497
5481	L5498
5484	L5501
5485	L5502
5486	L5503
5493	L5510
5494	L5511
5495	L5512
5497	L5514
5498	L5515
5502	L5519
5504	L5521
5505	L5522
5506	L5523
5507	L5524
5508	L5525
5509	L5526
5513	L5530
5515	L5532
5516	L5533
5518	L5535
5522	L5539
5523	L5540
5524	L5541
5526	L5543
5531	L5548
5532	L5549
5536	L5553
5538	L5555
5540	L5557
5543	L5560
5544	L5561
5550	L5567
5553	L5570
5555	L5572
5557	L5574
5558	L5575
5561	L5578
5562	L5579
5563	L5580
5564	L5581
5566	L5583
5568	L5585
5569	L5586
5571	L5588
5577	L5594
5580	L5597
5585	L5602
5587	L5604
5595	L5612
5596	L5613
5597	L5614
5599	L5616
5601	L5618
5604	L5621
5605	L5622
5606	L5623
5609	L5626
5614	L5631
5617	L5634
5628	L5645
5630	L5647
5637	L5654
5638	L5655
5639	L5656
5642	L5659
5643	L5660
5647	L5664
5648	L5665
5649	L5666
5652	L5669
5653	L5670
5660	L5677
5662	L5679
5663	L5680
5672	L5689
5676	L5693
5677	L5694
5678	L5695
5681	L5698
5685	L5702
5686	L5703
5693	L5710
5697	L5714
5700	L5717
5701	L5718
5703	L5720
5712	L5729
5713	L5730
5714	L5731
5717	L5734
5719	L5736
5720	L5737
5721	L5738
5722	L5739
5723	L5740
5727	L5744
5728	L5745
5732	L5749
5733	L5750
5735	L5752
5736	L5753
5745	L5762
5749	L5766
5750	L5767
5753	L5770
5755	L5772
5757	L5774
5759	L5776
5761	L5778
5763	L5780
5764	L5781
5765	L5782
5768	L5785
5776	L5793
5777	L5794
5779	L5796
5782	L5799
5788	L5805
5789	L5806
5797	L5814
5798	L5815
5802	L5819
5810	L5827
5814	L5831
5817	L5834
5823	L5840
5826	L5843
5833	L5850
5834	L5851
5835	L5852
5839	L5856
5843	L5860
5849	L5866
5850	L5867
5852	L5869
5853	L5870
5856	L5873
5857	L5874
5861	L5878
5863	L5880
5866	L5883
5867	L5884
5868	L5885
5870	L5887
5873	L5890
5876	L5893
5877	L5894
5878	L5895
5883	L5900
5887	L5904
5889	L5906
5894	L5911
5899	L5916
5901	L5918
5902	L5919
5904	L5921
5905	L5922
5906	L5923
5907	L5924
5910	L5927
5911	L5928
5913	L5930
5914	L5931
5915	L5932
5919	L5936
5925	L5942
5926	L5943
5927	L5944
5928	L5945
5929	L5946
5930	L5947
5932	L5949
5933	L5950
5935	L5952
5936	L5953
5940	L5957
5941	L5958
5942	L5959
5943	L5960
5944	L5961
5946	L5963
5947	L5964
5948	L5965
5954	L5971
5958	L5975
5960	L5977
5965	L5982
5967	L5984
5970	L5987
5971	L5988
5972	L5989
5973	L5990
5975	L5992
5976	L5993
5977	L5994
5978	L5995
5979	L5996
5980	L5997
5981	L5998
5984	L6001
5988	L6005
5991	L6008
5992	L6009
5997	L6014
6006	L6023
6009	L6026
6010	L6027
6015	L6032
6017	L6034
6018	L6035
6019	L6036
6020	L6037
6021	L6038
6023	L6040
6025	L6042
6026	L6043
6029	L6046
6030	L6047
6031	L6048
6037	L6054
6038	L6055
6041	L6058
6042	L6059
6043	L6060
6044	L6061
6046	L6063
6050	L6067
6051	L6068
6059	L6076
6060	L6077
6061	L6078
6063	L6080
6069	L6086
6071	L6088
6072	L6089
6073	L6090
6074	L6091
6075	L6092
6078	L6095
6080	L6097
6081	L6098
6083	L6100
6084	L6101
6086	L6103
6087	L6104
6088	L6105
6089	L6106
6090	L6107
6092	L6109
6094	L6111
6095	L6112
6102	L6119
6104	L6121
6107	L6124
6111	L6128
6112	L6129
6117	L6134
6119	L6136
6120	L6137
6125	L6142
6126	L6143
6127	L6144
6129	L6146
6131	L6148
6134	L6151
6135	L6152
6138	L6155
6139	L6156
6141	L6158
6143	L6160
6146	L6163
6147	L6164
6148	L6165
6149	L6166
6153	L6170
6155	L6172
6156	L6173
6157	L6174
6159	L6176
6162	L6179
6163	L6180
6165	L6182
6166	L6183
6167	L6184
6169	L6186
6170	L6187
6172	L6189
6173	L6190
6175	L6192
6176	L6193
6177	L6194
6181	L6198
6182	L6199
6188	L6205
6189	L6206
6191	L6208
6193	L6210
6194	L6211
6196	L6213
6197	L6214
6199	L6216
6201	L6218
6202	L6219
6204	L6221
6209	L6226
6210	L6227
6211	L6228
6213	L6230
6214	L6231
6215	L6232
6217	L6234
6219	L6236
6222	L6239
6229	L6246
6231	L6248
6233	L6250
6235	L6252
6237	L6254
6238	L6255
6241	L6258
6242	L6259
6243	L6260
6244	L6261
6245	L6262
6249	L6266
6250	L6267
6251	L6268
6260	L6277
6262	L6279
6263	L6280
6264	L6281
6267	L6284
6268	L6285
6271	L6288
6272	L6289
6276	L6293
6279	L6296
6281	L6298
6282	L6299
6285	L6302
6286	L6303
6290	L6307
6293	L6310
6295	L6312
6296	L6313
6298	L6315
6299	L6316
6300	L6317
6301	L6318
6302	L6319
6304	L6321
6305	L6322
6306	L6323
6307	L6324
6309	L6326
6310	L6327
6311	L6328
6312	L6329
6313	L6330
6314	L6331
6315	L6332
6316	L6333
6317	L6334
6318	L6335
6319	L6336
6320	L6337
6321	L6338
6322	L6339
6324	L6341
6325	L6342
6326	L6343
6328	L6345
6330	L6347
6331	L6348
6332	L6349
6333	L6350
6334	L6351
6335	L6352
6336	L6353
6337	L6354
6338	L6355
6343	L6360
6344	L6361
6346	L6363
6347	L6364
6348	L6365
6349	L6366
6351	L6368
6353	L6370
6354	L6371
6355	L6372
6356	L6373
6358	L6375
6359	L6376
6361	L6378
6362	L6379
6363	L6380
6364	L6381
6365	L6382
6366	L6383
6367	L6384
6368	L6385
6371	L6388
6372	L6389
6373	L6390
6375	L6392
6376	L6393
6378	L6395
6382	L6399
6383	L6400
6384	L6401
6385	L6402
6387	L6404
6388	L6405
6391	L6408
6393	L6410
6396	L6413
6403	L6420
6405	L6422
6406	L6423
6408	L6425
6410	L6427
6414	L6431
6417	L6434
6420	L6437
6421	L6438
6422	L6439
6423	L6440
6424	L6441
6426	L6443
6428	L6445
6430	L6447
6436	L6453
6437	L6454
6438	L6455
6440	L6457
6447	L6464
6449	L6466
6452	L6469
6453	L6470
6454	L6471
6455	L6472
6456	L6473
6457	L6474
6458	L6475
6460	L6477
6462	L6479
6463	L6480
6464	L6481
6465	L6482
6467	L6484
6468	L6485
6469	L6486
6470	L6487
6474	L6491
6475	L6492
6477	L6494
6481	L6498
6483	L6500
6484	L6501
6485	L6502
6486	L6503
6489	L6506
6490	L6507
6491	L6508
6492	L6509
6493	L6510
6495	L6512
6498	L6515
6499	L6516
6501	L6518
6502	L6519
6503	L6520
6506	L6523
6507	L6524
6513	L6530
6514	L6531
6515	L6532
6516	L6533
6521	L6538
6535	L6552
6536	L6553
6538	L6555
6539	L6556
6543	L6560
6547	L6564
6549	L6566
6554	L6571
6559	L6576
6561	L6578
6565	L6582
6566	L6583
6570	L6587
6572	L6589
6573	L6590
6577	L6594
6578	L6595
6581	L6598
6583	L6600
6587	L6604
6589	L6606
6591	L6608
6592	L6609
6594	L6611
6600	L6617
6601	L6618
6604	L6621
6609	L6626
6610	L6627
6613	L6630
6614	L6631
6616	L6633
6621	L6638
6623	L6640
6624	L6641
6625	L6642
6627	L6644
6628	L6645
6629	L6646
6630	L6647
6633	L6650
6636	L6653
6637	L6654
6639	L6656
6640	L6657
6641	L6658
6643	L6660
6644	L6661
6645	L6662
6649	L6666
6650	L6667
6651	L6668
6652	L6669
6655	L6672
6660	L6677
6661	L6678
6663	L6680
6667	L6684
6672	L6689
6674	L6691
6677	L6694
6681	L6698
6682	L6699
6684	L6701
6685	L6702
6686	L6703
6690	L6707
6696	L6713
6698	L6715
6700	L6717
6701	L6718
6703	L6720
6704	L6721
6705	L6722
6708	L6725
6709	L6726
6710	L6727
6712	L6729
6716	L6733
6720	L6737
6727	L6744
6730	L6747
6731	L6748
6732	L6749
6733	L6750
6736	L6753
6740	L6757
6742	L6759
6743	L6760
6747	L6764
6749	L6766
6750	L6767
6754	L6771
6758	L6775
6760	L6777
6762	L6779
6763	L6780
6764	L6781
6765	L6782
6767	L6784
6772	L6789
6773	L6790
6774	L6791
6775	L6792
6778	L6795
6783	L6800
6786	L6803
6792	L6809
6794	L6811
6796	L6813
6797	L6814
6798	L6815
6801	L6818
6804	L6821
6806	L6823
6810	L6827
6816	L6833
6820	L6837
6821	L6838
6823	L6840
6829	L6846
6830	L6847
6837	L6854
6840	L6857
6842	L6859
6844	L6861
6845	L6862
6847	L6864
6848	L6865
6849	L6866
6851	L6868
6853	L6870
6857	L6874
6863	L6880
6867	L6884
6868	L6885
6869	L6886
6871	L6888
6872	L6889
6873	L6890
6876	L6893
6879	L6896
6882	L6899
6885	L6902
6886	L6903
6888	L6905
6889	L6906
6890	L6907
6900	L6917
6903	L6920
6905	L6922
6911	L6928
6912	L6929
6913	L6930
6914	L6931
6915	L6932
6917	L6934
6920	L6937
6921	L6938
6922	L6939
6923	L6940
6924	L6941
6926	L6943
6927	L6944
6929	L6946
6941	L6958
6942	L6959
6943	L6960
6948	L6965
6949	L6966
6950	L6967
6953	L6970
6959	L6976
6961	L6978
6965	L6982
6966	L6983
6969	L6986
6971	L6988
6972	L6989
6974	L6991
6977	L6994
6979	L6996
6981	L6998
6982	L6999
6983	L7000
6984	L7001
6986	L7003
6988	L7005
6990	L7007
6995	L7012
6997	L7014
7001	L7018
7002	L7019
7008	L7025
7011	L7028
7013	L7030
7015	L7032
7016	L7033
7017	L7034
7018	L7035
7019	L7036
7021	L7038
7022	L7039
7025	L7042
7026	L7043
7027	L7044
7033	L7050
7036	L7053
7039	L7056
7041	L7058
7042	L7059
7046	L7063
7048	L7065
7054	L7071
7055	L7072
7056	L7073
7057	L7074
7058	L7075
7060	L7077
7061	L7078
7063	L7080
7064	L7081
7068	L7085
7069	L7086
7070	L7087
7074	L7091
7075	L7092
7076	L7093
7079	L7096
7080	L7097
7085	L7102
7090	L7107
7091	L7108
7094	L7111
7096	L7113
7097	L7114
7107	L7124
7108	L7125
7112	L7129
7117	L7134
7118	L7135
7120	L7137
7123	L7140
7124	L7141
7125	L7142
7126	L7143
7127	L7144
7131	L7148
7133	L7150
7135	L7152
7139	L7156
7142	L7159
7144	L7161
7145	L7162
7146	L7163
7147	L7164
7150	L7167
7152	L7169
7155	L7172
7158	L7175
7161	L7178
7162	L7179
7167	L7184
7168	L7185
7171	L7188
7172	L7189
7173	L7190
7174	L7191
7175	L7192
7176	L7193
7177	L7194
7178	L7195
7180	L7197
7181	L7198
7182	L7199
7184	L7201
7185	L7202
7186	L7203
7188	L7205
7189	L7206
7190	L7207
7192	L7209
7193	L7210
7196	L7213
7197	L7214
7198	L7215
7200	L7217
7205	L7222
7206	L7223
7207	L7224
7210	L7227
7211	L7228
7212	L7229
7217	L7234
7220	L7237
7227	L7244
7228	L7245
7230	L7247
7231	L7248
7236	L7253
7237	L7254
7238	L7255
7241	L7258
7244	L7261
7245	L7262
7246	L7263
7249	L7266
7253	L7270
7254	L7271
7255	L7272
7256	L7273
7258	L7275
7260	L7277
7261	L7278
7262	L7279
7264	L7281
7265	L7282
7269	L7286
7274	L7291
7275	L7292
7277	L7294
7282	L7299
7283	L7300
7287	L7304
7288	L7305
7290	L7307
7291	L7308
7297	L7314
7302	L7319
7303	L7320
7306	L7323
7307	L7324
7310	L7327
7311	L7328
7312	L7329
7313	L7330
7315	L7332
7316	L7333
7318	L7335
7321	L7338
7322	L7339
7324	L7341
7326	L7343
7327	L7344
7329	L7346
7330	L7347
7331	L7348
7332	L7349
7335	L7352
7337	L7354
7342	L7359
7348	L7365
7350	L7367
7351	L7368
7353	L7370
7354	L7371
7355	L7372
7357	L7374
7359	L7376
7361	L7378
7362	L7379
7363	L7380
7364	L7381
7365	L7382
7367	L7384
7368	L7385
7369	L7386
7374	L7391
7377	L7394
7380	L7397
7381	L7398
7383	L7400
7388	L7405
7393	L7410
7395	L7412
7397	L7414
7399	L7416
7401	L7418
7402	L7419
7403	L7420
7404	L7421
7405	L7422
7406	L7423
7407	L7424
7408	L7425
7409	L7426
7410	L7427
7411	L7428
7412	L7429
7413	L7430
7414	L7431
7415	L7432
7417	L7434
7418	L7435
7420	L7437
7421	L7438
7422	L7439
7423	L7440
7425	L7442
7427	L7444
7428	L7445
7429	L7446
7431	L7448
7432	L7449
7433	L7450
7434	L7451
7435	L7452
7436	L7453
7439	L7456
7440	L7457
7441	L7458
7443	L7460
7444	L7461
7445	L7462
7446	L7463
7449	L7466
7450	L7467
7451	L7468
7452	L7469
7455	L7472
7456	L7473
7457	L7474
7458	L7475
7459	L7476
7463	L7480
7464	L7481
7471	L7488
7473	L7490
7475	L7492
7476	L7493
7478	L7495
7479	L7496
7480	L7497
7481	L7498
7483	L7500
7485	L7502
7489	L7506
7490	L7507
7491	L7508
7493	L7510
7495	L7512
7497	L7514
7499	L7516
7508	L7525
7514	L7531
7517	L7534
7518	L7535
7519	L7536
7522	L7539
7524	L7541
7525	L7542
7527	L7544
7530	L7547
7531	L7548
7532	L7549
7536	L7553
7537	L7554
7539	L7556
7540	L7557
7543	L7560
7545	L7562
7547	L7564
7548	L7565
7550	L7567
7553	L7570
7555	L7572
7556	L7573
7559	L7576
7560	L7577
7564	L7581
7566	L7583
7567	L7584
7568	L7585
7570	L7587
7571	L7588
7573	L7590
7574	L7591
7579	L7596
7580	L7597
7581	L7598
7582	L7599
7583	L7600
7584	L7601
7585	L7602
7587	L7604
7588	L7605
7593	L7610
7594	L7611
7596	L7613
7599	L7616
7600	L7617
7604	L7621
7605	L7622
7612	L7629
7613	L7630
7617	L7634
7618	L7635
7622	L7639
7625	L7642
7627	L7644
7628	L7645
7630	L7647
7632	L7649
7633	L7650
7634	L7651
7635	L7652
7636	L7653
7640	L7657
7646	L7663
7649	L7666
7651	L7668
7654	L7671
7656	L7673
7660	L7677
7661	L7678
7662	L7679
7671	L7688
7673	L7690
7678	L7695
7680	L7697
7682	L7699
7684	L7701
7685	L7702
7697	L7714
7700	L7717
7702	L7719
7706	L7723
7707	L7724
7708	L7725
7711	L7728
7712	L7729
7715	L7732
7718	L7735
7729	L7746
7731	L7748
7734	L7751
7735	L7752
7736	L7753
7738	L7755
7740	L7757
7745	L7762
7747	L7764
7748	L7765
7749	L7766
7750	L7767
7752	L7769
7756	L7773
7757	L7774
7759	L7776
7761	L7778
7762	L7779
7763	L7780
7764	L7781
7776	L7793
7777	L7794
7778	L7795
7781	L7798
7782	L7799
7784	L7801
7786	L7803
7787	L7804
7790	L7807
7793	L7810
7800	L7817
7804	L7821
7807	L7824
7809	L7826
7813	L7830
7814	L7831
7816	L7833
7818	L7835
7819	L7836
7820	L7837
7825	L7842
7829	L7846
7831	L7848
7832	L7849
7833	L7850
7834	L7851
7835	L7852
7839	L7856
7840	L7857
7842	L7859
7843	L7860
7844	L7861
7849	L7866
7851	L7868
7855	L7872
7858	L7875
7862	L7879
7865	L7882
7870	L7887
7872	L7889
7873	L7890
7879	L7896
7880	L7897
7890	L7907
7894	L7911
7897	L7914
7898	L7915
7901	L7918
7903	L7920
7905	L7922
7906	L7923
7910	L7927
7914	L7931
7922	L7939
7924	L7941
7935	L7952
7937	L7954
7940	L7957
7942	L7959
7944	L7961
7946	L7963
7951	L7968
7952	L7969
7957	L7974
7959	L7976
7963	L7980
7964	L7981
7965	L7982
7966	L7983
7969	L7986
7970	L7987
7971	L7988
7972	L7989
7973	L7990
7975	L7992
7977	L7994
7981	L7998
7985	L8002
7987	L8004
7989	L8006
7992	L8009
7994	L8011
7995	L8012
7996	L8013
7999	L8016
8001	L8018
8002	L8019
8004	L8021
8005	L8022
8007	L8024
8008	L8025
8009	L8026
8010	L8027
8013	L8030
8014	L8031
8020	L8037
8021	L8038
8023	L8040
8026	L8043
8028	L8045
8030	L8047
8033	L8050
8035	L8052
8036	L8053
8038	L8055
8042	L8059
8043	L8060
8045	L8062
8046	L8063
8047	L8064
8048	L8065
8049	L8066
8050	L8067
8051	L8068
8056	L8073
8060	L8077
8061	L8078
8062	L8079
8063	L8080
8064	L8081
8065	L8082
8072	L8089
8073	L8090
8078	L8095
8079	L8096
8085	L8102
8086	L8103
8095	L8112
8097	L8114
8098	L8115
8100	L8117
8105	L8122
8109	L8126
8110	L8127
8116	L8133
8118	L8135
8121	L8138
8122	L8139
8123	L8140
8125	L8142
8129	L8146
8130	L8147
8131	L8148
8133	L8150
8134	L8151
8136	L8153
8137	L8154
8139	L8156
8140	L8157
8141	L8158
8142	L8159
8150	L8167
8152	L8169
8156	L8173
8161	L8178
8163	L8180
8164	L8181
8166	L8183
8167	L8184
8172	L8189
8173	L8190
8174	L8191
8176	L8193
8178	L8195
8184	L8201
8190	L8207
8194	L8211
8195	L8212
8196	L8213
8198	L8215
8199	L8216
8203	L8220
8205	L8222
8207	L8224
8213	L8230
8214	L8231
8219	L8236
8221	L8238
8231	L8248
8241	L8258
8243	L8260
8249	L8266
8250	L8267
8251	L8268
8252	L8269
8255	L8272
8257	L8274
8260	L8277
8261	L8278
8262	L8279
8263	L8280
8264	L8281
8275	L8292
8282	L8299
8283	L8300
8285	L8302
8286	L8303
8287	L8304
8289	L8306
8290	L8307
8291	L8308
8294	L8311
8296	L8313
8298	L8315
8299	L8316
8301	L8318
8302	L8319
8304	L8321
8306	L8323
8308	L8325
8313	L8330
8314	L8331
8316	L8333
8317	L8334
8318	L8335
8321	L8338
8327	L8344
8328	L8345
8332	L8349
8333	L8350
8339	L8356
8342	L8359
8346	L8363
8347	L8364
8348	L8365
8349	L8366
8350	L8367
8351	L8368
8353	L8370
8355	L8372
8357	L8374
8360	L8377
8362	L8379
8375	L8392
8376	L8393
8377	L8394
8378	L8395
8381	L8398
8391	L8408
8392	L8409
8393	L8410
8395	L8412
8397	L8414
8400	L8417
8419	L8436
8424	L8441
8428	L8445
8432	L8449
8434	L8451
8439	L8456
8441	L8458
8446	L8463
8452	L8469
8464	L8481
8465	L8482
8472	L8489
8476	L8493
8482	L8499
8485	L8502
8486	L8503
8491	L8508
8492	L8509
8496	L8513
8503	L8520
8504	L8521
8506	L8523
8508	L8525
8509	L8526
8511	L8528
8512	L8529
8513	L8530
8516	L8533
8517	L8534
8518	L8535
8520	L8537
8521	L8538
8522	L8539
8523	L8540
8528	L8545
8529	L8546
8530	L8547
8533	L8550
8534	L8551
8542	L8559
8543	L8560
8546	L8563
8549	L8566
8550	L8567
8555	L8572
8556	L8573
8557	L8574
8561	L8578
8562	L8579
8563	L8580
8564	L8581
8568	L8585
8569	L8586
8572	L8589
8576	L8593
8579	L8596
8584	L8601
8585	L8602
8587	L8604
8592	L8609
8596	L8613
8597	L8614
8598	L8615
8602	L8619
8603	L8620
8610	L8627
8612	L8629
8615	L8632
8617	L8634
8619	L8636
8624	L8641
8626	L8643
8627	L8644
8628	L8645
8629	L8646
8631	L8648
8633	L8650
8634	L8651
8635	L8652
8636	L8653
8638	L8655
8640	L8657
8641	L8658
8643	L8660
8644	L8661
8645	L8662
8646	L8663
8647	L8664
8650	L8667
8661	L8678
8669	L8686
8670	L8687
8676	L8693
8677	L8694
8678	L8695
8685	L8702
8691	L8708
8696	L8713
8698	L8715
8701	L8718
8703	L8720
8708	L8725
8709	L8726
8712	L8729
8718	L8735
8719	L8736
8720	L8737
8721	L8738
8723	L8740
8724	L8741
8726	L8743
8731	L8748
8732	L8749
8734	L8751
8735	L8752
8739	L8756
8741	L8758
8742	L8759
8745	L8762
8747	L8764
8748	L8765
8749	L8766
8750	L8767
8751	L8768
8752	L8769
8753	L8770
8754	L8771
8755	L8772
8756	L8773
8757	L8774
8759	L8776
8761	L8778
8766	L8783
8767	L8784
8769	L8786
8774	L8791
8776	L8793
8781	L8798
8783	L8800
8784	L8801
8785	L8802
8792	L8809
8794	L8811
8795	L8812
8796	L8813
8804	L8821
8805	L8822
8808	L8825
8811	L8828
8813	L8830
8817	L8834
8818	L8835
8820	L8837
8824	L8841
8832	L8849
8838	L8855
8844	L8861
8846	L8863
8847	L8864
8849	L8866
8854	L8871
8855	L8872
8858	L8875
8864	L8881
8867	L8884
8869	L8886
8875	L8892
8877	L8894
8883	L8900
8884	L8901
8886	L8903
8889	L8906
8890	L8907
8891	L8908
8895	L8912
8896	L8913
8904	L8921
8906	L8923
8907	L8924
8909	L8926
8911	L8928
8913	L8930
8914	L8931
8923	L8940
8927	L8944
8928	L8945
8931	L8948
8935	L8952
8936	L8953
8937	L8954
8939	L8956
8942	L8959
8946	L8963
8952	L8969
8953	L8970
8955	L8972
8958	L8975
8959	L8976
8962	L8979
8967	L8984
8968	L8985
8970	L8987
8971	L8988
8972	L8989
8973	L8990
8974	L8991
8976	L8993
8977	L8994
8978	L8995
8982	L8999
8984	L9001
8986	L9003
8989	L9006
8998	L9015
8999	L9016
9009	L9026
9011	L9028
9016	L9033
9021	L9038
9022	L9039
9023	L9040
9024	L9041
9026	L9043
9027	L9044
9030	L9047
9032	L9049
9034	L9051
9035	L9052
9041	L9058
9046	L9063
9047	L9064
9049	L9066
9051	L9068
9055	L9072
9056	L9073
9057	L9074
9058	L9075
9059	L9076
9061	L9078
9063	L9080
9066	L9083
9067	L9084
9068	L9085
9069	L9086
9073	L9090
9078	L9095
9079	L9096
9080	L9097
9081	L9098
9082	L9099
9083	L9100
9085	L9102
9089	L9106
9091	L9108
9093	L9110
9096	L9113
9099	L9116
9101	L9118
9105	L9122
9106	L9123
9109	L9126
9111	L9128
9112	L9129
9114	L9131
9118	L9135
9119	L9136
9120	L9137
9121	L9138
9124	L9141
9132	L9149
9134	L9151
9135	L9152
9136	L9153
9142	L9159
9145	L9162
9146	L9163
9147	L9164
9148	L9165
9150	L9167
9151	L9168
9156	L9173
9158	L9175
9160	L9177
9161	L9178
9162	L9179
9164	L9181
9166	L9183
9168	L9185
9172	L9189
9176	L9193
9177	L9194
9180	L9197
9183	L9200
9188	L9205
9191	L9208
9197	L9214
9199	L9216
9200	L9217
9201	L9218
9202	L9219
9208	L9225
9211	L9228
9212	L9229
9217	L9234
9220	L9237
9223	L9240
9227	L9244
9228	L9245
9229	L9246
9232	L9249
9236	L9253
9241	L9258
9242	L9259
9244	L9261
9248	L9266
9250	L9268
9251	L9269
9259	L9277
9260	L9278
9262	L9280
9263	L9281
9267	L9285
9270	L9288
9271	L9289
9272	L9290
9273	L9291
9274	L9292
9277	L9295
9280	L9298
9293	L9312
9304	L9323
9305	L9324
9307	L9326
9308	L9327
9314	L9333
9316	L9335
9319	L9338
9323	L9342
9324	L9344
9326	L9346
9327	L9347
9328	L9348
9329	L9349
9330	L9350
9333	L9353
9336	L9356
9337	L9357
9340	L9360
9341	L9361
9342	L9362
9343	L9363
9344	L9364
9352	L9372
9353	L9373
9357	L9377
9359	L9379
9361	L9381
9362	L9382
9363	L9383
9365	L9385
9369	L9389
9376	L9396
9377	L9397
9383	L9403
9386	L9406
9392	L9412
9395	L9415
9396	L9416
9405	L9425
9416	L9436
9418	L9438
9419	L9439
9425	L9445
9426	L9446
9428	L9448
9435	L9455
9441	L9461
9442	L9462
9444	L9464
9446	L9466
9448	L9468
9449	L9469
9451	L9471
9454	L9474
9457	L9477
9458	L9478
9460	L9480
9463	L9483
9464	L9484
9469	L9489
9472	L9492
9474	L9494
9475	L9495
9476	L9496
9477	L9497
9478	L9498
9481	L9501
9483	L9503
9486	L9506
9487	L9507
9498	L9518
9500	L9520
9501	L9521
9502	L9522
9505	L9525
9508	L9528
9509	L9529
9511	L9531
9512	L9532
9514	L9534
9515	L9535
9516	L9536
9519	L9539
9523	L9543
9525	L9545
9527	L9547
9530	L9550
9531	L9551
9532	L9552
9537	L9557
9540	L9560
9544	L9564
9549	L9569
9553	L9573
9555	L9575
9561	L9581
9562	L9582
9563	L9583
9566	L9586
9569	L9589
9571	L9591
9576	L9596
9578	L9598
9579	L9599
9583	L9603
9584	L9604
9585	L9605
9591	L9611
9594	L9614
9597	L9617
9600	L9620
9601	L9621
9602	L9622
9603	L9623
9607	L9627
9611	L9631
9614	L9634
9615	L9635
9616	L9636
9618	L9638
9619	L9639
9626	L9646
9627	L9647
9631	L9651
9632	L9652
9634	L9654
9635	L9655
9637	L9657
9639	L9659
9642	L9662
9644	L9664
9646	L9666
9650	L9670
9652	L9672
9655	L9675
9659	L9679
9661	L9681
9662	L9682
9663	L9683
9665	L9685
9668	L9688
9669	L9689
9672	L9692
9674	L9694
9676	L9696
9680	L9700
9683	L9703
9684	L9704
9685	L9705
9686	L9706
9688	L9708
9693	L9713
9695	L9715
9696	L9716
9700	L9720
9703	L9723
9705	L9725
9708	L9728
9713	L9733
9714	L9734
9716	L9736
9718	L9738
9722	L9742
9724	L9744
9732	L9752
9746	L9766
9747	L9767
9749	L9769
9754	L9774
9755	L9775
9757	L9777
9758	L9778
9759	L9779
9760	L9780
9761	L9781
9763	L9783
9764	L9784
9765	L9785
9766	L9786
9767	L9787
9769	L9789
9770	L9790
9772	L9792
9773	L9793
9774	L9794
9775	L9795
9776	L9796
9778	L9798
9779	L9799
9783	L9803
9784	L9804
9785	L9805
9786	L9806
9787	L9807
9790	L9810
9792	L9812
9794	L9814
9795	L9815
9802	L9822
9803	L9823
9807	L9827
9809	L9829
9816	L9836
9824	L9844
9830	L9850
9831	L9851
9832	L9852
9843	L9863
9847	L9867
9848	L9868
9849	L9869
9850	L9870
9855	L9875
9856	L9876
9858	L9878
9859	L9879
9863	L9883
9873	L9893
9874	L9894
9878	L9898
9879	L9899
9886	L9906
9893	L9913
9894	L9914
9897	L9917
9899	L9919
9900	L9920
9904	L9924
9908	L9928
9911	L9931
9913	L9933
9918	L9938
9928	L9948
9932	L9952
9933	L9953
9948	L9968
9949	L9969
9951	L9971
9954	L9974
9955	L9975
9956	L9976
9957	L9977
9958	L9978
9959	L9979
9960	L9980
9962	L9982
9966	L9986
9968	L9988
9976	L9996
9980	L10000
9982	L10002
9983	L10003
9993	L10013
9996	L10016
9998	L10018
9999	L10019
10013	L10032
10014	L10033
10019	L10038
10027	L10046
10031	L10050
10033	L10052
10035	L10054
10036	L10055
10040	L10059
10042	L10061
10043	L10062
10045	L10064
10047	L10066
10048	L10067
10051	L10070
10052	L10071
10054	L10073
10060	L10079
10061	L10080
10062	L10081
10065	L10084
10066	L10085
10068	L10087
10073	L10092
10077	L10096
10079	L10098
10080	L10099
10085	L10104
10090	L10109
10091	L10110
10093	L10112
10095	L10114
10098	L10117
10100	L10119
10101	L10120
10103	L10122
10104	L10123
10105	L10124
10108	L10127
10114	L10133
10117	L10136
10118	L10137
10120	L10139
10121	L10140
10122	L10141
10126	L10146
10128	L10148
10130	L10150
10131	L10151
10135	L10155
10138	L10158
10139	L10159
10146	L10166
10147	L10167
10148	L10168
10150	L10170
10151	L10171
10153	L10173
10156	L10176
10157	L10177
10166	L10186
10171	L10191
10172	L10192
10173	L10193
10174	L10194
10176	L10196
10178	L10198
10180	L10200
10181	L10201
10186	L10206
10187	L10207
10190	L10210
10193	L10213
10200	L10220
10202	L10222
10203	L10223
10206	L10226
10207	L10227
10208	L10228
10209	L10229
10210	L10230
10212	L10232
10215	L10235
10216	L10236
10217	L10237
10218	L10238
10220	L10240
10221	L10241
10222	L10242
10224	L10244
10225	L10245
10226	L10246
10227	L10247
10228	L10248
10229	L10249
10230	L10250
10231	L10251
10232	L10252
10234	L10254
10239	L10260
10240	L10261
10241	L10262
10242	L10263
10244	L10265
10247	L10268
10249	L10270
10250	L10271
10252	L10273
10253	L10274
10255	L10276
10257	L10278
10259	L10280
10260	L10281
10262	L10283
10264	L10285
10266	L10287
10267	L10288
10270	L10291
10275	L10296
10276	L10297
10277	L10298
10281	L10302
10283	L10304
10284	L10305
10291	L10312
10294	L10315
10295	L10316
10298	L10319
10299	L10320
10307	L10328
10309	L10330
10311	L10332
10312	L10333
10315	L10336
10318	L10339
10320	L10341
10322	L10343
10324	L10345
10325	L10346
10329	L10350
10330	L10351
10333	L10354
10334	L10355
10343	L10364
10345	L10366
10346	L10367
10347	L10368
10348	L10369
10350	L10371
10352	L10373
10353	L10374
10354	L10375
10360	L10381
10362	L10383
10363	L10384
10366	L10387
10367	L10388
10369	L10390
10371	L10392
10372	L10393
10376	L10397
10378	L10399
10379	L10400
10380	L10401
10384	L10405
10385	L10406
10387	L10408
10388	L10409
10389	L10410
10391	L10412
10392	L10413
10395	L10416
10397	L10418
10398	L10419
10399	L10420
10404	L10425
10406	L10427
10410	L10431
10411	L10432
10414	L10435
10415	L10436
10419	L10440
10420	L10441
10422	L10443
10426	L10447
10427	L10448
10430	L10451
10431	L10452
10432	L10453
10433	L10454
10434	L10455
10435	L10456
10436	L10457
10437	L10458
10438	L10459
10439	L10460
10440	L10461
10441	L10462
10445	L10466
10447	L10468
10448	L10469
10449	L10470
10450	L10471
10452	L10473
10453	L10474
10454	L10475
10457	L10478
10458	L10479
10459	L10480
10460	L10481
10470	L10491
10471	L10492
10476	L10497
10477	L10498
10478	L10499
10479	L10500
10481	L10502
10483	L10504
10489	L10510
10490	L10511
10492	L10513
10493	L10514
10495	L10516
10497	L10518
10499	L10520
10500	L10521
10502	L10523
10503	L10524
10506	L10527
10508	L10529
10509	L10530
10510	L10531
10512	L10533
10513	L10534
10514	L10535
10518	L10539
10521	L10542
10523	L10544
10524	L10545
10527	L10548
10528	L10549
10529	L10550
10543	L10564
10555	L10576
10562	L10583
10567	L10588
10568	L10589
10570	L10591
10571	L10592
10572	L10593
10574	L10595
10577	L10598
10578	L10599
10581	L10603
10582	L10604
10586	L10608
10587	L10609
10589	L10611
10593	L10615
10594	L10616
10595	L10617
10597	L10619
10598	L10620
10599	L10621
10600	L10622
10610	L10632
10614	L10636
10615	L10637
10620	L10642
10626	L10648
10631	L10653
10634	L10656
10636	L10658
10638	L10660
10639	L10661
10640	L10663
10642	L10665
10643	L10666
10644	L10667
10649	L10672
10651	L10674
10657	L10680
10668	L10691
10670	L10693
10675	L10698
10676	L10699
10679	L10702
10692	L10715
10693	L10716
10695	L10718
10701	L10724
10703	L10726
10711	L10734
10713	L10736
10717	L10740
10718	L10741
10720	L10743
10722	L10745
10726	L10749
10731	L10754
10732	L10755
10735	L10758
10736	L10759
10737	L10760
10738	L10761
10743	L10766
10745	L10768
10751	L10774
10753	L10776
10757	L10780
10760	L10783
10765	L10788
10766	L10789
10767	L10790
10768	L10791
10769	L10792
10771	L10794
10772	L10795
10773	L10796
10774	L10797
10775	L10798
10777	L10800
10778	L10801
10779	L10802
10781	L10804
10782	L10805
10783	L10806
10785	L10808
10786	L10809
10787	L10810
10789	L10812
10790	L10813
10791	L10814
10795	L10818
10800	L10823
10804	L10827
10808	L10831
10809	L10832
10810	L10833
10815	L10838
10816	L10839
10817	L10840
10819	L10842
10820	L10843
10821	L10844
10822	L10845
10824	L10847
10825	L10848
10826	L10849
10827	L10850
10832	L10855
10833	L10856
10834	L10857
10835	L10858
10837	L10860
10838	L10861
10839	L10862
10841	L10864
10842	L10865
10846	L10869
10847	L10870
10848	L10871
10849	L10872
10850	L10873
10851	L10874
10852	L10875
10857	L10880
10861	L10884
10864	L10887
10866	L10889
10867	L10890
10872	L10895
10878	L10901
10885	L10908
10893	L10916
10897	L10920
10901	L10924
10902	L10925
10903	L10926
10905	L10928
10909	L10932
10911	L10934
10913	L10936
10914	L10937
10918	L10941
10921	L10944
10925	L10948
10927	L10950
10929	L10952
10941	L10964
10944	L10967
10948	L10971
10949	L10972
10950	L10973
10951	L10974
10952	L10975
10953	L10976
10958	L10981
10960	L10983
10961	L10984
10963	L10986
10964	L10987
10969	L10992
10970	L10993
10972	L10995
10974	L10997
10975	L10998
10976	L10999
10977	L11000
10980	L11003
10982	L11005
10983	L11006
10985	L11008
10986	L11009
10993	L11016
10996	L11019
10998	L11021
11000	L11023
11001	L11024
11002	L11025
11004	L11027
11005	L11028
11009	L11032
11010	L11033
11015	L11038
11017	L11040
11019	L11042
11020	L11043
11028	L11051
11029	L11052
11030	L11053
11031	L11054
11032	L11055
11033	L11056
11035	L11058
11036	L11059
11037	L11060
11038	L11061
11040	L11063
11042	L11065
11044	L11067
11045	L11068
11047	L11070
11051	L11074
11056	L11079
11057	L11080
11059	L11082
11061	L11084
11065	L11088
11069	L11092
11070	L11093
11071	L11094
11072	L11095
11075	L11098
11076	L11099
11077	L11100
11078	L11101
11083	L11106
11088	L11111
11089	L11112
11090	L11113
11092	L11115
11094	L11117
11096	L11119
11097	L11120
11098	L11121
11100	L11123
11107	L11130
11110	L11133
11114	L11137
11117	L11140
11118	L11141
11119	L11142
11121	L11144
11122	L11145
11124	L11147
11126	L11149
11128	L11151
11131	L11154
11132	L11155
11133	L11156
11134	L11157
11135	L11158
11138	L11161
11142	L11165
11143	L11166
11149	L11172
11155	L11178
11158	L11181
11160	L11183
11161	L11184
11162	L11185
11163	L11186
11182	L11205
11183	L11206
11196	L11219
11201	L11224
11203	L11226
11204	L11227
11206	L11229
11207	L11230
11208	L11231
11209	L11232
11212	L11235
11214	L11237
11215	L11238
11218	L11241
11222	L11245
11225	L11248
11227	L11250
11230	L11253
11232	L11255
11233	L11256
11234	L11257
11236	L11259
11237	L11260
11238	L11261
11239	L11262
11240	L11263
11241	L11264
11242	L11265
11244	L11267
11245	L11268
11246	L11269
11248	L11271
11250	L11273
11251	L11274
11252	L11275
11259	L11282
11260	L11283
11262	L11285
11266	L11289
11267	L11290
11270	L11293
11271	L11294
11273	L11296
11274	L11297
11278	L11301
11280	L11303
11283	L11306
11284	L11307
11291	L11314
11293	L11316
11294	L11317
11295	L11318
11296	L11319
11297	L11320
11298	L11321
11301	L11324
11310	L11333
11311	L11334
11312	L11335
11314	L11337
11315	L11338
11317	L11340
11320	L11343
11323	L11346
11325	L11348
11326	L11349
11328	L11351
11329	L11352
11333	L11356
11334	L11357
11336	L11359
11337	L11360
11340	L11363
11341	L11364
11342	L11365
11344	L11367
11347	L11370
11348	L11371
11351	L11374
11356	L11379
11358	L11381
11362	L11385
11363	L11386
11364	L11387
11365	L11388
11366	L11389
11367	L11390
11369	L11392
11372	L11395
11373	L11396
11378	L11401
11379	L11402
11381	L11404
11382	L11405
11384	L11407
11385	L11408
11389	L11412
11392	L11415
11394	L11417
11396	L11419
11397	L11420
11398	L11421
11400	L11423
11407	L11430
11409	L11432
11410	L11433
11411	L11434
11415	L11438
11417	L11440
11419	L11442
11420	L11443
11425	L11448
11426	L11449
11427	L11450
11430	L11453
11431	L11454
11433	L11456
11442	L11465
11446	L11469
11450	L11473
11455	L11478
11456	L11479
11458	L11481
11459	L11482
11461	L11484
11463	L11486
11464	L11487
11465	L11488
11469	L11492
11471	L11494
11472	L11495
11473	L11496
11475	L11498
11476	L11499
11484	L11507
11485	L11508
11491	L11514
11492	L11515
11497	L11520
11504	L11527
11505	L11528
11508	L11531
11510	L11533
11511	L11534
11522	L11545
11523	L11546
11528	L11551
11529	L11552
11532	L11555
11534	L11557
11535	L11558
11536	L11559
11538	L11561
11543	L11566
11548	L11571
11553	L11576
11555	L11578
11556	L11579
11558	L11581
11560	L11583
11564	L11587
11565	L11588
11572	L11595
11573	L11596
11574	L11597
11581	L11604
11585	L11608
11586	L11609
11589	L11612
11594	L11617
11610	L11633
11617	L11640
11619	L11642
11620	L11643
11621	L11644
11622	L11645
11628	L11651
11629	L11652
11632	L11655
11637	L11660
11639	L11662
11642	L11665
11643	L11666
11646	L11669
11648	L11671
11652	L11675
11653	L11676
11654	L11677
11655	L11678
11660	L11683
11666	L11689
11668	L11691
11674	L11697
11675	L11698
11677	L11700
11678	L11701
11680	L11703
11681	L11704
11688	L11711
11694	L11717
11695	L11718
11699	L11722
11700	L11723
11702	L11725
11714	L11737
11719	L11742
11725	L11748
11726	L11749
11729	L11752
11731	L11754
11732	L11755
11733	L11756
11734	L11757
11736	L11759
11744	L11767
11745	L11768
11746	L11769
11748	L11771
11749	L11772
11752	L11775
11753	L11776
11754	L11777
11759	L11782
11760	L11783
11761	L11784
11762	L11785
11765	L11788
11767	L11790
11768	L11791
11770	L11793
11774	L11797
11782	L11805
11785	L11808
11791	L11814
11792	L11815
11796	L11819
11798	L11821
11803	L11826
11807	L11830
11808	L11831
11810	L11833
11811	L11834
11812	L11835
11813	L11836
11814	L11837
11816	L11839
11817	L11840
11819	L11842
11823	L11846
11824	L11847
11825	L11848
11826	L11849
11827	L11850
11828	L11851
11829	L11852
11831	L11854
11840	L11863
11843	L11866
11847	L11870
11849	L11872
11851	L11874
11852	L11875
11859	L11882
11865	L11888
11866	L11889
11867	L11890
11875	L11898
11879	L11902
11880	L11903
11881	L11904
11882	L11905
11883	L11906
11884	L11907
11885	L11908
11887	L11910
11888	L11911
11889	L11912
11896	L11919
11897	L11920
11899	L11922
11901	L11924
11902	L11925
11903	L11926
11904	L11927
11905	L11928
11909	L11932
11918	L11941
11923	L11946
11924	L11947
11930	L11953
11931	L11954
11932	L11955
11933	L11956
11937	L11959
11938	L11960
11949	L11971
11956	L11978
11959	L11981
11961	L11983
11962	L11984
11965	L11987
11967	L11989
11969	L11991
11971	L11993
11972	L11994
11976	L11998
11981	L12003
11982	L12004
11983	L12005
11986	L12008
11987	L12009
11992	L12014
11994	L12016
11998	L12020
11999	L12021
12000	L12022
12001	L12023
12002	L12024
12003	L12025
12004	L12026
12005	L12027
12008	L12030
12010	L12032
12011	L12033
12012	L12034
12013	L12035
12015	L12037
12016	L12038
12021	L12043
12022	L12044
12023	L12045
12024	L12046
12027	L12049
12029	L12051
12030	L12052
12032	L12054
12036	L12058
12037	L12059
12040	L12062
12041	L12063
12044	L12066
12045	L12067
12046	L12068
12048	L12070
12049	L12071
12051	L12073
12052	L12074
12056	L12078
12057	L12079
12059	L12081
12060	L12082
12061	L12083
12062	L12084
12063	L12085
12065	L12087
12067	L12089
12071	L12093
12072	L12094
12073	L12095
12075	L12097
12079	L12101
12083	L12105
12084	L12106
12088	L12110
12089	L12111
12090	L12112
12091	L12113
12092	L12114
12093	L12115
12094	L12116
12095	L12117
12098	L12120
12102	L12123
12104	L12125
12105	L12126
12108	L12129
12110	L12131
12114	L12135
12115	L12136
12116	L12137
12118	L12139
12120	L12141
12122	L12143
12124	L12145
12126	L12147
12127	L12148
12132	L12154
12134	L12156
12137	L12159
12141	L12163
12146	L12168
12150	L12172
12153	L12175
12154	L12176
12156	L12178
12159	L12181
12161	L12183
12168	L12190
12169	L12191
12175	L12197
12179	L12201
12183	L12205
12184	L12206
12186	L12208
12187	L12209
12191	L12213
12194	L12216
12195	L12217
12196	L12218
12197	L12219
12200	L12222
12202	L12224
12203	L12225
12207	L12229
12208	L12230
12209	L12231
12211	L12233
12216	L12238
12218	L12240
12225	L12247
12226	L12248
12227	L12249
12231	L12253
12232	L12254
12233	L12255
12234	L12256
12236	L12258
12237	L12259
12239	L12261
12240	L12262
12241	L12263
12242	L12264
12244	L12266
12245	L12267
12250	L12272
12253	L12275
12254	L12276
12257	L12279
12261	L12283
12263	L12285
12264	L12286
12269	L12291
12270	L12292
12274	L12296
12275	L12297
12276	L12298
12278	L12300
12279	L12301
12280	L12302
12285	L12307
12286	L12308
12290	L12312
12291	L12313
12292	L12314
12293	L12315
12295	L12317
12297	L12319
12299	L12321
12302	L12324
12303	L12325
12305	L12327
12307	L12329
12308	L12330
12310	L12332
12317	L12339
12319	L12341
12322	L12344
12335	L12357
12336	L12358
12339	L12361
12340	L12362
12341	L12363
12345	L12367
12347	L12369
12348	L12370
12357	L12379
12358	L12380
12359	L12381
12360	L12382
12361	L12383
12364	L12386
12365	L12387
12366	L12388
12369	L12391
12371	L12393
12373	L12395
12374	L12396
12386	L12408
12387	L12409
12389	L12411
12390	L12412
12392	L12414
12394	L12416
12395	L12417
12398	L12420
12399	L12421
12406	L12428
12409	L12431
12414	L12436
12417	L12439
12418	L12440
12420	L12442
12423	L12445
12424	L12446
12432	L12454
12438	L12460
12440	L12462
12448	L12470
12457	L12479
12459	L12481
12463	L12485
12464	L12486
12465	L12487
12467	L12489
12469	L12491
12470	L12492
12474	L12496
12476	L12498
12479	L12501
12480	L12502
12482	L12504
12484	L12506
12487	L12509
12488	L12510
12489	L12511
12490	L12512
12492	L12514
12497	L12519
12501	L12523
12505	L12527
12508	L12530
12511	L12533
12517	L12539
12518	L12540
12520	L12542
12521	L12543
12522	L12544
12526	L12548
12527	L12549
12528	L12550
12530	L12552
12531	L12553
12534	L12556
12536	L12558
12537	L12559
12538	L12560
12539	L12561
12543	L12565
12545	L12567
12546	L12568
12547	L12569
12548	L12570
12550	L12572
12551	L12573
12552	L12574
12553	L12575
12554	L12576
12555	L12577
12556	L12578
12557	L12579
12561	L12583
12563	L12585
12567	L12589
12568	L12590
12571	L12593
12572	L12594
12575	L12597
12577	L12599
12578	L12600
12581	L12603
12584	L12606
12585	L12607
12587	L12609
12589	L12611
12593	L12615
12595	L12617
12598	L12619
12599	L12620
12604	L12625
12608	L12629
12610	L12631
12611	L12632
12613	L12634
12614	L12635
12616	L12637
12618	L12639
12620	L12641
12621	L12642
12622	L12643
12623	L12644
12624	L12645
12627	L12648
12628	L12649
12630	L12651
12631	L12652
12632	L12653
12633	L12654
12634	L12655
12636	L12657
12637	L12658
12638	L12659
12640	L12661
12641	L12662
12643	L12664
12646	L12667
12648	L12669
12650	L12671
12651	L12672
12653	L12674
12654	L12675
12657	L12678
12662	L12683
12663	L12684
12664	L12685
12665	L12686
12666	L12687
12670	L12691
12672	L12693
12675	L12696
12676	L12697
12677	L12698
12678	L12699
12679	L12700
12681	L12702
12688	L12709
12692	L12713
12694	L12715
12695	L12716
12699	L12720
12701	L12722
12706	L12727
12710	L12731
12711	L12732
12712	L12733
12713	L12734
12714	L12735
12715	L12736
12717	L12738
12718	L12739
12719	L12740
12720	L12741
12722	L12743
12726	L12747
12727	L12748
12728	L12749
12729	L12750
12730	L12751
12731	L12752
12732	L12753
12733	L12754
12734	L12755
12736	L12757
12739	L12760
12740	L12761
12742	L12763
12743	L12764
12744	L12765
12745	L12766
12746	L12767
12748	L12769
12749	L12770
12751	L12772
12753	L12774
12754	L12775
12755	L12776
12760	L12781
12761	L12782
12763	L12784
12765	L12786
12768	L12789
12770	L12791
12771	L12792
12774	L12795
12777	L12798
12778	L12799
12784	L12805
12787	L12808
12789	L12810
12790	L12811
12792	L12813
12793	L12814
12800	L12821
12801	L12822
12803	L12824
12805	L12826
12806	L12827
12811	L12832
12813	L12834
12814	L12835
12815	L12836
12818	L12839
12821	L12842
12822	L12843
12823	L12844
12825	L12846
12826	L12847
12829	L12850
12831	L12852
12833	L12854
12838	L12859
12839	L12860
12845	L12866
12847	L12868
12851	L12872
12852	L12873
12853	L12874
12855	L12876
12858	L12879
12861	L12882
12866	L12887
12868	L12889
12869	L12890
12875	L12896
12880	L12901
12883	L12904
12886	L12907
12887	L12908
12888	L12909
12889	L12910
12890	L12911
12892	L12913
12894	L12915
12906	L12927
12908	L12929
12911	L12932
12913	L12934
12914	L12935
12915	L12936
12916	L12937
12917	L12938
12923	L12944
12924	L12945
12925	L12946
12927	L12948
12928	L12949
12931	L12952
12933	L12954
12936	L12957
12937	L12958
12938	L12959
12941	L12962
12942	L12963
12943	L12964
12944	L12965
12951	L12972
12952	L12973
12956	L12977
12957	L12978
12959	L12980
12963	L12984
12973	L12994
12975	L12996
12976	L12997
12977	L12998
12979	L13000
12980	L13001
12981	L13002
12985	L13006
12986	L13007
12988	L13009
12993	L13014
12997	L13018
12998	L13019
12999	L13020
13000	L13021
13001	L13022
13004	L13025
13005	L13026
13007	L13028
13008	L13029
13013	L13034
13014	L13035
13015	L13036
13017	L13038
13019	L13040
13023	L13044
13024	L13045
13025	L13046
13028	L13049
13030	L13051
13031	L13052
13032	L13053
13041	L13062
13042	L13063
13045	L13066
13053	L13074
13055	L13076
13056	L13077
13062	L13083
13066	L13087
13069	L13090
13070	L13091
13071	L13092
13072	L13093
13073	L13094
13074	L13095
13075	L13096
13076	L13097
13077	L13098
13081	L13102
13083	L13104
13085	L13106
13087	L13108
13088	L13109
13089	L13110
13090	L13111
13091	L13112
13094	L13115
13095	L13116
13096	L13117
13098	L13119
13100	L13121
13101	L13122
13102	L13123
13105	L13126
13106	L13127
13108	L13129
13110	L13131
13112	L13133
13113	L13134
13114	L13135
13116	L13137
13117	L13138
13118	L13139
13122	L13143
13124	L13145
13125	L13146
13126	L13147
13131	L13152
13132	L13153
13136	L13157
13137	L13158
13138	L13159
13139	L13160
13140	L13161
13143	L13164
13146	L13167
13147	L13168
13153	L13174
13156	L13177
13158	L13179
13163	L13184
13164	L13185
13165	L13186
13167	L13188
13168	L13189
13169	L13190
13170	L13191
13175	L13196
13178	L13199
13181	L13202
13183	L13204
13188	L13209
13189	L13210
13190	L13211
13195	L13216
13201	L13222
13204	L13225
13206	L13227
13209	L13230
13212	L13233
13215	L13236
13222	L13243
13223	L13244
13225	L13246
13229	L13250
13230	L13251
13231	L13252
13232	L13253
13234	L13255
13235	L13256
13238	L13259
13241	L13262
13242	L13263
13243	L13264
13248	L13269
13250	L13271
13252	L13273
13253	L13274
13254	L13275
13255	L13276
13256	L13277
13259	L13280
13262	L13283
13263	L13284
13264	L13285
13267	L13288
13272	L13293
13273	L13294
13275	L13296
13278	L13299
13280	L13301
13282	L13303
13283	L13304
13286	L13307
13287	L13308
13290	L13311
13293	L13314
13295	L13316
13296	L13317
13299	L13320
13300	L13321
13301	L13322
13302	L13323
13303	L13324
13304	L13325
13307	L13328
13310	L13331
13311	L13332
13314	L13335
13319	L13340
13320	L13341
13321	L13342
13322	L13343
13325	L13346
13327	L13348
13328	L13349
13329	L13350
13334	L13355
13335	L13356
13339	L13360
13341	L13362
13342	L13363
13343	L13364
13345	L13366
13346	L13367
13351	L13372
13352	L13373
13354	L13375
13355	L13376
13365	L13386
13367	L13388
13371	L13392
13372	L13393
13373	L13394
13374	L13395
13375	L13396
13376	L13397
13377	L13398
13379	L13400
13383	L13404
13384	L13405
13386	L13407
13388	L13409
13390	L13411
13392	L13413
13395	L13416
13398	L13419
13401	L13422
13405	L13426
13407	L13428
13409	L13430
13411	L13432
13412	L13433
13415	L13436
13417	L13438
13419	L13440
13420	L13441
13427	L13448
13428	L13449
13429	L13450
13430	L13451
13432	L13453
13433	L13454
13435	L13456
13436	L13457
13437	L13458
13438	L13459
13439	L13460
13440	L13461
13443	L13464
13448	L13469
13449	L13470
13450	L13471
13451	L13472
13452	L13473
13456	L13477
13463	L13484
13465	L13486
13466	L13487
13467	L13488
13469	L13490
13470	L13491
13472	L13493
13473	L13494
13474	L13495
13475	L13496
13476	L13497
13477	L13498
13478	L13499
13479	L13500
13483	L13504
13489	L13510
13491	L13512
13492	L13513
13493	L13514
13505	L13526
13506	L13527
13507	L13528
13509	L13530
13510	L13531
13511	L13532
13512	L13533
13514	L13535
13515	L13536
13516	L13537
13524	L13545
13525	L13546
13528	L13549
13531	L13552
13532	L13553
13535	L13556
13537	L13558
13541	L13562
13542	L13563
13546	L13567
13548	L13569
13550	L13571
13551	L13572
13552	L13573
13558	L13579
13559	L13580
13560	L13581
13562	L13583
13563	L13584
13564	L13585
13565	L13586
13567	L13588
13571	L13592
13574	L13595
13575	L13596
13580	L13601
13581	L13602
13586	L13607
13594	L13615
13595	L13616
13596	L13617
13597	L13618
13600	L13621
13604	L13625
13614	L13635
13620	L13641
13622	L13643
13624	L13645
13632	L13653
13633	L13654
13640	L13661
13643	L13664
13646	L13667
13647	L13668
13648	L13669
13652	L13673
13654	L13675
13656	L13677
13657	L13678
13658	L13679
13659	L13680
13663	L13684
13664	L13685
13671	L13692
13674	L13695
13675	L13696
13677	L13698
13680	L13701
13682	L13703
13684	L13705
13685	L13706
13687	L13708
13689	L13710
13691	L13712
13693	L13714
13694	L13715
13697	L13718
13698	L13719
13700	L13721
13701	L13722
13702	L13723
13703	L13724
13708	L13729
13709	L13730
13711	L13732
13714	L13735
13717	L13738
13721	L13742
13729	L13750
13730	L13751
13731	L13752
13732	L13753
13733	L13754
13736	L13757
13737	L13758
13745	L13766
13748	L13769
13750	L13771
13752	L13773
13753	L13774
13756	L13777
13758	L13779
13763	L13784
13767	L13788
13769	L13790
13776	L13797
13778	L13799
13779	L13800
13780	L13801
13783	L13804
13786	L13807
13788	L13809
13789	L13810
13791	L13812
13792	L13813
13795	L13816
13798	L13819
13801	L13822
13803	L13824
13806	L13827
13807	L13828
13808	L13829
13811	L13832
13812	L13833
13813	L13834
13818	L13839
13820	L13841
13824	L13845
13825	L13846
13827	L13848
13831	L13852
13832	L13853
13838	L13859
13841	L13862
13843	L13864
13844	L13865
13847	L13868
13849	L13870
13850	L13871
13851	L13872
13853	L13874
13854	L13875
13862	L13883
13866	L13887
13867	L13888
13870	L13891
13873	L13894
13875	L13896
13878	L13899
13879	L13900
13882	L13903
13894	L13915
13895	L13916
13897	L13918
13902	L13923
13904	L13925
13912	L13933
13916	L13937
13918	L13939
13919	L13940
13920	L13941
13924	L13945
13925	L13946
13927	L13948
13930	L13951
13931	L13952
13936	L13957
13941	L13962
13943	L13964
13945	L13966
13948	L13969
13952	L13973
13955	L13976
13959	L13980
13961	L13982
13962	L13983
13963	L13984
13964	L13985
13966	L13987
13974	L13995
13978	L13999
13982	L14003
13984	L14005
13987	L14008
13988	L14009
13991	L14012
13992	L14013
13998	L14019
14000	L14021
14002	L14023
14003	L14024
14004	L14025
14005	L14026
14006	L14027
14007	L14028
14008	L14029
14009	L14030
14010	L14031
14011	L14032
14015	L14036
14016	L14037
14017	L14038
14018	L14039
14027	L14048
14028	L14049
14029	L14050
14034	L14055
14035	L14056
14040	L14061
14048	L14069
14053	L14074
14054	L14075
14057	L14078
14059	L14080
14062	L14083
14063	L14084
14064	L14085
14065	L14086
14066	L14087
14068	L14089
14071	L14092
14075	L14096
14079	L14100
14081	L14102
14083	L14104
14086	L14107
14089	L14110
14090	L14111
14091	L14112
14096	L14117
14103	L14124
14104	L14125
14106	L14127
14110	L14131
14113	L14134
14118	L14139
14120	L14141
14122	L14143
14123	L14144
14124	L14145
14125	L14146
14126	L14147
14127	L14148
14130	L14151
14131	L14152
14132	L14153
14133	L14154
14134	L14155
14136	L14157
14137	L14158
14138	L14159
14139	L14160
14142	L14163
14143	L14164
14146	L14167
14148	L14169
14151	L14172
14154	L14175
14155	L14176
14156	L14177
14157	L14178
14160	L14181
14161	L14182
14163	L14184
14165	L14186
14168	L14189
14170	L14191
14171	L14192
14172	L14193
14175	L14196
14185	L14206
14189	L14210
14193	L14214
14197	L14218
14198	L14219
14203	L14224
14204	L14225
14205	L14226
14207	L14228
14208	L14229
14209	L14230
14212	L14233
14213	L14234
14214	L14235
14219	L14240
14220	L14241
14222	L14243
14225	L14246
14231	L14252
14233	L14254
14234	L14255
14236	L14257
14237	L14258
14239	L14260
14241	L14262
14244	L14265
14248	L14269
14249	L14270
14256	L14277
14259	L14280
14262	L14283
14264	L14285
14267	L14288
14268	L14289
14271	L14292
14272	L14293
14277	L14298
14281	L14302
14283	L14304
14284	L14305
14285	L14306
14286	L14307
14288	L14309
14290	L14311
14293	L14314
14294	L14315
14295	L14316
14296	L14317
14297	L14318
14299	L14320
14300	L14321
14301	L14322
14302	L14323
14304	L14325
14305	L14326
14306	L14327
14307	L14328
14308	L14329
14311	L14332
14313	L14334
14314	L14335
14316	L14337
14324	L14345
14329	L14350
14331	L14352
14332	L14353
14333	L14354
14334	L14355
14336	L14357
14338	L14359
14339	L14360
14344	L14365
14346	L14367
14348	L14369
14349	L14370
14351	L14372
14354	L14375
14355	L14376
14356	L14377
14359	L14380
14360	L14381
14361	L14382
14364	L14385
14365	L14386
14366	L14387
14367	L14388
14368	L14389
14369	L14390
14375	L14396
14376	L14397
14377	L14398
14383	L14404
14384	L14405
14385	L14406
14395	L14415
14396	L14416
14397	L14417
14398	L14418
14399	L14419
14403	L14423
14404	L14424
14409	L14429
14410	L14430
14412	L14432
14422	L14442
14425	L14445
14426	L14446
14427	L14447
14428	L14448
14429	L14449
14431	L14451
14434	L14454
14437	L14457
14439	L14459
14451	L14471
14457	L14477
14458	L14478
14462	L14482
14463	L14483
14464	L14484
14468	L14488
14474	L14494
14476	L14496
14478	L14498
14480	L14500
14484	L14504
14486	L14506
14490	L14510
14493	L14513
14495	L14515
14498	L14518
14500	L14520
14510	L14530
14515	L14535
14517	L14537
14522	L14542
14523	L14543
14530	L14550
14532	L14552
14534	L14554
14535	L14555
14536	L14556
14537	L14557
14538	L14558
14539	L14559
14540	L14560
14541	L14561
14542	L14562
14544	L14564
14546	L14566
14548	L14568
14550	L14570
14551	L14571
14555	L14575
14560	L14580
14566	L14586
14573	L14593
14576	L14596
14578	L14598
14581	L14601
14582	L14602
14585	L14605
14587	L14607
14588	L14608
14589	L14609
14592	L14612
14596	L14616
14597	L14617
14598	L14618
14600	L14620
14601	L14621
14603	L14623
14608	L14628
14616	L14636
14624	L14644
14628	L14648
14631	L14651
14634	L14654
14636	L14656
14637	L14657
14638	L14658
14640	L14660
14642	L14662
14643	L14663
14644	L14664
14646	L14666
14647	L14667
14648	L14668
14655	L14674
14660	L14679
14663	L14682
14664	L14683
14665	L14684
14669	L14688
14672	L14691
14673	L14692
14677	L14696
14678	L14697
14680	L14699
14686	L14705
14689	L14708
14690	L14709
14691	L14710
14697	L14716
14698	L14717
14704	L14723
14705	L14724
14706	L14725
14708	L14727
14710	L14729
14711	L14730
14712	L14731
14721	L14740
14723	L14742
14724	L14743
14725	L14744
14726	L14745
14729	L14748
14736	L14755
14737	L14756
14740	L14759
14741	L14760
14743	L14762
14749	L14768
14750	L14769
14754	L14773
14757	L14776
14761	L14780
14764	L14783
14766	L14785
14770	L14789
14771	L14790
14773	L14792
14775	L14794
14776	L14795
14779	L14798
14782	L14801
14784	L14803
14786	L14805
14788	L14807
14798	L14817
14800	L14819
14803	L14822
14805	L14824
14809	L14828
14810	L14829
14813	L14832
14820	L14839
14821	L14840
14822	L14841
14824	L14843
14830	L14849
14833	L14852
14837	L14856
14838	L14857
14840	L14859
14841	L14860
14842	L14861
14846	L14865
14850	L14869
14851	L14870
14856	L14875
14857	L14876
14864	L14883
14866	L14885
14870	L14889
14876	L14895
14883	L14902
14884	L14903
14886	L14905
14887	L14906
14888	L14907
14891	L14910
14892	L14911
14894	L14913
14895	L14914
14897	L14916
14902	L14921
14903	L14922
14909	L14928
14910	L14929
14914	L14933
14918	L14937
14920	L14939
14925	L14944
14928	L14946
14929	L14947
14932	L14950
14937	L14955
14941	L14959
14943	L14961
14944	L14962
14945	L14963
14947	L14965
14952	L14970
14953	L14971
14954	L14972
14960	L14978
14961	L14979
14963	L14981
14964	L14982
14965	L14983
14970	L14988
14972	L14990
14974	L14992
14976	L14994
14977	L14995
14978	L14996
14979	L14997
14980	L14998
14981	L14999
14982	L15000
14988	L15006
14989	L15007
14990	L15008
14991	L15009
14993	L15011
14994	L15012
14995	L15013
14998	L15016
14999	L15017
15001	L15019
15002	L15020
15006	L15024
15008	L15026
15009	L15027
15011	L15029
15012	L15030
15013	L15031
15014	L15032
15017	L15035
15018	L15036
15022	L15040
15023	L15041
15024	L15042
15026	L15044
15033	L15051
15035	L15053
15036	L15054
15038	L15056
15039	L15057
15042	L15060
15044	L15062
15045	L15063
15046	L15064
15047	L15065
15048	L15066
15049	L15067
15050	L15068
15054	L15072
15056	L15074
15057	L15075
15058	L15076
15059	L15077
15060	L15078
15061	L15079
15062	L15080
15063	L15081
15064	L15082
15066	L15084
15067	L15085
15068	L15086
15069	L15087
15071	L15089
15072	L15090
15073	L15091
15074	L15092
15076	L15094
15077	L15095
15078	L15096
15079	L15097
15080	L15098
15081	L15099
15082	L15100
15084	L15102
15088	L15106
15089	L15107
15091	L15109
15092	L15110
15097	L15115
15099	L15117
15100	L15118
15102	L15120
15103	L15121
15105	L15123
15108	L15126
15112	L15130
15115	L15133
15116	L15134
15117	L15135
15119	L15137
15120	L15138
15121	L15139
15125	L15143
15128	L15146
15129	L15147
15131	L15149
15136	L15154
15141	L15159
15146	L15164
15149	L15167
15150	L15168
15151	L15169
15155	L15173
15157	L15175
15162	L15180
15163	L15181
15164	L15182
15165	L15183
15166	L15184
15174	L15192
15175	L15193
15176	L15194
15179	L15197
15181	L15199
15182	L15200
15184	L15202
15185	L15203
15186	L15204
15187	L15205
15191	L15209
15194	L15212
15198	L15216
15201	L15219
15202	L15220
15205	L15223
15206	L15224
15208	L15226
15209	L15227
15211	L15229
15212	L15230
15213	L15231
15219	L15237
15220	L15238
15222	L15240
15223	L15241
15227	L15245
15228	L15246
15233	L15251
15236	L15254
15237	L15255
15238	L15256
15242	L15260
15244	L15262
15256	L15274
15257	L15275
15261	L15279
15268	L15286
15270	L15288
15271	L15289
15272	L15290
15273	L15291
15274	L15292
15276	L15294
15277	L15295
15278	L15296
15279	L15297
15282	L15300
15283	L15301
15284	L15302
15285	L15303
15287	L15305
15292	L15310
15294	L15312
15300	L15318
15301	L15319
15306	L15324
15312	L15330
15313	L15331
15325	L15343
15327	L15345
15328	L15346
15329	L15347
15337	L15355
15338	L15356
15339	L15357
15340	L15358
15346	L15364
15347	L15365
15352	L15370
15353	L15371
15354	L15372
15355	L15373
15358	L15376
15361	L15379
15368	L15386
15373	L15391
15375	L15393
15377	L15395
15378	L15396
15387	L15405
15393	L15411
15394	L15412
15395	L15413
15399	L15417
15400	L15418
15401	L15419
15403	L15421
15404	L15422
15408	L15426
15409	L15427
15411	L15429
15413	L15431
15414	L15432
15415	L15433
15416	L15434
15417	L15435
15423	L15441
15424	L15442
15425	L15443
15427	L15445
15429	L15447
15430	L15448
15431	L15449
15432	L15450
15434	L15452
15437	L15455
15438	L15456
15439	L15457
15441	L15459
15443	L15461
15447	L15465
15448	L15466
15449	L15467
15452	L15470
15458	L15476
15459	L15477
15462	L15480
15469	L15487
15470	L15488
15471	L15489
15473	L15491
15476	L15494
15478	L15496
15482	L15500
15484	L15502
15486	L15504
15487	L15505
15492	L15510
15494	L15512
15495	L15513
15497	L15515
15500	L15518
15501	L15519
15502	L15520
15503	L15521
15504	L15522
15509	L15527
15512	L15530
15513	L15531
15514	L15532
15516	L15534
15518	L15536
15519	L15537
15520	L15538
15521	L15539
15526	L15544
15527	L15545
15531	L15549
15532	L15550
15533	L15551
15534	L15552
15535	L15553
15540	L15558
15541	L15559
15542	L15560
15543	L15561
15553	L15571
15554	L15572
15556	L15574
15559	L15577
15564	L15582
15566	L15584
15567	L15585
15568	L15586
15570	L15588
15574	L15592
15575	L15593
15579	L15597
15581	L15599
15582	L15600
15587	L15605
15588	L15606
15589	L15607
15590	L15608
15591	L15609
15592	L15610
15594	L15612
15596	L15614
15600	L15618
15605	L15623
15606	L15624
15610	L15628
15611	L15629
15613	L15631
15614	L15632
15615	L15633
15617	L15635
15618	L15636
15622	L15640
15623	L15641
15627	L15645
15630	L15648
15634	L15652
15637	L15655
15638	L15656
15640	L15658
15642	L15660
15646	L15664
15648	L15666
15649	L15667
15650	L15668
15656	L15674
15657	L15675
15659	L15677
15661	L15679
15665	L15683
15667	L15685
15671	L15689
15680	L15698
15683	L15701
15684	L15702
15689	L15707
15695	L15713
15696	L15714
15697	L15715
15702	L15720
15703	L15721
15704	L15722
15707	L15725
15708	L15726
15709	L15727
15711	L15729
15715	L15733
15716	L15734
15718	L15736
15720	L15738
15722	L15740
15723	L15741
15726	L15744
15728	L15746
15729	L15747
15731	L15749
15738	L15756
15739	L15757
15740	L15758
15742	L15760
15743	L15761
15744	L15762
15745	L15763
15748	L15766
15749	L15767
15750	L15768
15751	L15769
15752	L15770
15755	L15773
15756	L15774
15758	L15776
15759	L15777
15760	L15778
15766	L15784
15767	L15785
15768	L15786
15771	L15789
15774	L15792
15777	L15795
15782	L15800
15783	L15801
15785	L15803
15787	L15805
15791	L15809
15793	L15811
15794	L15812
15796	L15814
15798	L15816
15805	L15823
15806	L15824
15808	L15826
15811	L15829
15812	L15830
15813	L15831
15814	L15832
15815	L15833
15819	L15837
15822	L15840
15823	L15841
15824	L15842
15827	L15845
15830	L15848
15831	L15849
15835	L15853
15838	L15856
15840	L15858
15844	L15862
15845	L15863
15850	L15868
15855	L15873
15860	L15878
15863	L15881
15865	L15883
15866	L15884
15867	L15885
15871	L15889
15872	L15890
15873	L15891
15875	L15893
15877	L15895
15878	L15896
15880	L15898
15885	L15903
15888	L15906
15891	L15909
15893	L15911
15896	L15914
15899	L15917
15901	L15919
15904	L15922
15908	L15926
15911	L15929
15912	L15930
15914	L15932
15916	L15934
15925	L15943
15935	L15953
15937	L15955
15938	L15956
15939	L15957
15940	L15958
15944	L15962
15945	L15963
15946	L15964
15950	L15968
15951	L15969
15952	L15970
15953	L15971
15955	L15973
15957	L15975
15958	L15976
15963	L15981
15966	L15984
15967	L15985
15971	L15989
15974	L15992
15975	L15993
15976	L15994
15977	L15995
15983	L16001
15985	L16003
15988	L16006
15990	L16008
15991	L16009
15992	L16010
15995	L16013
15997	L16015
15999	L16017
16001	L16019
16002	L16020
16004	L16022
16005	L16023
16006	L16024
16007	L16025
16009	L16027
16010	L16028
16013	L16031
16017	L16034
16018	L16035
16023	L16040
16031	L16048
16034	L16051
16035	L16052
16037	L16054
16039	L16056
16040	L16057
16050	L16067
16051	L16068
16052	L16069
16056	L16073
16057	L16074
16058	L16075
16060	L16077
16061	L16078
16067	L16084
16070	L16087
16074	L16091
16078	L16095
16079	L16096
16081	L16098
16085	L16102
16087	L16104
16088	L16105
16089	L16106
16090	L16107
16092	L16109
16094	L16111
16095	L16112
16096	L16113
16101	L16118
16104	L16121
16105	L16122
