{
  "URI": "https://lhenguabase.wikibase.cloud/entity/L726",
  "entry": {
    "wikitext": "={{-mwl-}}=\u00b6==Substantivo==\u00b6{{flex.mwl|fs=abe|fp=abes}}\u00b6{{parox\u00edtona|a|be|l\u00edngua=mwl}}, {{f}}\u00b6# {{escopo|mwl|zoologia}} [[ave]]\u00b6\u00b6===Sin\u00f3nimo===\u00b6* [[p\u00e1ixaro]]\u00b6\u00b6[[Categoria:Substantivo (Mirand\u00eas)]]\u00b6[[Categoria:Entrada com imagem (Mirand\u00eas)]]",
    "lemma": "abe",
    "reference": "https://pt.wiktionary.org/wiki/abe#mwl",
    "forms": [
      {
        "form": "abe",
        "gram": [
          "Q12",
          "Q15"
        ]
      },
      {
        "form": "abes",
        "gram": [
          "Q13",
          "Q15"
        ]
      }
    ],
    "pos": "Q6",
    "hyphen": "a|be",
    "gender": "Q15",
    "senses": [
      "# {{escopo|mwl|zoologia}} [[ave]]"
    ]
  }
}