{
  "URI": "https://lhenguabase.wikibase.cloud/entity/L693",
  "entry": {
    "wikitext": "={{-mwl-}}=\u00b6==Substantivo==\u00b6{{flex.mwl|fs=abeilha|fp=abeilhas}}\u00b6{{parox\u00edtona|a|bei|lha|l\u00edngua=mwl}}, {{f}}\u00b6# {{escopo|mwl|Inseto}} [[abelha]]\u00b6\u00b6[[Categoria:Substantivo (Mirand\u00eas)]]\u00b6[[Categoria:Animal (Mirand\u00eas)]]\u00b6[[Categoria:Entrada com imagem (Mirand\u00eas)]]",
    "lemma": "abeilha",
    "reference": "https://pt.wiktionary.org/wiki/abeilha#mwl",
    "forms": [
      {
        "form": "abeilha",
        "gram": [
          "Q12",
          "Q15"
        ]
      },
      {
        "form": "abeilhas",
        "gram": [
          "Q13",
          "Q15"
        ]
      }
    ],
    "pos": "Q6",
    "hyphen": "a|bei|lha",
    "gender": "Q15",
    "senses": [
      "# {{escopo|mwl|Inseto}} [[abelha]]"
    ]
  }
}