{
  "URI": "https://lhenguabase.wikibase.cloud/entity/L988",
  "entry": {
    "wikitext": "={{-mwl-}}=\u00b6==Substantivo==\u00b6{{flex.mwl|ms=abra\u00e7o|mp=abra\u00e7os}}\u00b6{{parox\u00edtona|a|bra|\u00e7o|l\u00edngua=mwl}}, {{gram\u00e1tica|m}}\u00b6# [[abra\u00e7o#Mirand\u00eas|abra\u00e7o]]\u00b6\u00b6[[Categoria:Substantivo (Mirand\u00eas)]]",
    "lemma": "abra\u00e7o",
    "reference": "https://pt.wiktionary.org/wiki/abra\u00e7o#mwl",
    "forms": [
      {
        "form": "abra\u00e7o",
        "gram": [
          "Q12",
          "Q14"
        ]
      },
      {
        "form": "abra\u00e7os",
        "gram": [
          "Q13",
          "Q14"
        ]
      }
    ],
    "pos": "Q6",
    "hyphen": "a|bra|\u00e7o",
    "senses": [
      "# [[abra\u00e7o"
    ]
  }
}