{
  "URI": "https://lhenguabase.wikibase.cloud/entity/L977",
  "entry": {
    "wikitext": "={{-mwl-}}=\u00b6==Substantivo==\u00b6{{flex.mwl|ms=abuolo|mp=abuolos|fs=abuola|fp=abuolas}}\u00b6{{parox\u00edtona|a|buo|lo|l\u00edngua=mwl}}, {{m}}\u00b6# [[av\u00f4]]\u00b6\u00b6==Sin\u00f3nimos==\u00b6* [[ab\u00f3#Mirand\u00eas|ab\u00f3]]\u00b6* [[ab\u00f3 de las cal\u00e7as]]\u00b6* [[pai ab\u00f3]]\u00b6\u00b6{{Predefini\u00e7\u00e3o:fam\u00edlia/mwl}}\u00b6\u00b6[[Categoria:Substantivo (Mirand\u00eas)]]\u00b6[[Categoria:Fam\u00edlia (Mirand\u00eas)]]",
    "lemma": "abuolo",
    "reference": "https://pt.wiktionary.org/wiki/abuolo#mwl",
    "forms": [
      {
        "form": "abuolo",
        "gram": [
          "Q12",
          "Q14"
        ]
      },
      {
        "form": "abuolos",
        "gram": [
          "Q13",
          "Q14"
        ]
      },
      {
        "form": "abuola",
        "gram": [
          "Q12",
          "Q15"
        ]
      },
      {
        "form": "abuolas",
        "gram": [
          "Q13",
          "Q15"
        ]
      }
    ],
    "pos": "Q6",
    "hyphen": "a|buo|lo",
    "gender": "Q14",
    "senses": [
      "# [[av\u00f4]]"
    ]
  }
}