{
  "URI": "https://lhenguabase.wikibase.cloud/entity/L308",
  "entry": {
    "wikitext": "={{-mwl-}}=\u00b6==Substantivo==\u00b6{{flex.mwl|ms=ab\u00f3|mp=ab\u00f3s|fs=ab\u00f3|fp=ab\u00f3s}}\u00b6{{ox\u00edtona|a|b\u00f3|l\u00edngua=mwl}}, {{mf}}\u00b6# [[av\u00f4]]\u00b6# [[av\u00f3]]\u00b6\u00b6==Sin\u00f3nimos<sup>1</sup>==\u00b6* [[ab\u00f3 de las cal\u00e7as]]\u00b6* [[pai ab\u00f3]]\u00b6* [[abuolo]]\u00b6\u00b6==Sin\u00f3nimos<sup>2</sup>==\u00b6* [[ab\u00f3 de las saias]]\u00b6* [[mai ab\u00f3]]\u00b6* [[abuola]]\u00b6\u00b6{{Predefini\u00e7\u00e3o:fam\u00edlia/mwl}}\u00b6\u00b6[[Categoria:Substantivo (Mirand\u00eas)]]\u00b6[[Categoria:Fam\u00edlia (Mirand\u00eas)]]",
    "lemma": "ab\u00f3",
    "reference": "https://pt.wiktionary.org/wiki/ab\u00f3#mwl",
    "forms": [
      {
        "form": "ab\u00f3",
        "gram": [
          "Q12",
          "Q14"
        ]
      },
      {
        "form": "ab\u00f3s",
        "gram": [
          "Q13",
          "Q14"
        ]
      },
      {
        "form": "ab\u00f3",
        "gram": [
          "Q12",
          "Q15"
        ]
      },
      {
        "form": "ab\u00f3s",
        "gram": [
          "Q13",
          "Q15"
        ]
      }
    ],
    "pos": "Q6",
    "hyphen": "a|b\u00f3",
    "senses": [
      "# [[av\u00f4]]"
    ]
  }
}