{
  "URI": "https://lhenguabase.wikibase.cloud/entity/L1418",
  "entry": {
    "wikitext": "={{-mwl-}}=\u00b6==Substantivo==\u00b6{{flex.mwl|ms=acuordo|mp=acuordos}}\u00b6{{parox\u00edtona|a|cuor|do|l\u00edngua=mwl}}, {{m}}\u00b6# [[acordo]]\u00b6\u00b6[[Categoria:Substantivo (Mirand\u00eas)]]",
    "lemma": "acuordo",
    "reference": "https://pt.wiktionary.org/wiki/acuordo#mwl",
    "forms": [
      {
        "form": "acuordo",
        "gram": [
          "Q12",
          "Q14"
        ]
      },
      {
        "form": "acuordos",
        "gram": [
          "Q13",
          "Q14"
        ]
      }
    ],
    "pos": "Q6",
    "hyphen": "a|cuor|do",
    "gender": "Q14",
    "senses": [
      "# [[acordo]]"
    ]
  }
}