{
  "URI": "https://lhenguabase.wikibase.cloud/entity/L1398",
  "entry": {
    "wikitext": "={{-mwl-}}=\u00b6==Substantivo==\u00b6{{flex.mwl|fs=adebina|fp=adebinas}}\u00b6{{parox\u00edtona|a|de|bi|na|l\u00edngua=mwl}}, {{f}}\u00b6# [[adivinha]]\u00b6\u00b6==Ver tamb\u00e9m==\u00b6===No Wikcion\u00e1rio===\u00b6{{verTamb\u00e9m.Ini}}\u00b6* [[adebinar]]\u00b6{{verTamb\u00e9m.Fim}}\u00b6\u00b6\u00b6[[Categoria:Substantivo (Mirand\u00eas)]]",
    "lemma": "adebina",
    "reference": "https://pt.wiktionary.org/wiki/adebina#mwl",
    "forms": [
      {
        "form": "adebina",
        "gram": [
          "Q12",
          "Q15"
        ]
      },
      {
        "form": "adebinas",
        "gram": [
          "Q13",
          "Q15"
        ]
      }
    ],
    "pos": "Q6",
    "hyphen": "a|de|bi|na",
    "gender": "Q15",
    "senses": [
      "# [[adivinha]]"
    ]
  }
}