{
  "URI": "https://lhenguabase.wikibase.cloud/entity/L780",
  "entry": {
    "wikitext": "={{-mwl-}}=\u00b6==Substantivo==\u00b6{{flex.mwl|fs=admira\u00e7on|fp=admira\u00e7ones}}\u00b6{{ox\u00edtona|ad|mi|ra|\u00e7on|l\u00edngua=mwl}}, {{f}}\u00b6# [[admira\u00e7\u00e3o]]\u00b6\u00b6===Sin\u00f3nimo===\u00b6{{verTamb\u00e9m.Ini}}\u00b6* [[admiran\u00e7a]]\u00b6{{verTamb\u00e9m.Fim}}\u00b6\u00b6[[Categoria:Substantivo (Mirand\u00eas)]]",
    "lemma": "admira\u00e7on",
    "reference": "https://pt.wiktionary.org/wiki/admira\u00e7on#mwl",
    "forms": [
      {
        "form": "admira\u00e7on",
        "gram": [
          "Q12",
          "Q15"
        ]
      },
      {
        "form": "admira\u00e7ones",
        "gram": [
          "Q13",
          "Q15"
        ]
      }
    ],
    "pos": "Q6",
    "hyphen": "ad|mi|ra|\u00e7on",
    "gender": "Q15",
    "senses": [
      "# [[admira\u00e7\u00e3o]]"
    ]
  }
}