{
  "URI": "https://lhenguabase.wikibase.cloud/entity/L947",
  "entry": {
    "wikitext": "={{-mwl-}}=\u00b6==Substantivo==\u00b6{{flex.mwl|fs=admiran\u00e7a|fp=admiran\u00e7as}}\u00b6{{parox\u00edtona|ad|mi|ran|\u00e7a|l\u00edngua=mwl}}, {{f}}\u00b6# [[admira\u00e7\u00e3o]]\u00b6\u00b6===Sin\u00f3nimo===\u00b6{{verTamb\u00e9m.Ini}}\u00b6* [[admira\u00e7on]]\u00b6{{verTamb\u00e9m.Fim}}\u00b6\u00b6[[Categoria:Substantivo (Mirand\u00eas)]]",
    "lemma": "admiran\u00e7a",
    "reference": "https://pt.wiktionary.org/wiki/admiran\u00e7a#mwl",
    "forms": [
      {
        "form": "admiran\u00e7a",
        "gram": [
          "Q12",
          "Q15"
        ]
      },
      {
        "form": "admiran\u00e7as",
        "gram": [
          "Q13",
          "Q15"
        ]
      }
    ],
    "pos": "Q6",
    "hyphen": "ad|mi|ran|\u00e7a",
    "gender": "Q15",
    "senses": [
      "# [[admira\u00e7\u00e3o]]"
    ]
  }
}