{
  "URI": "https://lhenguabase.wikibase.cloud/entity/L1484",
  "entry": {
    "wikitext": "={{-mwl-}}=\u00b6==Substantivo==\u00b6{{flex.mwl|ms=Ageu|mp=Ageus}}\u00b6{{ox\u00edtona|A|geu|id=mwl}}, {{gram\u00e1tica|pr|m|id=mwl}}\u00b6# {{escopo|mwl|Cristianismo}} [[Ageu#{{pt}}|Ageu]], trig\u00e9simo s\u00e9timo livro da [[B\u00edblia]] e antepen\u00faltimo livro do [[Antigo Testamento]], composto de apenas dois cap\u00edtulos\u00b6# {{escopo|mwl|Cristianismo}} [[Ageu#{{pt}}|Ageu]], nome do profeta que exortou o povo a reedificar o templo\u00b6# {{escopo|mwl|Antrop\u00f4nimo}} [[Ageu#{{pt}}|Ageu]]\u00b6\u00b6==Ver tamb\u00e9m==\u00b6===No Wikcion\u00e1rio===\u00b6{{b\u00edblia/mwl}}\u00b6\u00b6[[Categoria:Substantivo (Mirand\u00eas)]]",
    "lemma": "Ageu",
    "reference": "https://pt.wiktionary.org/wiki/Ageu#mwl",
    "forms": [
      {
        "form": "Ageu",
        "gram": [
          "Q12",
          "Q14"
        ]
      },
      {
        "form": "Ageus",
        "gram": [
          "Q13",
          "Q14"
        ]
      }
    ],
    "pos": "Q6",
    "hyphen": "A|geu",
    "senses": [
      "# {{escopo|mwl|Cristianismo}} [[Ageu"
    ]
  }
}