{
  "URI": "https://lhenguabase.wikibase.cloud/entity/L314",
  "entry": {
    "wikitext": "={{-mwl-}}=\u00b6==Substantivo==\u00b6{{flex.mwl|fs=agonie|fp=agonies}}\u00b6{{parox\u00edtona|a|go|ni|e|l\u00edngua=mwl}}, {{f}}\u00b6# [[agonia]]\u00b6\u00b6[[Categoria:Substantivo (Mirand\u00eas)]]",
    "lemma": "agonie",
    "reference": "https://pt.wiktionary.org/wiki/agonie#mwl",
    "forms": [
      {
        "form": "agonie",
        "gram": [
          "Q12",
          "Q15"
        ]
      },
      {
        "form": "agonies",
        "gram": [
          "Q13",
          "Q15"
        ]
      }
    ],
    "pos": "Q6",
    "hyphen": "a|go|ni|e",
    "gender": "Q15",
    "senses": [
      "# [[agonia]]"
    ]
  }
}