{
  "URI": "https://lhenguabase.wikibase.cloud/entity/L80",
  "entry": {
    "wikitext": "={{-mwl-}}=\u00b6==Substantivo==\u00b6{{flex.mwl|fs=aila|fp=ailas}}\u00b6{{parox\u00edtona|ai|la|l\u00edngua=mwl}}, {{g|f}}\u00b6# {{escopo|mwl|Ave}} [[\u00e1guia]]\u00b6\u00b6===Sin\u00f3nimo===\u00b6* [[\u00e1guila#Mirand\u00eas|\u00e1guila]]\u00b6\u00b6[[Categoria:Substantivo (Mirand\u00eas)]]\u00b6[[Categoria:Animal (Mirand\u00eas)]]\u00b6[[Categoria:Entrada com imagem (Mirand\u00eas)]]",
    "lemma": "aila",
    "reference": "https://pt.wiktionary.org/wiki/aila#mwl",
    "forms": [
      {
        "form": "aila",
        "gram": [
          "Q12",
          "Q15"
        ]
      },
      {
        "form": "ailas",
        "gram": [
          "Q13",
          "Q15"
        ]
      }
    ],
    "pos": "Q6",
    "hyphen": "ai|la",
    "senses": [
      "# {{escopo|mwl|Ave}} [[\u00e1guia]]\u00b6\u00b6"
    ]
  }
}