{
  "URI": "https://lhenguabase.wikibase.cloud/entity/L655",
  "entry": {
    "wikitext": "={{-mwl-}}=\u00b6==Substantivo==\u00b6'''Alb\u00e1nia''', {{gram\u00e1tica|pr}}\u00b6# {{escopo|mwl|Pa\u00eds}} [[Alb\u00e2nia]]\u00b6\u00b6==Ver tamb\u00e9m==\u00b6===No Wikcion\u00e1rio===\u00b6{{Europa/mwl}}\u00b6\u00b6[[Categoria:Substantivo (Mirand\u00eas)]]\u00b6[[Categoria:Entrada com imagem (Mirand\u00eas)]]",
    "lemma": "Alb\u00e1nia",
    "reference": "https://pt.wiktionary.org/wiki/Alb\u00e1nia#mwl",
    "forms": [],
    "pos": "Q6",
    "senses": [
      "# {{escopo|mwl|Pa\u00eds}} [[Alb\u00e2nia]]"
    ]
  }
}