{
  "URI": "https://lhenguabase.wikibase.cloud/entity/L1452",
  "entry": {
    "wikitext": "={{-mwl-}}=\u00b6==Substantivo==\u00b6{{flex.mwl|fs=ald\u00e9|fp=ald\u00e9s}}\u00b6{{ox\u00edtona|al|d\u00e9|l\u00edngua=mwl}}, {{f}}\u00b6# [[aldeia]]\u00b6\u00b6[[Categoria:Substantivo (Mirand\u00eas)]]",
    "lemma": "ald\u00e9",
    "reference": "https://pt.wiktionary.org/wiki/ald\u00e9#mwl",
    "forms": [
      {
        "form": "ald\u00e9",
        "gram": [
          "Q12",
          "Q15"
        ]
      },
      {
        "form": "ald\u00e9s",
        "gram": [
          "Q13",
          "Q15"
        ]
      }
    ],
    "pos": "Q6",
    "hyphen": "al|d\u00e9",
    "gender": "Q15",
    "senses": [
      "# [[aldeia]]"
    ]
  }
}