{
  "URI": "https://lhenguabase.wikibase.cloud/entity/L385",
  "entry": {
    "wikitext": "={{-mwl-}}=\u00b6==Substantivo==\u00b6{{flex.mwl|ms=alimiento|mp=alimientos}}\u00b6{{parox\u00edtona|a|li|mien|to|l\u00edngua=mwl}}, {{m}}\u00b6# {{escopo|mwl|Alimenta\u00e7\u00e3o}} [[alimento]], [[comida]]\u00b6\u00b6[[Categoria:Substantivo (Mirand\u00eas)]]\u00b6[[Categoria:Entrada com imagem (Mirand\u00eas)]]",
    "lemma": "alimiento",
    "reference": "https://pt.wiktionary.org/wiki/alimiento#mwl",
    "forms": [
      {
        "form": "alimiento",
        "gram": [
          "Q12",
          "Q14"
        ]
      },
      {
        "form": "alimientos",
        "gram": [
          "Q13",
          "Q14"
        ]
      }
    ],
    "pos": "Q6",
    "hyphen": "a|li|mien|to",
    "gender": "Q14",
    "senses": [
      "# {{escopo|mwl|Alimenta\u00e7\u00e3o}} [[alimento]], [[comida]]"
    ]
  }
}