{
  "URI": "https://lhenguabase.wikibase.cloud/entity/L221",
  "entry": {
    "wikitext": "={{-mwl-}}=\u00b6==Substantivo==\u00b6{{parox\u00edtona|Al|ma|nha|l\u00edngua=mwl}}, {{pr}}\u00b6# {{escopo|mwl|Geografia}} [[#Portugu\u00eas|Alemanha]]\u00b6\u00b6{{Europa/mwl}}\u00b6\u00b6[[Categoria:Substantivo (Mirand\u00eas)]]\u00b6[[Categoria:Pa\u00eds (Mirand\u00eas)]]\u00b6[[Categoria:Entrada com imagem (Mirand\u00eas)]]",
    "lemma": "Almanha",
    "reference": "https://pt.wiktionary.org/wiki/Almanha#mwl",
    "forms": [],
    "pos": "Q6",
    "hyphen": "Al|ma|nha",
    "senses": [
      "# {{escopo|mwl|Geografia}} [["
    ]
  }
}