{
  "URI": "https://lhenguabase.wikibase.cloud/entity/L991",
  "entry": {
    "wikitext": "={{-mwl-}}=\u00b6==Substantivo==\u00b6{{flex.mwl|fs=almendreira|fp=almendreiras}}\u00b6{{parox\u00edtona|al|men|drei|ra|l\u00edngua=mwl}}, {{f}}\u00b6# {{escopo|mwl|\u00c1rvore}} [[amendoeira]] (''[[species:Prunus dulcis|Prunus dulcis]]'')\u00b6\u00b6==Ver tamb\u00e9m==\u00b6===No Wikcion\u00e1rio===\u00b6{{verTamb\u00e9m.Ini}}\u00b6* [[almendra]]\u00b6{{verTamb\u00e9m.NovaColuna}}\u00b6* [[almendral]]\u00b6{{verTamb\u00e9m.Fim}}\u00b6\u00b6[[Categoria:Substantivo (Mirand\u00eas)]]\u00b6[[Categoria:Bot\u00e2nica (Mirand\u00eas)]]",
    "lemma": "almendreira",
    "reference": "https://pt.wiktionary.org/wiki/almendreira#mwl",
    "forms": [
      {
        "form": "almendreira",
        "gram": [
          "Q12",
          "Q15"
        ]
      },
      {
        "form": "almendreiras",
        "gram": [
          "Q13",
          "Q15"
        ]
      }
    ],
    "pos": "Q6",
    "hyphen": "al|men|drei|ra",
    "gender": "Q15",
    "senses": [
      "# {{escopo|mwl|\u00c1rvore}} [[amendoeira]] (''[[species:Prunus dulcis|Prunus dulcis]]'')"
    ]
  }
}