{
  "URI": "https://lhenguabase.wikibase.cloud/entity/L825",
  "entry": {
    "wikitext": "={{-mwl-}}=\u00b6==Substantivo==\u00b6{{flex.mwl|fs=almendra|fp=almendras}}\u00b6{{parox\u00edtona|al|men|dra|l\u00edngua=mwl}}, {{f}}\u00b6# [[am\u00eandoa]]\u00b6\u00b6==Ver tamb\u00e9m==\u00b6===No Wikcion\u00e1rio===\u00b6{{verTamb\u00e9m.Ini}}\u00b6* [[almendreira]]\u00b6{{verTamb\u00e9m.NovaColuna}}\u00b6* [[almendral]]\u00b6{{verTamb\u00e9m.Fim}}\u00b6\u00b6[[Categoria:Substantivo (Mirand\u00eas)]]\u00b6[[Categoria:Bot\u00e2nica (Mirand\u00eas)]]\u00b6[[Categoria:Triss\u00edlabo (Mirand\u00eas)]]\u00b6[[Categoria:Entrada com imagem (Mirand\u00eas)]]",
    "lemma": "almendra",
    "reference": "https://pt.wiktionary.org/wiki/almendra#mwl",
    "forms": [
      {
        "form": "almendra",
        "gram": [
          "Q12",
          "Q15"
        ]
      },
      {
        "form": "almendras",
        "gram": [
          "Q13",
          "Q15"
        ]
      }
    ],
    "pos": "Q6",
    "hyphen": "al|men|dra",
    "gender": "Q15",
    "senses": [
      "# [[am\u00eandoa]]"
    ]
  }
}