{
  "URI": "https://lhenguabase.wikibase.cloud/entity/L1524",
  "entry": {
    "wikitext": "={{-mwl-}}=\u00b6==Forma de adjetivo==\u00b6{{parox\u00edtona|al|ter|na|ti|ba|l\u00edngua=mwl}}\u00b6# feminino de '''[[alternatibo#{{mwl}}|alternatibo]]'''\u00b6\u00b6==Substantivo==\u00b6{{flex.mwl|fs=alternatiba|fp=alternatibas}}\u00b6{{parox\u00edtona|al|ter|na|ti|ba|l\u00edngua=mwl}}, {{f}}\u00b6# [[alternativa]]\u00b6\u00b6[[Categoria:Forma de adjetivo (Mirand\u00eas)]]\u00b6[[Categoria:Substantivo (Mirand\u00eas)]]",
    "lemma": "alternatiba",
    "reference": "https://pt.wiktionary.org/wiki/alternatiba#mwl",
    "forms": [
      {
        "form": "alternatiba",
        "gram": [
          "Q12",
          "Q15"
        ]
      },
      {
        "form": "alternatibas",
        "gram": [
          "Q13",
          "Q15"
        ]
      }
    ],
    "pos": "Q6",
    "hyphen": "al|ter|na|ti|ba",
    "gender": "Q15",
    "senses": [
      "# feminino de '''[[alternatibo"
    ]
  }
}