{
  "URI": "https://lhenguabase.wikibase.cloud/entity/L735",
  "entry": {
    "wikitext": "={{-mwl-}}=\u00b6==Substantivo==\u00b6{{flex.mwl|fs=altura|fp=alturas}}\u00b6{{parox\u00edtona|al|tu|ra|l\u00edngua=mwl}}, {{g|f}}\u00b6# [[altura#Portugu\u00eas|altura]]\u00b6# altura, [[momento]]\u00b6\u00b6[[Categoria:Substantivo (Mirand\u00eas)]]\u00b6[[Categoria:Geometria (Mirand\u00eas)]]\u00b6[[Categoria:Entrada com imagem (Mirand\u00eas)]]",
    "lemma": "altura",
    "reference": "https://pt.wiktionary.org/wiki/altura#mwl",
    "forms": [
      {
        "form": "altura",
        "gram": [
          "Q12",
          "Q15"
        ]
      },
      {
        "form": "alturas",
        "gram": [
          "Q13",
          "Q15"
        ]
      }
    ],
    "pos": "Q6",
    "hyphen": "al|tu|ra",
    "senses": [
      "# [[altura"
    ]
  }
}