{
  "URI": "https://lhenguabase.wikibase.cloud/entity/L1124",
  "entry": {
    "wikitext": "={{-mwl-}}=\u00b6==Adjetivo==\u00b6{{flex.mwl|ms=amarielho|mp=amarielhos|fs=amarielha|fp=amarielhas}}\u00b6{{parox\u00edtona|a|ma|rie|lho|l\u00edngua=mwl}}, {{gram\u00e1tica|m}}\u00b6# [[amarelo]]\u00b6\u00b6==Substantivo==\u00b6{{parox\u00edtona|a|ma|rie|lho|l\u00edngua=mwl}}, {{gram\u00e1tica|m}}\u00b6# [[amarelo]]\u00b6\u00b6=={{etimologia|mwl}}==\u00b6: Do baixo latim hisp\u00e2nico ''[[amarellu]]''.\u00b6\u00b6==Ver tamb\u00e9m==\u00b6{{cores/mwl}}\u00b6\u00b6[[Categoria:Adjetivo (Mirand\u00eas)]]\u00b6[[Categoria:Substantivo (Mirand\u00eas)]]\u00b6[[Categoria:Cor (Mirand\u00eas)]]",
    "lemma": "amarielho",
    "reference": "https://pt.wiktionary.org/wiki/amarielho#mwl",
    "forms": [
      {
        "form": "amarielho",
        "gram": [
          "Q12",
          "Q14"
        ]
      },
      {
        "form": "amarielhos",
        "gram": [
          "Q13",
          "Q14"
        ]
      },
      {
        "form": "amarielha",
        "gram": [
          "Q12",
          "Q15"
        ]
      },
      {
        "form": "amarielhas",
        "gram": [
          "Q13",
          "Q15"
        ]
      }
    ],
    "pos": "Q8",
    "hyphen": "a|ma|rie|lho",
    "senses": [
      "# [[amarelo]]"
    ]
  }
}