{
  "URI": "https://lhenguabase.wikibase.cloud/entity/L761",
  "entry": {
    "wikitext": "={{-mwl-}}=\u00b6==Substantivo==\u00b6{{flex.mwl|fs=amena\u00e7a|fp=amena\u00e7as}}\u00b6{{parox\u00edtona|a|me|na|\u00e7a|l\u00edngua=mwl}}, {{f}}\u00b6# [[amea\u00e7a]]\u00b6\u00b6[[Categoria:Substantivo (Mirand\u00eas)]]",
    "lemma": "amena\u00e7a",
    "reference": "https://pt.wiktionary.org/wiki/amena\u00e7a#mwl",
    "forms": [
      {
        "form": "amena\u00e7a",
        "gram": [
          "Q12",
          "Q15"
        ]
      },
      {
        "form": "amena\u00e7as",
        "gram": [
          "Q13",
          "Q15"
        ]
      }
    ],
    "pos": "Q6",
    "hyphen": "a|me|na|\u00e7a",
    "gender": "Q15",
    "senses": [
      "# [[amea\u00e7a]]"
    ]
  }
}