{
  "URI": "https://lhenguabase.wikibase.cloud/entity/L442",
  "entry": {
    "wikitext": "={{-mwl-}}=\u00b6==Substantivo==\u00b6{{flex.mwl|ms=amigo|mp=amigos|fs=amiga|fp=amigas}}\u00b6{{parox\u00edtona|a|mi|go|l\u00edngua=mwl}}, {{m}}\u00b6# [[amigo#{{pt}}|amigo]]\u00b6\u00b6[[Categoria:Substantivo (Mirand\u00eas)]]",
    "lemma": "amigo",
    "reference": "https://pt.wiktionary.org/wiki/amigo#mwl",
    "forms": [
      {
        "form": "amigo",
        "gram": [
          "Q12",
          "Q14"
        ]
      },
      {
        "form": "amigos",
        "gram": [
          "Q13",
          "Q14"
        ]
      },
      {
        "form": "amiga",
        "gram": [
          "Q12",
          "Q15"
        ]
      },
      {
        "form": "amigas",
        "gram": [
          "Q13",
          "Q15"
        ]
      }
    ],
    "pos": "Q6",
    "hyphen": "a|mi|go",
    "gender": "Q14",
    "senses": [
      "# [[amigo"
    ]
  }
}