{
  "URI": "https://lhenguabase.wikibase.cloud/entity/L122",
  "entry": {
    "wikitext": "={{-mwl-}}=\u00b6==Adjetivo==\u00b6{{flex.mwl|s=ampossible|p=ampossibles}}\u00b6{{parox\u00edtona|am|pos|si|ble|l\u00edngua=mwl}}, {{c2g}}\u00b6# [[imposs\u00edvel]]\u00b6\u00b6==Substantivo==\u00b6{{flex.mwl|ms=ampossible|mp=ampossibles}}\u00b6{{parox\u00edtona|am|pos|si|ble|l\u00edngua=mwl}}, {{m}}\u00b6# imposs\u00edvel\u00b6\u00b6==Ant\u00f3nimo==\u00b6# [[possible]]\u00b6\u00b6[[Categoria:Adjetivo (Mirand\u00eas)]]\u00b6[[Categoria:Substantivo (Mirand\u00eas)]]",
    "lemma": "ampossible",
    "reference": "https://pt.wiktionary.org/wiki/ampossible#mwl",
    "forms": [
      {
        "form": "ampossible",
        "gram": [
          "Q12",
          "Q14"
        ]
      },
      {
        "form": "ampossibles",
        "gram": [
          "Q13",
          "Q14"
        ]
      }
    ],
    "pos": "Q6",
    "hyphen": "am|pos|si|ble",
    "gender": "Q14",
    "senses": [
      "# [[imposs\u00edvel]]"
    ]
  }
}