{
  "URI": "https://lhenguabase.wikibase.cloud/entity/L431",
  "entry": {
    "wikitext": "={{-mwl-}}=\u00b6==Adjetivo==\u00b6{{flex.mwl|s=amportante|p=amportantes}}\u00b6{{parox\u00edtona|am|por|tan|te|l\u00edngua=mwl}}, {{gram\u00e1tica|2g}}\u00b6# [[importante]]\u00b6\u00b6=={{etimologia|mwl}}==\u00b6{{etimo2|la|import\u0101ns|mwl}}\u00b6\u00b6[[Categoria:Adjetivo (Mirand\u00eas)]]",
    "lemma": "amportante",
    "reference": "https://pt.wiktionary.org/wiki/amportante#mwl",
    "forms": [
      {
        "form": "amportante",
        "gram": [
          "Q12"
        ]
      },
      {
        "form": "amportantes",
        "gram": [
          "Q13"
        ]
      }
    ],
    "pos": "Q8",
    "hyphen": "am|por|tan|te",
    "senses": [
      "# [[importante]]"
    ]
  }
}