{
  "URI": "https://lhenguabase.wikibase.cloud/entity/L1448",
  "entry": {
    "wikitext": "={{-mwl-}}=\u00b6==Adjetivo==\u00b6{{flex.mwl|ms=ampuro|mp=ampuros|fs=ampura|fp=ampuras}}\u00b6{{parox\u00edtona|am|pu|ro|l\u00edngua=mwl}}, {{m}}\u00b6# [[impuro]]\u00b6\u00b6[[Categoria:Adjetivo (Mirand\u00eas)]]",
    "lemma": "ampuro",
    "reference": "https://pt.wiktionary.org/wiki/ampuro#mwl",
    "forms": [
      {
        "form": "ampuro",
        "gram": [
          "Q12",
          "Q14"
        ]
      },
      {
        "form": "ampuros",
        "gram": [
          "Q13",
          "Q14"
        ]
      },
      {
        "form": "ampura",
        "gram": [
          "Q12",
          "Q15"
        ]
      },
      {
        "form": "ampuras",
        "gram": [
          "Q13",
          "Q15"
        ]
      }
    ],
    "pos": "Q8",
    "hyphen": "am|pu|ro",
    "gender": "Q14",
    "senses": [
      "# [[impuro]]"
    ]
  }
}