{
  "URI": "https://lhenguabase.wikibase.cloud/entity/L1278",
  "entry": {
    "wikitext": "={{-mwl-}}=\u00b6==Substantivo==\u00b6'''Am\u00e9rica''', {{gram\u00e1tica|pr|id=pms}}\u00b6# {{escopo|mwl|Continente}} [[Am\u00e9rica#{{pt}}|Am\u00e9rica]]\u00b6\u00b6==Ver tamb\u00e9m==\u00b6===Na Wikip\u00e9dia===\u00b6* {{intw|w|mwl}}\u00b6\u00b6[[Categoria:Substantivo (Mirand\u00eas)]]\u00b6[[Categoria:Entrada com imagem (Mirand\u00eas)]]",
    "lemma": "Am\u00e9rica",
    "reference": "https://pt.wiktionary.org/wiki/Am\u00e9rica#mwl",
    "forms": [],
    "pos": "Q6",
    "senses": [
      "# {{escopo|mwl|Continente}} [[Am\u00e9rica"
    ]
  }
}