{
  "URI": "https://lhenguabase.wikibase.cloud/entity/L924",
  "entry": {
    "wikitext": "={{-mwl-}}=\u00b6==Adjetivo==\u00b6{{flex.mwl|ms=analfabeto|mp=analfabetos|fs=analfabeta|fp=analfabetas}}\u00b6{{parox\u00edtona|a|nal|fa|be|to|l\u00edngua=mwl}}, {{m}}\u00b6# [[analfabeto#Portugu\u00eas|analfabeto]]\u00b6\u00b6==Substantivo==\u00b6{{flex.mwl|ms=analfabeto|mp=analfabetos|fs=analfabeta|fp=analfabetas}}\u00b6{{parox\u00edtona|a|nal|fa|be|to|l\u00edngua=mwl}}, {{m}}\u00b6# [[analfabeto#Portugu\u00eas|analfabeto]]\u00b6\u00b6[[Categoria:Substantivo (Mirand\u00eas)]]\u00b6[[Categoria:Adjetivo (Mirand\u00eas)]]",
    "lemma": "analfabeto",
    "reference": "https://pt.wiktionary.org/wiki/analfabeto#mwl",
    "forms": [
      {
        "form": "analfabeto",
        "gram": [
          "Q12",
          "Q14"
        ]
      },
      {
        "form": "analfabetos",
        "gram": [
          "Q13",
          "Q14"
        ]
      },
      {
        "form": "analfabeta",
        "gram": [
          "Q12",
          "Q15"
        ]
      },
      {
        "form": "analfabetas",
        "gram": [
          "Q13",
          "Q15"
        ]
      }
    ],
    "pos": "Q6",
    "hyphen": "a|nal|fa|be|to",
    "gender": "Q14",
    "senses": [
      "# [[analfabeto"
    ]
  }
}