{
  "URI": "https://lhenguabase.wikibase.cloud/entity/L1299",
  "entry": {
    "wikitext": "={{-mwl-}}=\u00b6==Adjetivo==\u00b6{{flex.mwl|ms=ancantado|mp=ancantados|fs=ancantada|fp=ancantadas}}\u00b6{{parox\u00edtona|an|can|ta|do|l\u00edngua=mwl}}, {{m}}\u00b6# [[encantado]]\u00b6\u00b6==Ver tamb\u00e9m==\u00b6===No Wikcion\u00e1rio===\u00b6{{verTamb\u00e9m.Ini}}\u00b6* [[ancantar]]\u00b6{{verTamb\u00e9m.NovaColuna}}\u00b6* [[ancantamiento]]\u00b6{{verTamb\u00e9m.NovaColuna}}\u00b6* [[ancanto]]\u00b6{{verTamb\u00e9m.NovaColuna}}\u00b6* [[ancantador]]\u00b6{{verTamb\u00e9m.Fim}}\u00b6\u00b6[[Categoria:Adjetivo (Mirand\u00eas)]]",
    "lemma": "ancantado",
    "reference": "https://pt.wiktionary.org/wiki/ancantado#mwl",
    "forms": [
      {
        "form": "ancantado",
        "gram": [
          "Q12",
          "Q14"
        ]
      },
      {
        "form": "ancantados",
        "gram": [
          "Q13",
          "Q14"
        ]
      },
      {
        "form": "ancantada",
        "gram": [
          "Q12",
          "Q15"
        ]
      },
      {
        "form": "ancantadas",
        "gram": [
          "Q13",
          "Q15"
        ]
      }
    ],
    "pos": "Q8",
    "hyphen": "an|can|ta|do",
    "gender": "Q14",
    "senses": [
      "# [[encantado]]"
    ]
  }
}