{
  "URI": "https://lhenguabase.wikibase.cloud/entity/L1163",
  "entry": {
    "wikitext": "={{-mwl-}}=\u00b6==Substantivo==\u00b6{{flex.mwl|fs=anchura|fp=anchuras}}\u00b6{{parox\u00edtona|an|chu|ra|id=mwl}}, {{g|f|id=mwl}}\u00b6# qualidade do que \u00e9 [[largo]], [[largura]]\u00b6\u00b6=={{etimologia|mwl}}==\u00b6: {{escopo|Morfologia}} De {{etimo|mwl|ancho}} + ''[[-ura#{{mwl}}|-ura]]''.\u00b6\u00b6[[Categoria:Substantivo (Mirand\u00eas)]]",
    "lemma": "anchura",
    "reference": "https://pt.wiktionary.org/wiki/anchura#mwl",
    "forms": [
      {
        "form": "anchura",
        "gram": [
          "Q12",
          "Q15"
        ]
      },
      {
        "form": "anchuras",
        "gram": [
          "Q13",
          "Q15"
        ]
      }
    ],
    "pos": "Q6",
    "hyphen": "an|chu|ra",
    "senses": [
      "# qualidade do que \u00e9 [[largo]], [[largura]]"
    ]
  }
}