{
  "URI": "https://lhenguabase.wikibase.cloud/entity/L1518",
  "entry": {
    "wikitext": "={{-mwl-}}=\u00b6==Substantivo==\u00b6{{flex.mwl|fs=ancomienda|fp=ancomiendas}}\u00b6{{parox\u00edtona|an|co|mien|da|l\u00edngua=mwl}}, {{f}}\u00b6# [[encomenda]]\u00b6\u00b6===Formas alternativas===\u00b6* {{link idioma|anquemenda|mwl}}\u00b6\u00b6==Ver tamb\u00e9m==\u00b6===No Wikcion\u00e1rio===\u00b6{{verTamb\u00e9m.Ini}}\u00b6* [[ancomendar]]\u00b6{{verTamb\u00e9m.Fim}}\u00b6\u00b6[[Categoria:Substantivo (Mirand\u00eas)]]\u00b6[[Categoria:Entrada com imagem (Mirand\u00eas)]]",
    "lemma": "ancomienda",
    "reference": "https://pt.wiktionary.org/wiki/ancomienda#mwl",
    "forms": [
      {
        "form": "ancomienda",
        "gram": [
          "Q12",
          "Q15"
        ]
      },
      {
        "form": "ancomiendas",
        "gram": [
          "Q13",
          "Q15"
        ]
      }
    ],
    "pos": "Q6",
    "hyphen": "an|co|mien|da",
    "gender": "Q15",
    "senses": [
      "# [[encomenda]]"
    ]
  }
}