{
  "URI": "https://lhenguabase.wikibase.cloud/entity/L1035",
  "entry": {
    "wikitext": "={{-mwl-}}=\u00b6==Substantivo==\u00b6{{flex.mwl|ms=ancuontro|mp=ancuontros}}\u00b6{{parox\u00edtona|an|cuon|tro|l\u00edngua=mwl}}, {{m}}\u00b6# [[encontro]]\u00b6\u00b6==Ver tamb\u00e9m==\u00b6===No Wikcion\u00e1rio===\u00b6{{verTamb\u00e9m.Ini}}\u00b6* [[ancuntrar]]\u00b6{{verTamb\u00e9m.Fim}}\u00b6\u00b6[[Categoria:Substantivo (Mirand\u00eas)]]",
    "lemma": "ancuontro",
    "reference": "https://pt.wiktionary.org/wiki/ancuontro#mwl",
    "forms": [
      {
        "form": "ancuontro",
        "gram": [
          "Q12",
          "Q14"
        ]
      },
      {
        "form": "ancuontros",
        "gram": [
          "Q13",
          "Q14"
        ]
      }
    ],
    "pos": "Q6",
    "hyphen": "an|cuon|tro",
    "gender": "Q14",
    "senses": [
      "# [[encontro]]"
    ]
  }
}