{
  "URI": "https://lhenguabase.wikibase.cloud/entity/L68",
  "entry": {
    "wikitext": "={{-mwl-}}=\u00b6==Substantivo==\u00b6{{parox\u00edtona|an|fer|mai|ge|l\u00edngua=mwl}}, {{f}}\u00b6# {{escopo|mwl|Medicina}} [[enfermagem]]\u00b6\u00b6==Ver tamb\u00e9m==\u00b6===No Wikcion\u00e1rio===\u00b6{{verTamb\u00e9m.Ini}}\u00b6* [[anfermeiro]]\u00b6{{verTamb\u00e9m.Fim}}\u00b6\u00b6[[Categoria:Substantivo (Mirand\u00eas)]]",
    "lemma": "anfermaige",
    "reference": "https://pt.wiktionary.org/wiki/anfermaige#mwl",
    "forms": [],
    "pos": "Q6",
    "hyphen": "an|fer|mai|ge",
    "gender": "Q15",
    "senses": [
      "# {{escopo|mwl|Medicina}} [[enfermagem]]\u00b6\u00b6"
    ]
  }
}