{
  "URI": "https://lhenguabase.wikibase.cloud/entity/L758",
  "entry": {
    "wikitext": "={{-mwl-}}=\u00b6==Adjetivo==\u00b6{{flex.mwl|s=anfeli\u00e7|p=anfelizes}}\u00b6{{ox\u00edtona|an|fe|li\u00e7|l\u00edngua=mwl}}, {{mf}}\u00b6# [[infeliz]]\u00b6\u00b6==Ant\u00f3nimo==\u00b6* [[feli\u00e7]]\u00b6\u00b6[[Categoria:Adjetivo (Mirand\u00eas)]]",
    "lemma": "anfeli\u00e7",
    "reference": "https://pt.wiktionary.org/wiki/anfeli\u00e7#mwl",
    "forms": [
      {
        "form": "anfeli\u00e7",
        "gram": [
          "Q12"
        ]
      },
      {
        "form": "anfelizes",
        "gram": [
          "Q13"
        ]
      }
    ],
    "pos": "Q8",
    "hyphen": "an|fe|li\u00e7",
    "senses": [
      "# [[infeliz]]"
    ]
  }
}