{
  "URI": "https://lhenguabase.wikibase.cloud/entity/L1363",
  "entry": {
    "wikitext": "={{-mwl-}}=\u00b6==Substantivo==\u00b6{{flex.mwl|fs=anferioridade|fp=anferioridades}}\u00b6{{parox\u00edtona|an|fe|ri|o|ri|da|de|l\u00edngua=mwl}}, {{f}}\u00b6# [[inferioridade]]\u00b6\u00b6[[Categoria:Substantivo (Mirand\u00eas)]]",
    "lemma": "anferioridade",
    "reference": "https://pt.wiktionary.org/wiki/anferioridade#mwl",
    "forms": [
      {
        "form": "anferioridade",
        "gram": [
          "Q12",
          "Q15"
        ]
      },
      {
        "form": "anferioridades",
        "gram": [
          "Q13",
          "Q15"
        ]
      }
    ],
    "pos": "Q6",
    "hyphen": "an|fe|ri|o|ri|da|de",
    "gender": "Q15",
    "senses": [
      "# [[inferioridade]]"
    ]
  }
}