{
  "URI": "https://lhenguabase.wikibase.cloud/entity/L348",
  "entry": {
    "wikitext": "={{-mwl-}}=\u00b6==Adjetivo==\u00b6{{flex.mwl|ms=anganhoso|mp=anganhosos|fs=anganhosa|fp=anganhosas}}\u00b6{{parox\u00edtona|an|ga|nho|so|l\u00edngua=mwl}}, {{m}}\u00b6# [[enganoso]]\u00b6\u00b6[[Categoria:Adjetivo (Mirand\u00eas)]]",
    "lemma": "anganhoso",
    "reference": "https://pt.wiktionary.org/wiki/anganhoso#mwl",
    "forms": [
      {
        "form": "anganhoso",
        "gram": [
          "Q12",
          "Q14"
        ]
      },
      {
        "form": "anganhosos",
        "gram": [
          "Q13",
          "Q14"
        ]
      },
      {
        "form": "anganhosa",
        "gram": [
          "Q12",
          "Q15"
        ]
      },
      {
        "form": "anganhosas",
        "gram": [
          "Q13",
          "Q15"
        ]
      }
    ],
    "pos": "Q8",
    "hyphen": "an|ga|nho|so",
    "gender": "Q14",
    "senses": [
      "# [[enganoso]]"
    ]
  }
}