{
  "URI": "https://lhenguabase.wikibase.cloud/entity/L652",
  "entry": {
    "wikitext": "={{-mwl-}}=\u00b6==Substantivo==\u00b6{{flex.mwl|ms=angeinho|mp=angeinhos}}\u00b6{{parox\u00edtona|an|gei|nho|l\u00edngua=mwl}}, {{m}}\u00b6# [[engenho]]\u00b6\u00b6[[Categoria:Substantivo (Mirand\u00eas)]]",
    "lemma": "angeinho",
    "reference": "https://pt.wiktionary.org/wiki/angeinho#mwl",
    "forms": [
      {
        "form": "angeinho",
        "gram": [
          "Q12",
          "Q14"
        ]
      },
      {
        "form": "angeinhos",
        "gram": [
          "Q13",
          "Q14"
        ]
      }
    ],
    "pos": "Q6",
    "hyphen": "an|gei|nho",
    "gender": "Q14",
    "senses": [
      "# [[engenho]]"
    ]
  }
}