{
  "URI": "https://lhenguabase.wikibase.cloud/entity/L113",
  "entry": {
    "wikitext": "={{-mwl-}}=\u00b6==Adjetivo==\u00b6{{flex.mwl|ms=angl\u00e9s|mp=angleses|fs=anglesa|fp=anglesas}}\u00b6{{ox\u00edtona|an|gl\u00e9s|l\u00edngua=mwl}}\u00b6# [[ingl\u00eas]], relativo \u00e0 [[Inglaterra]]\u00b6# {{escopo|mwl|lingu\u00edstica}} ingl\u00eas, relacionado com o [[idioma]] {{l.s.|ingl\u00eas}}\u00b6\u00b6==Substantivo==\u00b6{{ox\u00edtona|an|gl\u00e9s|l\u00edngua=mwl}}, {{gram\u00e1tica|m}}\u00b6# {{l.s.|ingl\u00eas}}, [[indiv\u00edduo]] [[natural]] ou [[habitante]] de [[Inglaterra]] e por extens\u00e3o do [[Reino Unido]]\u00b6{{limpar}}\u00b6\u00b6{{flex.mwl|angl\u00e9s}}\u00b6{{ox\u00edtona|an|gl\u00e9s|l\u00edngua=mwl}}, {{s/p}}\u00b6# {{cont|2}} {{escopo|mwl|lingu\u00edstica}} {{l.s.|ingl\u00eas}}, [[l\u00edngua]] inglesa\u00b6\u00b6==={{PEPB|Sin\u00f3nimos|Sin\u00f4nimos|inline=1}}===\u00b6* De '''2''': [[lh\u00e9ngua]] anglesa\u00b6\u00b6==Ver tamb\u00e9m==\u00b6===No Wikcion\u00e1rio===\u00b6{{verTamb\u00e9m.Ini}}\u00b6* [[Anglaterra]]\u00b6{{verTamb\u00e9m.NovaColuna}}\u00b6* [[Reino Ounido]]\u00b6{{verTamb\u00e9m.Fim}}\u00b6\u00b6[[Categoria:Adjetivo (Mirand\u00eas)]]\u00b6[[Categoria:Substantivo (Mirand\u00eas)]]\u00b6[[Categoria:Gent\u00edlico (Mirand\u00eas)]]\u00b6[[Categoria:L\u00edngua (Mirand\u00eas)]]",
    "lemma": "angl\u00e9s",
    "reference": "https://pt.wiktionary.org/wiki/angl\u00e9s#mwl",
    "forms": [
      {
        "form": "angl\u00e9s",
        "gram": [
          "Q12",
          "Q14"
        ]
      },
      {
        "form": "angleses",
        "gram": [
          "Q13",
          "Q14"
        ]
      },
      {
        "form": "anglesa",
        "gram": [
          "Q12",
          "Q15"
        ]
      },
      {
        "form": "anglesas",
        "gram": [
          "Q13",
          "Q15"
        ]
      }
    ],
    "pos": "Q8",
    "hyphen": "an|gl\u00e9s",
    "senses": [
      "# [[ingl\u00eas]], relativo \u00e0 [[Inglaterra]]"
    ]
  }
}