{
  "URI": "https://lhenguabase.wikibase.cloud/entity/L1261",
  "entry": {
    "wikitext": "={{-mwl-}}=\u00b6==Adjetivo==\u00b6{{flex.mwl|ms=anraibado|mp=anraibados|fs=anraibada|fp=anraibadas}}\u00b6{{parox\u00edtona|an|rai|ba|do|l\u00edngua=mwl}}, {{m}}\u00b6# [[zangado]], [[irado]], [[enraivecido]]\u00b6\u00b6===Formas alternativas===\u00b6* {{link idioma|anrabiado}}\u00b6\u00b6==Forma verbal==\u00b6'''anraibado''' {{m}}\u00b6# partic\u00edpio passado de [[anraibar]]\u00b6\u00b6{{aviso.flex\u00e3o|anraibar}}\u00b6\u00b6===Formas alternativas===\u00b6* {{link idioma|anrabiado}}\u00b6\u00b6==Ver tamb\u00e9m==\u00b6===Refer\u00eancias===\u00b6{{verTamb\u00e9m.Ini}}\u00b6* [http://www.mirandadodouro.com/dicionario/traducao-mirandes-portugues/anrabiado/ ''anrabiado'' no Dicion\u00e1rio da L\u00edngua Mirandesa (Portal de Miranda do Douro)]\u00b6{{verTamb\u00e9m.Fim}}\u00b6\u00b6[[Categoria:Adjetivo (Mirand\u00eas)]]\u00b6[[Categoria:Forma verbal (Mirand\u00eas)]]",
    "lemma": "anraibado",
    "reference": "https://pt.wiktionary.org/wiki/anraibado#mwl",
    "forms": [
      {
        "form": "anraibado",
        "gram": [
          "Q12",
          "Q14"
        ]
      },
      {
        "form": "anraibados",
        "gram": [
          "Q13",
          "Q14"
        ]
      },
      {
        "form": "anraibada",
        "gram": [
          "Q12",
          "Q15"
        ]
      },
      {
        "form": "anraibadas",
        "gram": [
          "Q13",
          "Q15"
        ]
      }
    ],
    "pos": "Q8",
    "hyphen": "an|rai|ba|do",
    "gender": "Q14",
    "senses": [
      "# [[zangado]], [[irado]], [[enraivecido]]"
    ]
  }
}