{
  "URI": "https://lhenguabase.wikibase.cloud/entity/L703",
  "entry": {
    "wikitext": "={{-mwl-}}=\u00b6==Adjetivo==\u00b6{{flex.mwl|ms=anstru\u00eddo|mp=anstru\u00eddos|fs=anstru\u00edda|fp=anstru\u00eddas}}\u00b6{{parox\u00edtona|ans|tru|\u00ed|do|l\u00edngua=mwl}}, {{m}}\u00b6# [[instru\u00eddo]], com [[instru\u00e7\u00e3o]]\u00b6\u00b6[[Categoria:Adjetivo (Mirand\u00eas)]]",
    "lemma": "anstru\u00eddo",
    "reference": "https://pt.wiktionary.org/wiki/anstru\u00eddo#mwl",
    "forms": [
      {
        "form": "anstru\u00eddo",
        "gram": [
          "Q12",
          "Q14"
        ]
      },
      {
        "form": "anstru\u00eddos",
        "gram": [
          "Q13",
          "Q14"
        ]
      },
      {
        "form": "anstru\u00edda",
        "gram": [
          "Q12",
          "Q15"
        ]
      },
      {
        "form": "anstru\u00eddas",
        "gram": [
          "Q13",
          "Q15"
        ]
      }
    ],
    "pos": "Q8",
    "hyphen": "ans|tru|\u00ed|do",
    "gender": "Q14",
    "senses": [
      "# [[instru\u00eddo]], com [[instru\u00e7\u00e3o]]"
    ]
  }
}