{
  "URI": "https://lhenguabase.wikibase.cloud/entity/L787",
  "entry": {
    "wikitext": "={{-mwl-}}=\u00b6==Substantivo==\u00b6{{flex.mwl|fs=anstru\u00e7on|fp=anstru\u00e7ones}}\u00b6{{ox\u00edtona|ans|tru|\u00e7on|l\u00edngua=mwl}}, {{f}}\u00b6# [[instru\u00e7\u00e3o]]\u00b6\u00b6[[Categoria:Substantivo (Mirand\u00eas)]]",
    "lemma": "anstru\u00e7on",
    "reference": "https://pt.wiktionary.org/wiki/anstru\u00e7on#mwl",
    "forms": [
      {
        "form": "anstru\u00e7on",
        "gram": [
          "Q12",
          "Q15"
        ]
      },
      {
        "form": "anstru\u00e7ones",
        "gram": [
          "Q13",
          "Q15"
        ]
      }
    ],
    "pos": "Q6",
    "hyphen": "ans|tru|\u00e7on",
    "gender": "Q15",
    "senses": [
      "# [[instru\u00e7\u00e3o]]"
    ]
  }
}