{
  "URI": "https://lhenguabase.wikibase.cloud/entity/L604",
  "entry": {
    "wikitext": "={{-mwl-}}=\u00b6==Adjetivo==\u00b6{{flex.mwl|ms=anteiro|mp=anteiros|fs=anteira|fp=anteiras}}\u00b6{{parox\u00edtona|an|tei|ro|l\u00edngua=mwl}}, {{m}}\u00b6# [[inteiro]]\u00b6\u00b6[[Categoria:Adjetivo (Mirand\u00eas)]]",
    "lemma": "anteiro",
    "reference": "https://pt.wiktionary.org/wiki/anteiro#mwl",
    "forms": [
      {
        "form": "anteiro",
        "gram": [
          "Q12",
          "Q14"
        ]
      },
      {
        "form": "anteiros",
        "gram": [
          "Q13",
          "Q14"
        ]
      },
      {
        "form": "anteira",
        "gram": [
          "Q12",
          "Q15"
        ]
      },
      {
        "form": "anteiras",
        "gram": [
          "Q13",
          "Q15"
        ]
      }
    ],
    "pos": "Q8",
    "hyphen": "an|tei|ro",
    "gender": "Q14",
    "senses": [
      "# [[inteiro]]"
    ]
  }
}