{
  "URI": "https://lhenguabase.wikibase.cloud/entity/L565",
  "entry": {
    "wikitext": "={{-mwl-}}=\u00b6==Adjetivo==\u00b6{{flex.mwl|ms=antigo|mp=antigos|fs=antiga|fp=antigas}}\u00b6{{parox\u00edtona|an|ti|go|l\u00edngua=mwl}}, {{m}}\u00b6# [[antigo#Portugu\u00eas|antigo]]\u00b6\u00b6[[Categoria:Adjetivo (Mirand\u00eas)]]",
    "lemma": "antigo",
    "reference": "https://pt.wiktionary.org/wiki/antigo#mwl",
    "forms": [
      {
        "form": "antigo",
        "gram": [
          "Q12",
          "Q14"
        ]
      },
      {
        "form": "antigos",
        "gram": [
          "Q13",
          "Q14"
        ]
      },
      {
        "form": "antiga",
        "gram": [
          "Q12",
          "Q15"
        ]
      },
      {
        "form": "antigas",
        "gram": [
          "Q13",
          "Q15"
        ]
      }
    ],
    "pos": "Q8",
    "hyphen": "an|ti|go",
    "gender": "Q14",
    "senses": [
      "# [[antigo"
    ]
  }
}