{
  "URI": "https://lhenguabase.wikibase.cloud/entity/L1488",
  "entry": {
    "wikitext": "={{-mwl-}}=\u00b6==Substantivo==\u00b6{{flex.mwl|fs=antrada|fp=antradas}}\u00b6{{parox\u00edtona|an|tra|da|l\u00edngua=mwl}}, {{f}}\u00b6# [[entrada]]\u00b6\u00b6==Ant\u00f3nimo==\u00b6* [[salida]]\u00b6\u00b6[[Categoria:Substantivo (Mirand\u00eas)]]",
    "lemma": "antrada",
    "reference": "https://pt.wiktionary.org/wiki/antrada#mwl",
    "forms": [
      {
        "form": "antrada",
        "gram": [
          "Q12",
          "Q15"
        ]
      },
      {
        "form": "antradas",
        "gram": [
          "Q13",
          "Q15"
        ]
      }
    ],
    "pos": "Q6",
    "hyphen": "an|tra|da",
    "gender": "Q15",
    "senses": [
      "# [[entrada]]"
    ]
  }
}