{
  "URI": "https://lhenguabase.wikibase.cloud/entity/L556",
  "entry": {
    "wikitext": "={{-mwl-}}=\u00b6==Substantivo==\u00b6{{flex.mwl|ms=antresse|mp=antresses}}\u00b6{{parox\u00edtona|an|tres|se|l\u00edngua=mwl}}, {{m}}\u00b6# [[interesse]]\u00b6\u00b6==Ant\u00f3nimo==\u00b6* [[zantresse]]\u00b6\u00b6[[Categoria:Substantivo (Mirand\u00eas)]]",
    "lemma": "antresse",
    "reference": "https://pt.wiktionary.org/wiki/antresse#mwl",
    "forms": [
      {
        "form": "antresse",
        "gram": [
          "Q12",
          "Q14"
        ]
      },
      {
        "form": "antresses",
        "gram": [
          "Q13",
          "Q14"
        ]
      }
    ],
    "pos": "Q6",
    "hyphen": "an|tres|se",
    "gender": "Q14",
    "senses": [
      "# [[interesse]]"
    ]
  }
}