{
  "URI": "https://lhenguabase.wikibase.cloud/entity/L399",
  "entry": {
    "wikitext": "={{-mwl-}}=\u00b6==Substantivo==\u00b6{{flex.mwl|ms=antramo\u00e7o|mp=antramo\u00e7os}}\u00b6{{parox\u00edtona|an|tra|mo|\u00e7o|l\u00edngua=mwl}}, {{m}}\u00b6# {{escopo|mwl|Fruta}} [[tremo\u00e7o]], fruto do [[tremoceiro]] (''[[species:Lupinus luteus|Lupinus luteus]]'')\u00b6\u00b6[[Categoria:Substantivo (Mirand\u00eas)]]\u00b6[[Categoria:Bot\u00e2nica (Mirand\u00eas)]]\u00b6[[Categoria:Entrada com imagem (Mirand\u00eas)]]",
    "lemma": "antramo\u00e7o",
    "reference": "https://pt.wiktionary.org/wiki/antramo\u00e7o#mwl",
    "forms": [
      {
        "form": "antramo\u00e7o",
        "gram": [
          "Q12",
          "Q14"
        ]
      },
      {
        "form": "antramo\u00e7os",
        "gram": [
          "Q13",
          "Q14"
        ]
      }
    ],
    "pos": "Q6",
    "hyphen": "an|tra|mo|\u00e7o",
    "gender": "Q14",
    "senses": [
      "# {{escopo|mwl|Fruta}} [[tremo\u00e7o]], fruto do [[tremoceiro]] (''[[species:Lupinus luteus|Lupinus luteus]]'')"
    ]
  }
}