{
  "URI": "https://lhenguabase.wikibase.cloud/entity/L913",
  "entry": {
    "wikitext": "={{-mwl-}}=\u00b6==Substantivo==\u00b6{{flex.mwl|fs=araige|fp=araiges}}\u00b6{{parox\u00edtona|a|rai|ge|l\u00edngua=mwl}}, {{f}}\u00b6# [[aragem]]\u00b6\u00b6[[Categoria:Substantivo (Mirand\u00eas)]]",
    "lemma": "araige",
    "reference": "https://pt.wiktionary.org/wiki/araige#mwl",
    "forms": [
      {
        "form": "araige",
        "gram": [
          "Q12",
          "Q15"
        ]
      },
      {
        "form": "araiges",
        "gram": [
          "Q13",
          "Q15"
        ]
      }
    ],
    "pos": "Q6",
    "hyphen": "a|rai|ge",
    "gender": "Q15",
    "senses": [
      "# [[aragem]]"
    ]
  }
}