{
  "URI": "https://lhenguabase.wikibase.cloud/entity/L1011",
  "entry": {
    "wikitext": "={{-mwl-}}=\u00b6==Substantivo==\u00b6{{proparox\u00edtona|Ar|g\u00e9|li|a|l\u00edngua=mwl}}, {{pr}}\u00b6# {{escopo|mwl|Pa\u00eds}} [[#{{pt}}|Arg\u00e9lia]]\u00b6\u00b6==Ver tamb\u00e9m==\u00b6===No Wikcion\u00e1rio===\u00b6{{\u00c1frica/mwl}}\u00b6\u00b6[[Categoria:Substantivo (Mirand\u00eas)]]\u00b6[[Categoria:Entrada com imagem (Mirand\u00eas)]]",
    "lemma": "Arg\u00e9lia",
    "reference": "https://pt.wiktionary.org/wiki/Arg\u00e9lia#mwl",
    "forms": [],
    "pos": "Q6",
    "hyphen": "Ar|g\u00e9|li|a",
    "senses": [
      "# {{escopo|mwl|Pa\u00eds}} [["
    ]
  }
}