{
  "URI": "https://lhenguabase.wikibase.cloud/entity/L1032",
  "entry": {
    "wikitext": "={{-mwl-}}=\u00b6==Substantivo== \u00b6'''arquitet\u00f3nico''', {{f}}\u00b6# [[arquitet\u00f3nico#Portugu\u00eas|arquitet\u00f3nico]]/[[arquitet\u00f4nico]].\u00b6\u00b6===Termos derivados===\u00b6{{verTamb\u00e9m.Ini}}\u00b6* {{link idioma|arquitet\u00f3nica|mwl}}\u00b6{{verTamb\u00e9m.Fim}}\u00b6\u00b6[[Categoria:Substantivo (Mirand\u00eas)]]",
    "lemma": "arquitet\u00f3nico",
    "reference": "https://pt.wiktionary.org/wiki/arquitet\u00f3nico#mwl",
    "forms": [],
    "pos": "Q6",
    "gender": "Q15",
    "senses": [
      "# [[arquitet\u00f3nico"
    ]
  }
}