{
  "URI": "https://lhenguabase.wikibase.cloud/entity/L1113",
  "entry": {
    "wikitext": "={{-mwl-}}=\u00b6==Substantivo==\u00b6{{flex.mwl|ms=arreplano|mp=arreplanos}}\u00b6{{parox\u00edtona|ar|re|pla|no|l\u00edngua=mwl}}, {{m}}\u00b6# [[aeroplano]], [[avi\u00e3o]]\u00b6\u00b6==Ver tamb\u00e9m==\u00b6===No Wikcion\u00e1rio===\u00b6{{verTamb\u00e9m.Ini}}\u00b6* [[abion]]\u00b6{{verTamb\u00e9m.Fim}}\u00b6\u00b6[[Categoria:Substantivo (Mirand\u00eas)]]\u00b6[[Categoria:Transporte (Mirand\u00eas)]]\u00b6[[Categoria:Entrada com imagem (Mirand\u00eas)]]",
    "lemma": "arreplano",
    "reference": "https://pt.wiktionary.org/wiki/arreplano#mwl",
    "forms": [
      {
        "form": "arreplano",
        "gram": [
          "Q12",
          "Q14"
        ]
      },
      {
        "form": "arreplanos",
        "gram": [
          "Q13",
          "Q14"
        ]
      }
    ],
    "pos": "Q6",
    "hyphen": "ar|re|pla|no",
    "gender": "Q14",
    "senses": [
      "# [[aeroplano]], [[avi\u00e3o]]"
    ]
  }
}