{
  "URI": "https://lhenguabase.wikibase.cloud/entity/L806",
  "entry": {
    "wikitext": "={{-mwl-}}=\u00b6==Substantivo==\u00b6'''arteson'''\u00b6# [[artes\u00e3o]]\u00b6#* ''Mestre Noza se tornou coincido cumo scultor, '''arteson''', xil\u00f3grafo, santeiro, eimaginairo.''\u00b6\u00b6[[Categoria:Substantivo (Mirand\u00eas)]]",
    "lemma": "arteson",
    "reference": "https://pt.wiktionary.org/wiki/arteson#mwl",
    "forms": [],
    "pos": "Q6",
    "senses": [
      "# [[artes\u00e3o]]"
    ]
  }
}