{
  "URI": "https://lhenguabase.wikibase.cloud/entity/L1180",
  "entry": {
    "wikitext": "={{-mwl-}}=\u00b6==Substantivo==\u00b6{{ox\u00edtona|A|ta|nor|l\u00edngua=mwl}}, {{pr}}\u00b6# {{escopo|mwl|Geografia}} [[Atenor]]\u00b6\u00b6[[Categoria:Substantivo (Mirand\u00eas)]]\u00b6[[Categoria:Top\u00f3nimo (Mirand\u00eas)]]",
    "lemma": "Atanor",
    "reference": "https://pt.wiktionary.org/wiki/Atanor#mwl",
    "forms": [],
    "pos": "Q6",
    "hyphen": "A|ta|nor",
    "senses": [
      "# {{escopo|mwl|Geografia}} [[Atenor]]"
    ]
  }
}