{
  "URI": "https://lhenguabase.wikibase.cloud/entity/L291",
  "entry": {
    "wikitext": "={{-mwl-}}=\u00b6==Substantivo==\u00b6{{flex.mwl|fs=augardiente|fp=augardientes}}\u00b6{{parox\u00edtona|au|gar|dien|te|l\u00edngua=mwl}}, {{f}}\u00b6# {{escopo|mwl|Bebida}} [[aguardente]]\u00b6\u00b6[[Categoria:Substantivo (Mirand\u00eas)]]",
    "lemma": "augardiente",
    "reference": "https://pt.wiktionary.org/wiki/augardiente#mwl",
    "forms": [
      {
        "form": "augardiente",
        "gram": [
          "Q12",
          "Q15"
        ]
      },
      {
        "form": "augardientes",
        "gram": [
          "Q13",
          "Q15"
        ]
      }
    ],
    "pos": "Q6",
    "hyphen": "au|gar|dien|te",
    "gender": "Q15",
    "senses": [
      "# {{escopo|mwl|Bebida}} [[aguardente]]"
    ]
  }
}