{
  "URI": "https://lhenguabase.wikibase.cloud/entity/L751",
  "entry": {
    "wikitext": "={{-mwl-}}=\u00b6==Substantivo==\u00b6{{flex.mwl|ms=azeite|mp=azeites}}\u00b6{{parox\u00edtona|a|zei|te|l\u00edngua=mwl}}, {{m}}\u00b6# [[azeite#Portugu\u00eas|azeite]]\u00b6\u00b6[[Categoria:Substantivo (Mirand\u00eas)]]\u00b6[[Categoria:Alimenta\u00e7\u00e3o (Mirand\u00eas)]]\u00b6[[Categoria:Entrada com imagem (Mirand\u00eas)]]",
    "lemma": "azeite",
    "reference": "https://pt.wiktionary.org/wiki/azeite#mwl",
    "forms": [
      {
        "form": "azeite",
        "gram": [
          "Q12",
          "Q14"
        ]
      },
      {
        "form": "azeites",
        "gram": [
          "Q13",
          "Q14"
        ]
      }
    ],
    "pos": "Q6",
    "hyphen": "a|zei|te",
    "gender": "Q14",
    "senses": [
      "# [[azeite"
    ]
  }
}