{
  "URI": "https://lhenguabase.wikibase.cloud/entity/L1457",
  "entry": {
    "wikitext": "={{-mwl-}}=\u00b6{{Wikip\u00e9dia|id=mwl}}\u00b6[[Imagem:Vaca_ra%C3%A7a_mirandesa.JPG|thumb|200px|{{centro|vaca mirandesa}}]]\u00b6==Substantivo==\u00b6{{flex.mwl|fs=baca|fp=bacas}}\u00b6{{parox\u00edtona|ba|ca|l\u00edngua=mwl}}, {{f}}\u00b6# {{escopo|mwl|Mam\u00edfero}} [[vaca]]\u00b6\u00b6==Ver tamb\u00e9m==\u00b6===No Wikcion\u00e1rio===\u00b6{{verTamb\u00e9m.Ini}}\u00b6* [[bui]]\u00b6{{verTamb\u00e9m.Fim}}\u00b6\u00b6[[Categoria:Substantivo (Mirand\u00eas)]]\u00b6[[Categoria:Animal (Mirand\u00eas)]]\u00b6[[Categoria:Entrada com imagem (Mirand\u00eas)]]",
    "lemma": "baca",
    "reference": "https://pt.wiktionary.org/wiki/baca#mwl",
    "forms": [
      {
        "form": "baca",
        "gram": [
          "Q12",
          "Q15"
        ]
      },
      {
        "form": "bacas",
        "gram": [
          "Q13",
          "Q15"
        ]
      }
    ],
    "pos": "Q6",
    "hyphen": "ba|ca",
    "gender": "Q15",
    "senses": [
      "# {{escopo|mwl|Mam\u00edfero}} [[vaca]]"
    ]
  }
}