{
  "URI": "https://lhenguabase.wikibase.cloud/entity/L1323",
  "entry": {
    "wikitext": "={{-mwl-}}=\u00b6==Substantivo==\u00b6{{flex.mwl|ms=baganho|mp=baganhos}}\u00b6{{parox\u00edtona|ba|ga|nho|id=mwl}}, {{g|m|id=mwl}}\u00b6# [[grainha]] da uva\u00b6# [[baga\u00e7o]] da azeitona\u00b6\u00b6===Sin\u00f4nimos===\u00b6* De '''1''' (grainha): [[granina#Mirand\u00eas|granina]]\u00b6* De '''2''' (baga\u00e7o da azeitona): [[carunha#Mirand\u00eas|carunha]]\u00b6\u00b6[[Categoria:Substantivo (Mirand\u00eas)]]",
    "lemma": "baganho",
    "reference": "https://pt.wiktionary.org/wiki/baganho#mwl",
    "forms": [
      {
        "form": "baganho",
        "gram": [
          "Q12",
          "Q14"
        ]
      },
      {
        "form": "baganhos",
        "gram": [
          "Q13",
          "Q14"
        ]
      }
    ],
    "pos": "Q6",
    "hyphen": "ba|ga|nho",
    "senses": [
      "# [[grainha]] da uva"
    ]
  }
}