{
  "URI": "https://lhenguabase.wikibase.cloud/entity/L1093",
  "entry": {
    "wikitext": "={{-mwl-}}=\u00b6==Substantivo==\u00b6{{flex.pt|fs=baidade|fp=baidades}}\u00b6{{parox\u00edtona|bai|da|de|l\u00edngua=mwl}}, {{f}}\u00b6\u00b6# [[vaidade]]\u00b6\u00b6===Forma alternativa===\u00b6[[beidade]]\u00b6\u00b6===Sin\u00f3nimo===\u00b6[[proua]]\u00b6\u00b6[[Categoria:Substantivo (Mirand\u00eas)]]",
    "lemma": "baidade",
    "reference": "https://pt.wiktionary.org/wiki/baidade#mwl",
    "forms": [],
    "pos": "Q6",
    "hyphen": "bai|da|de",
    "gender": "Q15",
    "senses": [
      "# [[vaidade]]"
    ]
  }
}