{
  "URI": "https://lhenguabase.wikibase.cloud/entity/L1015",
  "entry": {
    "wikitext": "={{-mwl-}}=\u00b6==Substantivo==\u00b6{{flex.mwl|fs=baina|fp=bainas}}\u00b6{{parox\u00edtona|bai|na|l\u00edngua=mwl}}, {{f}}\u00b6# {{escopo|mwl|Alimenta\u00e7\u00e3o|Bot\u00e2nica}} [[feij\u00e3o-verde]] (''[[species:Phaseolus vulgaris|Phaseolus vulgaris]]'')\u00b6\u00b6==Ver tamb\u00e9m==\u00b6===No Wikcion\u00e1rio===\u00b6{{verTamb\u00e9m.Ini}}\u00b6* [[freijon]]\u00b6{{verTamb\u00e9m.NovaColuna}}\u00b6* [[ch\u00edcharo]]\u00b6{{verTamb\u00e9m.Fim}}\u00b6\u00b6[[Categoria:Substantivo (Mirand\u00eas)]]",
    "lemma": "baina",
    "reference": "https://pt.wiktionary.org/wiki/baina#mwl",
    "forms": [
      {
        "form": "baina",
        "gram": [
          "Q12",
          "Q15"
        ]
      },
      {
        "form": "bainas",
        "gram": [
          "Q13",
          "Q15"
        ]
      }
    ],
    "pos": "Q6",
    "hyphen": "bai|na",
    "gender": "Q15",
    "senses": [
      "# {{escopo|mwl|Alimenta\u00e7\u00e3o|Bot\u00e2nica}} [[feij\u00e3o-verde]] (''[[species:Phaseolus vulgaris|Phaseolus vulgaris]]'')"
    ]
  }
}