{
  "URI": "https://lhenguabase.wikibase.cloud/entity/L1154",
  "entry": {
    "wikitext": "={{-mwl-}}=\u00b6==Substantivo==\u00b6{{flex.mwl|fs=balancie|fp=balancies}}\u00b6{{ox\u00edtona|ba|lan|cie|l\u00edngua=mwl}}, {{f}}\u00b6# {{escopo|mwl|Fruta}} [[melancia]] (''[[species:Citrullus lanatus|Citrullus lanatus]]'')\u00b6\u00b6===Formas alternativas===\u00b6* {{link idioma|balancia|mwl}}\u00b6\u00b6[[Categoria:Substantivo (Mirand\u00eas)]]\u00b6[[Categoria:Bot\u00e2nica (Mirand\u00eas)]]\u00b6[[Categoria:Entrada com imagem (Mirand\u00eas)]]",
    "lemma": "balancie",
    "reference": "https://pt.wiktionary.org/wiki/balancie#mwl",
    "forms": [
      {
        "form": "balancie",
        "gram": [
          "Q12",
          "Q15"
        ]
      },
      {
        "form": "balancies",
        "gram": [
          "Q13",
          "Q15"
        ]
      }
    ],
    "pos": "Q6",
    "hyphen": "ba|lan|cie",
    "gender": "Q15",
    "senses": [
      "# {{escopo|mwl|Fruta}} [[melancia]] (''[[species:Citrullus lanatus|Citrullus lanatus]]'')"
    ]
  }
}