{
  "URI": "https://lhenguabase.wikibase.cloud/entity/L423",
  "entry": {
    "wikitext": "={{-mwl-}}=\u00b6==Substantivo==\u00b6{{flex.mwl|fs=balancia|fp=balancias}}\u00b6{{parox\u00edtona|ba|lan|ci|a|l\u00edngua=mwl}}, {{f}}\u00b6# {{escopo|mwl|Fruta}} [[melancia]] (''[[species:Citrullus lanatus|Citrullus lanatus]]'')\u00b6\u00b6===Formas alternativas===\u00b6* {{link idioma|balancie|mwl}}\u00b6\u00b6[[Categoria:Substantivo (Mirand\u00eas)]]\u00b6[[Categoria:Bot\u00e2nica (Mirand\u00eas)]]\u00b6[[Categoria:Entrada com imagem (Mirand\u00eas)]]",
    "lemma": "balancia",
    "reference": "https://pt.wiktionary.org/wiki/balancia#mwl",
    "forms": [
      {
        "form": "balancia",
        "gram": [
          "Q12",
          "Q15"
        ]
      },
      {
        "form": "balancias",
        "gram": [
          "Q13",
          "Q15"
        ]
      }
    ],
    "pos": "Q6",
    "hyphen": "ba|lan|ci|a",
    "gender": "Q15",
    "senses": [
      "# {{escopo|mwl|Fruta}} [[melancia]] (''[[species:Citrullus lanatus|Citrullus lanatus]]'')"
    ]
  }
}