{
  "URI": "https://lhenguabase.wikibase.cloud/entity/L169",
  "entry": {
    "wikitext": "={{-mwl-}}=\u00b6==Substantivo==\u00b6{{flex.mwl|fs=barata|fp=baratas}}\u00b6{{parox\u00edtona|ba|ra|ta|l\u00edngua=mwl}}, {{gram\u00e1tica|f}}\u00b6# {{escopo|mwl|Inseto}} [[barata#Portugu\u00eas|barata]]\u00b6\u00b6===Formas alternativas===\u00b6* {{link idioma|brata|mwl}}\u00b6\u00b6[[Categoria:Substantivo (Mirand\u00eas)]]\u00b6[[Categoria:Animal (Mirand\u00eas)]]\u00b6[[Categoria:Entrada com imagem (Mirand\u00eas)]]",
    "lemma": "barata",
    "reference": "https://pt.wiktionary.org/wiki/barata#mwl",
    "forms": [
      {
        "form": "barata",
        "gram": [
          "Q12",
          "Q15"
        ]
      },
      {
        "form": "baratas",
        "gram": [
          "Q13",
          "Q15"
        ]
      }
    ],
    "pos": "Q6",
    "hyphen": "ba|ra|ta",
    "senses": [
      "# {{escopo|mwl|Inseto}} [[barata"
    ]
  }
}