{
  "URI": "https://lhenguabase.wikibase.cloud/entity/L64",
  "entry": {
    "wikitext": "={{-mwl-}}=\u00b6==Substantivo==\u00b6{{flex.mwl|fs=barriga|fp=barrigas}}\u00b6{{parox\u00edtona|bar|ri|ga|l\u00edngua=mwl}}, {{gram\u00e1tica|f}}\u00b6# {{escopo|mwl|anatomia}} [[barriga#Portugu\u00eas|barriga]]\u00b6# [[sali\u00eancia]] arredondada em [[objectos]] [[liso]]s\u00b6\u00b6[[Categoria:Substantivo (Mirand\u00eas)]]",
    "lemma": "barriga",
    "reference": "https://pt.wiktionary.org/wiki/barriga#mwl",
    "forms": [
      {
        "form": "barriga",
        "gram": [
          "Q12",
          "Q15"
        ]
      },
      {
        "form": "barrigas",
        "gram": [
          "Q13",
          "Q15"
        ]
      }
    ],
    "pos": "Q6",
    "hyphen": "bar|ri|ga",
    "senses": [
      "# {{escopo|mwl|anatomia}} [[barriga",
      "# [[sali\u00eancia]] arredondada em [[objectos]] [[liso]]s\u00b6\u00b6[[Categoria:Substantivo (Mirand\u00eas)]]"
    ]
  }
}