{
  "URI": "https://lhenguabase.wikibase.cloud/entity/L1174",
  "entry": {
    "wikitext": "={{-mwl-}}=\u00b6==Substantivo==\u00b6{{flex.mwl|fs=batata|fp=batatas}}\u00b6{{parox\u00edtona|ba|ta|ta|l\u00edngua=mwl}}, {{gram\u00e1tica|f}}\u00b6# {{escopo|mwl|Planta}} [[batata#{{pt}}|batata]] (''[[species:Solanum tuberosum|Solanum tuberosum]]'')\u00b6\u00b6==={{-varort-}}===\u00b6* {{link idioma|patata|mwl}}\u00b6\u00b6[[Categoria:Substantivo (Mirand\u00eas)]]\u00b6[[Categoria:Bot\u00e2nica (Mirand\u00eas)]]\u00b6[[Categoria:Entrada com imagem (Mirand\u00eas)]]",
    "lemma": "batata",
    "reference": "https://pt.wiktionary.org/wiki/batata#mwl",
    "forms": [
      {
        "form": "batata",
        "gram": [
          "Q12",
          "Q15"
        ]
      },
      {
        "form": "batatas",
        "gram": [
          "Q13",
          "Q15"
        ]
      }
    ],
    "pos": "Q6",
    "hyphen": "ba|ta|ta",
    "senses": [
      "# {{escopo|mwl|Planta}} [[batata"
    ]
  }
}