{
  "URI": "https://lhenguabase.wikibase.cloud/entity/L42",
  "entry": {
    "wikitext": "={{-mwl-}}=\u00b6==Substantivo==\u00b6{{flex.mwl|fs=batailha|fp=batailhas}}\u00b6{{parox\u00edtona|ba|tai|lha|l\u00edngua=mwl}}\u00b6# [[batalha]]\u00b6\u00b6=={{etimologia|mwl}}==\u00b6:Do latim ''battualia''.\u00b6\u00b6[[Categoria:Substantivo (Mirand\u00eas)]]\u00b6[[Categoria:Militar (Mirand\u00eas)]]",
    "lemma": "batailha",
    "reference": "https://pt.wiktionary.org/wiki/batailha#mwl",
    "forms": [
      {
        "form": "batailha",
        "gram": [
          "Q12",
          "Q15"
        ]
      },
      {
        "form": "batailhas",
        "gram": [
          "Q13",
          "Q15"
        ]
      }
    ],
    "pos": "Q6",
    "hyphen": "ba|tai|lha",
    "senses": [
      "# [[batalha]]\u00b6\u00b6"
    ]
  }
}