{
  "URI": "https://lhenguabase.wikibase.cloud/entity/L115",
  "entry": {
    "wikitext": "={{-mwl-}}=\u00b6==Substantivo==\u00b6{{flex.mwl|ms=batismo|mp=batismos}}\u00b6{{parox\u00edtona|ba|tis|mo|id=mwl}}, {{gram\u00e1tica|m|id=mwl}}\u00b6# {{escopo|mwl|Cristianismo}} [[batismo#{{pt}}|batismo]]\u00b6\u00b6===Formas alternativas===\u00b6* [[bautismo#{{mwl}}|bautismo]]\u00b6\u00b6==Ver tamb\u00e9m==\u00b6===No Wikcion\u00e1rio===\u00b6{{colunas|2}}\u00b6* [[batizado#{{mwl}}|batizado]]\u00b6* [[batizar#{{mwl}}|batizar]]\u00b6* [[madrina#{{mwl}}|madrina]]\u00b6* [[padrino#{{mwl}}|padrino]]\u00b6{{colunas/fim}}\u00b6\u00b6[[Categoria:Substantivo (Mirand\u00eas)]]",
    "lemma": "batismo",
    "reference": "https://pt.wiktionary.org/wiki/batismo#mwl",
    "forms": [
      {
        "form": "batismo",
        "gram": [
          "Q12",
          "Q14"
        ]
      },
      {
        "form": "batismos",
        "gram": [
          "Q13",
          "Q14"
        ]
      }
    ],
    "pos": "Q6",
    "hyphen": "ba|tis|mo",
    "senses": [
      "# {{escopo|mwl|Cristianismo}} [[batismo"
    ]
  }
}