{
  "URI": "https://lhenguabase.wikibase.cloud/entity/L1027",
  "entry": {
    "wikitext": "={{-mwl-}}=\u00b6==Substantivo==\u00b6==Verbo==\u00b6{{ox\u00edtona|ba|ti|zar|l\u00edngua=mwl}}\u00b6# [[batizar#Portugu\u00eas|batizar]]\u00b6# [[juntar]] [[\u00e1gua]] ao [[vinho]]\u00b6\u00b6===Formas alternativas===\u00b6* {{link idioma|bautizar|mwl}}\u00b6\u00b6==Ver tamb\u00e9m==\u00b6===No Wikcion\u00e1rio===\u00b6{{verTamb\u00e9m.Ini}}\u00b6* [[padrino]]\u00b6{{verTamb\u00e9m.NovaColuna}}\u00b6* [[madrina]]\u00b6{{verTamb\u00e9m.NovaColuna}}\u00b6* [[batismo]]\u00b6{{verTamb\u00e9m.NovaColuna}}\u00b6* [[batizado]]\u00b6{{verTamb\u00e9m.Fim}}\u00b6\u00b6[[Categoria:Verbo (Mirand\u00eas)]]\u00b6[[Categoria:Fam\u00edlia (Mirand\u00eas)]]\u00b6[[Categoria:Religi\u00e3o (Mirand\u00eas)]]\u00b6[[Categoria:Cristianismo (Mirand\u00eas)]]",
    "lemma": "batizar",
    "reference": "https://pt.wiktionary.org/wiki/batizar#mwl",
    "forms": [],
    "pos": "Q6",
    "hyphen": "ba|ti|zar",
    "senses": [
      "# [[batizar"
    ]
  }
}