{
  "URI": "https://lhenguabase.wikibase.cloud/entity/L906",
  "entry": {
    "wikitext": "={{-mwl-}}=\u00b6==Substantivo==\u00b6{{flex.mwl|ms=bautismo|mp=bautismos}}\u00b6{{parox\u00edtona|bau|tis|mo|l\u00edngua=mwl}}, {{m}}\u00b6# [[batismo#Portugu\u00eas|batismo]]\u00b6\u00b6===Formas alternativas===\u00b6* {{link idioma|batismo|mwl}}\u00b6\u00b6==Ver tamb\u00e9m==\u00b6===No Wikcion\u00e1rio===\u00b6{{verTamb\u00e9m.Ini}}\u00b6* [[padrino]]\u00b6{{verTamb\u00e9m.NovaColuna}}\u00b6* [[madrina]]\u00b6{{verTamb\u00e9m.NovaColuna}}\u00b6* [[bautizado]]\u00b6{{verTamb\u00e9m.NovaColuna}}\u00b6* [[bautizar]]\u00b6{{verTamb\u00e9m.Fim}}\u00b6\u00b6[[Categoria:Substantivo (Mirand\u00eas)]]\u00b6[[Categoria:Fam\u00edlia (Mirand\u00eas)]]\u00b6[[Categoria:Religi\u00e3o (Mirand\u00eas)]]\u00b6[[Categoria:Cristianismo (Mirand\u00eas)]]",
    "lemma": "bautismo",
    "reference": "https://pt.wiktionary.org/wiki/bautismo#mwl",
    "forms": [
      {
        "form": "bautismo",
        "gram": [
          "Q12",
          "Q14"
        ]
      },
      {
        "form": "bautismos",
        "gram": [
          "Q13",
          "Q14"
        ]
      }
    ],
    "pos": "Q6",
    "hyphen": "bau|tis|mo",
    "gender": "Q14",
    "senses": [
      "# [[batismo"
    ]
  }
}