{
  "URI": "https://lhenguabase.wikibase.cloud/entity/L379",
  "entry": {
    "wikitext": "={{-mwl-}}=\u00b6==Substantivo==\u00b6{{flex.mwl|ms=bautizado|mp=bautizados}}\u00b6{{parox\u00edtona|bau|ti|za|do|l\u00edngua=mwl}}, {{m}}\u00b6# [[batizado#Portugu\u00eas|batizado]]\u00b6\u00b6===Formas alternativas===\u00b6* {{link idioma|batizado|mwl}}\u00b6\u00b6==Adjetivo==\u00b6{{flex.mwl|ms=bautizado|mp=bautizados}}\u00b6{{parox\u00edtona|bau|ti|za|do|l\u00edngua=mwl}}, {{m}}\u00b6# [[batizado#Portugu\u00eas|batizado]]\u00b6# [[vinho]] com [[\u00e1gua]]\u00b6\u00b6===Formas alternativas===\u00b6* {{link idioma|batizado|mwl}}\u00b6\u00b6==Ver tamb\u00e9m==\u00b6===No Wikcion\u00e1rio===\u00b6{{verTamb\u00e9m.Ini}}\u00b6* [[padrino]]\u00b6{{verTamb\u00e9m.NovaColuna}}\u00b6* [[madrina]]\u00b6{{verTamb\u00e9m.NovaColuna}}\u00b6* [[bautismo]]\u00b6{{verTamb\u00e9m.NovaColuna}}\u00b6* [[bautizar]]\u00b6{{verTamb\u00e9m.Fim}}\u00b6\u00b6[[Categoria:Substantivo (Mirand\u00eas)]]\u00b6[[Categoria:Fam\u00edlia (Mirand\u00eas)]]\u00b6[[Categoria:Religi\u00e3o (Mirand\u00eas)]]\u00b6[[Categoria:Cristianismo (Mirand\u00eas)]]",
    "lemma": "bautizado",
    "reference": "https://pt.wiktionary.org/wiki/bautizado#mwl",
    "forms": [
      {
        "form": "bautizado",
        "gram": [
          "Q12",
          "Q14"
        ]
      },
      {
        "form": "bautizados",
        "gram": [
          "Q13",
          "Q14"
        ]
      }
    ],
    "pos": "Q8",
    "hyphen": "bau|ti|za|do",
    "gender": "Q14",
    "senses": [
      "# [[batizado"
    ]
  }
}