{
  "URI": "https://lhenguabase.wikibase.cloud/entity/L585",
  "entry": {
    "wikitext": "={{-mwl-}}=\u00b6==Adjetivo==\u00b6{{flex.mwl|ms=baxo|mp=baxos|fs=baxa|fp=baxas}}\u00b6{{parox\u00edtona|ba|xo|l\u00edngua=mwl}}, {{m}}\u00b6# [[baixo#Portugu\u00eas|baixo]]\u00b6# [[baixo#Portugu\u00eas|baixo]], [[reles]]\u00b6\u00b6===Ant\u00f3nimo<sup>1</sup>===\u00b6* [[alto]]\u00b6\u00b6==Adv\u00e9rbio==\u00b6{{parox\u00edtona|ba|xo|l\u00edngua=mwl}}\u00b6# [[baixo#Portugu\u00eas|baixo]]\u00b6\u00b6===Ant\u00f3nimo===\u00b6* [[alto]]\u00b6\u00b6==Substantivo==\u00b6{{flex.mwl|ms=baxo|mp=baxos|fs=baxa|fp=baxas}}\u00b6{{parox\u00edtona|ba|xo|l\u00edngua=mwl}}, {{m}}\u00b6# [[baixo#Portugu\u00eas|baixo]]\u00b6# [[depress\u00e3o]] do [[terreno]]\u00b6\u00b6===Ant\u00f3nimo===\u00b6* [[alto]]\u00b6\u00b6==Formas alternativas==\u00b6* {{link idioma|baixo|mwl}}\u00b6\u00b6[[Categoria:Substantivo (Mirand\u00eas)]]\u00b6[[Categoria:Adjetivo (Mirand\u00eas)]]\u00b6[[Categoria:Adv\u00e9rbio (Mirand\u00eas)]]",
    "lemma": "baxo",
    "reference": "https://pt.wiktionary.org/wiki/baxo#mwl",
    "forms": [
      {
        "form": "baxo",
        "gram": [
          "Q12",
          "Q14"
        ]
      },
      {
        "form": "baxos",
        "gram": [
          "Q13",
          "Q14"
        ]
      },
      {
        "form": "baxa",
        "gram": [
          "Q12",
          "Q15"
        ]
      },
      {
        "form": "baxas",
        "gram": [
          "Q13",
          "Q15"
        ]
      }
    ],
    "pos": "Q8",
    "hyphen": "ba|xo",
    "gender": "Q14",
    "senses": [
      "# [[baixo"
    ]
  }
}