{
  "URI": "https://lhenguabase.wikibase.cloud/entity/L523",
  "entry": {
    "wikitext": "={{-mwl-}}=\u00b6==Substantivo==\u00b6{{flex.mwl|fs=beilanta|fp=beilantas}}\u00b6{{parox\u00edtona|bei|lan|ta|l\u00edngua=mwl}}, {{gram\u00e1tica|f}}\u00b6# [[bailanta]]\u00b6\u00b6[[Categoria:Substantivo (Mirand\u00eas)]]",
    "lemma": "beilanta",
    "reference": "https://pt.wiktionary.org/wiki/beilanta#mwl",
    "forms": [
      {
        "form": "beilanta",
        "gram": [
          "Q12",
          "Q15"
        ]
      },
      {
        "form": "beilantas",
        "gram": [
          "Q13",
          "Q15"
        ]
      }
    ],
    "pos": "Q6",
    "hyphen": "bei|lan|ta",
    "senses": [
      "# [[bailanta]]"
    ]
  }
}