{
  "URI": "https://lhenguabase.wikibase.cloud/entity/L1197",
  "entry": {
    "wikitext": "={{-mwl-}}=\u00b6==Substantivo==\u00b6'''beil\u00e7a'''\u00b6# [[dan\u00e7a]]\u00b6#* ''La '''beil\u00e7a''' ye ua de las tr\u00e9s percipales artes c\u00e9nicas de la Antiguidade, al lado de l triato i de la m\u00fasica.''\u00b6\u00b6[[Categoria:Substantivo (Mirand\u00eas)]]\u00b6[[Categoria:Arte (Mirand\u00eas)]]",
    "lemma": "beil\u00e7a",
    "reference": "https://pt.wiktionary.org/wiki/beil\u00e7a#mwl",
    "forms": [],
    "pos": "Q6",
    "senses": [
      "# [[dan\u00e7a]]"
    ]
  }
}