{
  "URI": "https://lhenguabase.wikibase.cloud/entity/L1037",
  "entry": {
    "wikitext": "={{-mwl-}}=\u00b6==Substantivo==\u00b6{{flex.mwl|ms=beiso|mp=beisos}}\u00b6{{parox\u00edtona|bei|so|l\u00edngua=mwl}}, {{m}}\u00b6# [[beijo]]\u00b6\u00b6[[Categoria:Substantivo (Mirand\u00eas)]]\u00b6[[Categoria:Entrada com imagem (Mirand\u00eas)]]",
    "lemma": "beiso",
    "reference": "https://pt.wiktionary.org/wiki/beiso#mwl",
    "forms": [
      {
        "form": "beiso",
        "gram": [
          "Q12",
          "Q14"
        ]
      },
      {
        "form": "beisos",
        "gram": [
          "Q13",
          "Q14"
        ]
      }
    ],
    "pos": "Q6",
    "hyphen": "bei|so",
    "gender": "Q14",
    "senses": [
      "# [[beijo]]"
    ]
  }
}