{
  "URI": "https://lhenguabase.wikibase.cloud/entity/L764",
  "entry": {
    "wikitext": "={{-mwl-}}=\u00b6==Adjetivo==\u00b6{{flex.mwl|ms=beluntairo|mp=beluntairos|fs=beluntaira|fp=beluntairas}}\u00b6{{parox\u00edtona|be|lun|tai|ro|l\u00edngua=mwl}}, {{m}}\u00b6# [[volunt\u00e1rio]]\u00b6\u00b6==Substantivo==\u00b6{{flex.mwl|ms=beluntairo|mp=beluntairos|fs=beluntaira|fp=beluntairas}}\u00b6{{parox\u00edtona|be|lun|tai|ro|l\u00edngua=mwl}}, {{m}}\u00b6# [[volunt\u00e1rio]]\u00b6\u00b6[[Categoria:Substantivo (Mirand\u00eas)]]\u00b6[[Categoria:Adjetivo (Mirand\u00eas)]]",
    "lemma": "beluntairo",
    "reference": "https://pt.wiktionary.org/wiki/beluntairo#mwl",
    "forms": [
      {
        "form": "beluntairo",
        "gram": [
          "Q12",
          "Q14"
        ]
      },
      {
        "form": "beluntairos",
        "gram": [
          "Q13",
          "Q14"
        ]
      },
      {
        "form": "beluntaira",
        "gram": [
          "Q12",
          "Q15"
        ]
      },
      {
        "form": "beluntairas",
        "gram": [
          "Q13",
          "Q15"
        ]
      }
    ],
    "pos": "Q6",
    "hyphen": "be|lun|tai|ro",
    "gender": "Q14",
    "senses": [
      "# [[volunt\u00e1rio]]"
    ]
  }
}