{
  "URI": "https://lhenguabase.wikibase.cloud/entity/L1461",
  "entry": {
    "wikitext": "={{-mwl-}}=\u00b6==Substantivo==\u00b6{{flex.mwl|ms=beneno|mp=benenos}}\u00b6{{parox\u00edtona|be|ne|no|l\u00edngua=mwl}}, {{m}}\u00b6# [[veneno]]\u00b6\u00b6[[Categoria:Substantivo (Mirand\u00eas)]]",
    "lemma": "beneno",
    "reference": "https://pt.wiktionary.org/wiki/beneno#mwl",
    "forms": [
      {
        "form": "beneno",
        "gram": [
          "Q12",
          "Q14"
        ]
      },
      {
        "form": "benenos",
        "gram": [
          "Q13",
          "Q14"
        ]
      }
    ],
    "pos": "Q6",
    "hyphen": "be|ne|no",
    "gender": "Q14",
    "senses": [
      "# [[veneno]]"
    ]
  }
}