{
  "URI": "https://lhenguabase.wikibase.cloud/entity/L265",
  "entry": {
    "wikitext": "={{-mwl-}}=\u00b6==Adjetivo==\u00b6{{flex.mwl|s=berde|p=berdes}}\u00b6{{parox\u00edtona|ber|de|l\u00edngua=mwl}}, {{gram\u00e1tica|c2g}}\u00b6# [[verde]]\u00b6# [[inexperiente]]\u00b6\u00b6==Substantivo==\u00b6{{parox\u00edtona|ber|de|l\u00edngua=mwl}}, {{gram\u00e1tica|m}}\u00b6# [[verde]]\u00b6\u00b6==Ver tamb\u00e9m==\u00b6{{cores/mwl}}\u00b6\u00b6[[Categoria:Adjetivo (Mirand\u00eas)]]\u00b6[[Categoria:Substantivo (Mirand\u00eas)]]\u00b6[[Categoria:Cor (Mirand\u00eas)]]",
    "lemma": "berde",
    "reference": "https://pt.wiktionary.org/wiki/berde#mwl",
    "forms": [
      {
        "form": "berde",
        "gram": [
          "Q12"
        ]
      },
      {
        "form": "berdes",
        "gram": [
          "Q13"
        ]
      }
    ],
    "pos": "Q8",
    "hyphen": "ber|de",
    "senses": [
      "# [[verde]]"
    ]
  }
}