{
  "URI": "https://lhenguabase.wikibase.cloud/entity/L343",
  "entry": {
    "wikitext": "={{-mwl-}}=\u00b6==Substantivo==\u00b6{{flex.mwl|fs=besita|fp=besitas}}\u00b6{{parox\u00edtona|be|si|ta|l\u00edngua=mwl}}, {{f}}\u00b6# [[visita]]\u00b6\u00b6===Formas alternativas===\u00b6* {{link idioma|bejita|mwl}}\u00b6\u00b6[[Categoria:Substantivo (Mirand\u00eas)]]",
    "lemma": "besita",
    "reference": "https://pt.wiktionary.org/wiki/besita#mwl",
    "forms": [
      {
        "form": "besita",
        "gram": [
          "Q12",
          "Q15"
        ]
      },
      {
        "form": "besitas",
        "gram": [
          "Q13",
          "Q15"
        ]
      }
    ],
    "pos": "Q6",
    "hyphen": "be|si|ta",
    "gender": "Q15",
    "senses": [
      "# [[visita]]"
    ]
  }
}