{
  "URI": "https://lhenguabase.wikibase.cloud/entity/L838",
  "entry": {
    "wikitext": "={{-mwl-}}=\u00b6==Substantivo==\u00b6{{flex.mwl|fs=biaige|fp=biaiges}}\u00b6{{parox\u00edtona|bi|ai|ge|l\u00edngua=mwl}}, {{f}}\u00b6# [[viagem]]\u00b6\u00b6[[Categoria:Substantivo (Mirand\u00eas)]]",
    "lemma": "biaige",
    "reference": "https://pt.wiktionary.org/wiki/biaige#mwl",
    "forms": [
      {
        "form": "biaige",
        "gram": [
          "Q12",
          "Q15"
        ]
      },
      {
        "form": "biaiges",
        "gram": [
          "Q13",
          "Q15"
        ]
      }
    ],
    "pos": "Q6",
    "hyphen": "bi|ai|ge",
    "gender": "Q15",
    "senses": [
      "# [[viagem]]"
    ]
  }
}