{
  "URI": "https://lhenguabase.wikibase.cloud/entity/L61",
  "entry": {
    "wikitext": "={{-mwl-}}=\u00b6==Adjetivo==\u00b6{{flex.mwl|ms=bielho|mp=bielhos|fs=bielha|fp=bielhas}}\u00b6{{parox\u00edtona|bie|lho|l\u00edngua=mwl}}, {{m}}\u00b6# [[velho]]\u00b6# [[antigo]]\u00b6# que est\u00e1 muito [[usado]]\u00b6\u00b6==Substantivo==\u00b6'''bielho'''\u00b6# [[velho]], [[idoso]]\u00b6# coisa [[velha]] e usada\u00b6\u00b6==Ant\u00f3nimos==\u00b6* [[jobe]]\u00b6* [[mo\u00e7o]]\u00b6\u00b6==Express\u00f5es==\u00b6* [[anho bielho]]\u00b6* [[ser burro bielho]]\u00b6* [[star bielho]]\u00b6\u00b6[[Categoria:Substantivo (Mirand\u00eas)]]\u00b6[[Categoria:Adjetivo (Mirand\u00eas)]]\u00b6[[Categoria:Entrada com imagem (Mirand\u00eas)]]",
    "lemma": "bielho",
    "reference": "https://pt.wiktionary.org/wiki/bielho#mwl",
    "forms": [],
    "pos": "Q6",
    "hyphen": "bie|lho",
    "gender": "Q14",
    "senses": [
      "# [[velho]]\u00b6",
      "# [[antigo]]\u00b6",
      "# que est\u00e1 muito [[usado]]\u00b6\u00b6"
    ]
  }
}