{
  "URI": "https://lhenguabase.wikibase.cloud/entity/L1486",
  "entry": {
    "wikitext": "={{-mwl-}}=\u00b6==Adv\u00e9rbio==\u00b6{{ox\u00edtona|bien|l\u00edngua=mwl}}\u00b6# [[bem]]\u00b6# [[muito]]\u00b6# [[bastante]]\u00b6\u00b6==Pronome==\u00b6{{ox\u00edtona|bien|l\u00edngua=mwl}}, {{g|indef}}\u00b6# [[muito]]s, [[muita]]s\u00b6\u00b6==Substantivo==\u00b6{{flex.mwl|ms=bien|mp=biens}}\u00b6{{ox\u00edtona|bien|l\u00edngua=mwl}}, {{gram\u00e1tica|m}}\u00b6# o [[bem]]\u00b6# [[vantagem]], algo bom\u00b6# [[coisa]]\u00b6\u00b6==Forma verbal==\u00b6{{parox\u00edtona|bi|en|l\u00edngua=mwl}}\u00b6# terceira pessoa do plural no pret\u00e9rito imperfeito do indicativo de [[ber#Mirand\u00eas|ber]]\u00b6\u00b6{{aviso.flex\u00e3o|ber}}\u00b6\u00b6[[Categoria:Adv\u00e9rbio (Mirand\u00eas)]]\u00b6[[Categoria:Pronome (Mirand\u00eas)]]\u00b6[[Categoria:Substantivo (Mirand\u00eas)]]\u00b6[[Categoria:Forma verbal (Mirand\u00eas)]]",
    "lemma": "bien",
    "reference": "https://pt.wiktionary.org/wiki/bien#mwl",
    "forms": [
      {
        "form": "bien",
        "gram": [
          "Q12",
          "Q14"
        ]
      },
      {
        "form": "biens",
        "gram": [
          "Q13",
          "Q14"
        ]
      }
    ],
    "pos": "Q6",
    "hyphen": "bien",
    "senses": [
      "# [[bem]]"
    ]
  }
}