{
  "URI": "https://lhenguabase.wikibase.cloud/entity/L1255",
  "entry": {
    "wikitext": "={{-mwl-}}=\u00b6==Substantivo==\u00b6{{flex.mwl|ms=bino|mp=binos}}\u00b6{{parox\u00edtona|bi|no|l\u00edngua=mwl}}, {{m}}\u00b6# {{escopo|mwl|bebida}} [[vinho]]\u00b6\u00b6[[Categoria:Substantivo (Mirand\u00eas)]]\u00b6[[Categoria:Entrada com imagem (Mirand\u00eas)]]",
    "lemma": "bino",
    "reference": "https://pt.wiktionary.org/wiki/bino#mwl",
    "forms": [
      {
        "form": "bino",
        "gram": [
          "Q12",
          "Q14"
        ]
      },
      {
        "form": "binos",
        "gram": [
          "Q13",
          "Q14"
        ]
      }
    ],
    "pos": "Q6",
    "hyphen": "bi|no",
    "gender": "Q14",
    "senses": [
      "# {{escopo|mwl|bebida}} [[vinho]]"
    ]
  }
}