{
  "URI": "https://lhenguabase.wikibase.cloud/entity/L1266",
  "entry": {
    "wikitext": "={{-mwl-}}=\u00b6==Substantivo==\u00b6{{flex.mwl|fs=bisnieta|fp=bisnietas}}\u00b6{{parox\u00edtona|bis|nie|ta|l\u00edngua=mwl}}, {{f}}\u00b6# [[bisneta#Portugu\u00eas|bisneta]]\u00b6\u00b6{{Predefini\u00e7\u00e3o:fam\u00edlia/mwl}}\u00b6\u00b6[[Categoria:Substantivo (Mirand\u00eas)]]\u00b6[[Categoria:Fam\u00edlia (Mirand\u00eas)]]",
    "lemma": "bisnieta",
    "reference": "https://pt.wiktionary.org/wiki/bisnieta#mwl",
    "forms": [
      {
        "form": "bisnieta",
        "gram": [
          "Q12",
          "Q15"
        ]
      },
      {
        "form": "bisnietas",
        "gram": [
          "Q13",
          "Q15"
        ]
      }
    ],
    "pos": "Q6",
    "hyphen": "bis|nie|ta",
    "gender": "Q15",
    "senses": [
      "# [[bisneta"
    ]
  }
}