{
  "URI": "https://lhenguabase.wikibase.cloud/entity/L784",
  "entry": {
    "wikitext": "={{-mwl-}}=\u00b6==Substantivo==\u00b6{{flex.mwl|ms=bisnieto|mp=bisnietos}}\u00b6{{parox\u00edtona|bis|nie|to|l\u00edngua=mwl}}, {{m}}\u00b6# [[bisneto#Portugu\u00eas|bisneto]]\u00b6\u00b6={{-es-}}=\u00b6==Substantivo==\u00b6# [[bisneto]]\u00b6\u00b6[[Categoria:Substantivo (Espanhol)]]\u00b6[[Categoria:Fam\u00edlia (Espanhol)]]\u00b6\u00b6{{Predefini\u00e7\u00e3o:fam\u00edlia/mwl}}\u00b6\u00b6[[Categoria:Substantivo (Mirand\u00eas)]]\u00b6[[Categoria:Fam\u00edlia (Mirand\u00eas)]]",
    "lemma": "bisnieto",
    "reference": "https://pt.wiktionary.org/wiki/bisnieto#mwl",
    "forms": [
      {
        "form": "bisnieto",
        "gram": [
          "Q12",
          "Q14"
        ]
      },
      {
        "form": "bisnietos",
        "gram": [
          "Q13",
          "Q14"
        ]
      }
    ],
    "pos": "Q6",
    "hyphen": "bis|nie|to",
    "gender": "Q14",
    "senses": [
      "# [[bisneto"
    ]
  }
}