{
  "URI": "https://lhenguabase.wikibase.cloud/entity/L734",
  "entry": {
    "wikitext": "={{-mwl-}}=\u00b6==Substantivo==\u00b6{{flex.mwl|ms=bi\u00fabo|mp=bi\u00fabos|fs=bi\u00faba|fp=bi\u00fabas}}\u00b6{{parox\u00edtona|bi|\u00fa|bo|l\u00edngua=mwl}}, {{m}}\u00b6# [[vi\u00favo]]\u00b6\u00b6[[Categoria:Substantivo (Mirand\u00eas)]]",
    "lemma": "bi\u00fabo",
    "reference": "https://pt.wiktionary.org/wiki/bi\u00fabo#mwl",
    "forms": [
      {
        "form": "bi\u00fabo",
        "gram": [
          "Q12",
          "Q14"
        ]
      },
      {
        "form": "bi\u00fabos",
        "gram": [
          "Q13",
          "Q14"
        ]
      },
      {
        "form": "bi\u00faba",
        "gram": [
          "Q12",
          "Q15"
        ]
      },
      {
        "form": "bi\u00fabas",
        "gram": [
          "Q13",
          "Q15"
        ]
      }
    ],
    "pos": "Q6",
    "hyphen": "bi|\u00fa|bo",
    "gender": "Q14",
    "senses": [
      "# [[vi\u00favo]]"
    ]
  }
}