{
  "URI": "https://lhenguabase.wikibase.cloud/entity/L804",
  "entry": {
    "wikitext": "={{-mwl-}}=\u00b6==Substantivo==\u00b6{{flex.mwl|ms=-|mp=boches}}\u00b6{{parox\u00edtona|bo|ches|l\u00edngua=mwl}}, {{g|mp}}\u00b6# {{escopo|mwl|Anatomia}} [[pulm\u00e3o|pulm\u00f5es]]\u00b6\u00b6[[Categoria:Substantivo (Mirand\u00eas)]]",
    "lemma": "boches",
    "reference": "https://pt.wiktionary.org/wiki/boches#mwl",
    "forms": [
      {
        "form": "-",
        "gram": [
          "Q12",
          "Q14"
        ]
      },
      {
        "form": "boches",
        "gram": [
          "Q13",
          "Q14"
        ]
      }
    ],
    "pos": "Q6",
    "hyphen": "bo|ches",
    "senses": [
      "# {{escopo|mwl|Anatomia}} [[pulm\u00e3o|pulm\u00f5es]]"
    ]
  }
}