{
  "URI": "https://lhenguabase.wikibase.cloud/entity/L66",
  "entry": {
    "wikitext": "={{-mwl-}}=\u00b6==Substantivo==\u00b6{{flex.mwl|fs=boda|fp=bodas}}\u00b6{{parox\u00edtona|bo|da|l\u00edngua=mwl}}, {{gram\u00e1tica|f}}\u00b6# [[boda#Portugu\u00eas|boda]]\u00b6\u00b6[[Categoria:Substantivo (Mirand\u00eas)]]",
    "lemma": "boda",
    "reference": "https://pt.wiktionary.org/wiki/boda#mwl",
    "forms": [
      {
        "form": "boda",
        "gram": [
          "Q12",
          "Q15"
        ]
      },
      {
        "form": "bodas",
        "gram": [
          "Q13",
          "Q15"
        ]
      }
    ],
    "pos": "Q6",
    "hyphen": "bo|da",
    "senses": [
      "# [[boda"
    ]
  }
}