{
  "URI": "https://lhenguabase.wikibase.cloud/entity/L1264",
  "entry": {
    "wikitext": "={{-mwl-}}=\u00b6==Substantivo==\u00b6{{ox\u00edtona|bo|lar|l\u00edngua=mwl}}, {{gram\u00e1tica|m}}\u00b6# o [[voo]], o [[voar]]\u00b6\u00b6==Verbo==\u00b6{{ox\u00edtona|bo|lar|l\u00edngua=mwl}}\u00b6# [[voar]]\u00b6# [[andar]] muito [[depressa]]\u00b6\u00b6===Conjuga\u00e7\u00e3o===\u00b6{{conj.mwl.ar|bol||b\u00f3l}}\u00b6\u00b6==Ver tamb\u00e9m==\u00b6===No Wikcion\u00e1rio===\u00b6{{verTamb\u00e9m.Ini}}\u00b6* [[bolo#{{mwl}}|bolo]]\u00b6{{verTamb\u00e9m.Fim}}\u00b6\u00b6[[Categoria:Substantivo (Mirand\u00eas)]]\u00b6[[Categoria:Verbo (Mirand\u00eas)]]",
    "lemma": "bolar",
    "reference": "https://pt.wiktionary.org/wiki/bolar#mwl",
    "forms": [],
    "pos": "Q6",
    "hyphen": "bo|lar",
    "senses": [
      "# o [[voo]], o [[voar]]"
    ]
  }
}