{
  "URI": "https://lhenguabase.wikibase.cloud/entity/L1226",
  "entry": {
    "wikitext": "={{-mwl-}}=\u00b6==Substantivo==\u00b6{{flex.mwl|ms=bolho|mp=bolhos}}\u00b6{{parox\u00edtona|bo|lho|l\u00edngua=mwl}}, {{m}}\u00b6# [[bolo]]\u00b6# [[pequeno]] [[p\u00e3o]]\u00b6# [[galo]], alto na cabe\u00e7a\u00b6\u00b6==Locu\u00e7\u00e3o substantiva==\u00b6* [[bolho rei]]\u00b6\u00b6[[Categoria:Substantivo (Mirand\u00eas)]]",
    "lemma": "bolho",
    "reference": "https://pt.wiktionary.org/wiki/bolho#mwl",
    "forms": [
      {
        "form": "bolho",
        "gram": [
          "Q12",
          "Q14"
        ]
      },
      {
        "form": "bolhos",
        "gram": [
          "Q13",
          "Q14"
        ]
      }
    ],
    "pos": "Q6",
    "hyphen": "bo|lho",
    "gender": "Q14",
    "senses": [
      "# [[bolo]]"
    ]
  }
}