{
  "URI": "https://lhenguabase.wikibase.cloud/entity/L755",
  "entry": {
    "wikitext": "={{-mwl-}}=\u00b6==Substantivo==\u00b6{{flex.mwl|fs=bomba|fp=bombas|fs-div=<u>bom</u>.ba|fp-div=<u>bom</u>.bas}}\u00b6'''<u>bom</u>.ba'''\u00b6# [[#Portugu\u00eas|bomba]], [[artefato]] [[explosivo]]\u00b6\u00b6===Express\u00f5es===\u00b6* '''[[bomba at\u00f3mica]]''': [[#Locu\u00e7\u00f5es_e_express\u00f5es|bomba at\u00f3mica/at\u00f4mica]]\u00b6\u00b6==Ver tamb\u00e9m==\u00b6===No Wikcion\u00e1rio===\u00b6{{verTamb\u00e9m.Ini}}\u00b6* [[spludir]]\u00b6{{verTamb\u00e9m.Fim}}|cor=navy\u00b6\u00b6[[Categoria:Substantivo (Mirand\u00eas)]]\u00b6[[Categoria:Diss\u00edlabo (Mirand\u00eas)]]\u00b6[[Categoria:Parox\u00edtona (Mirand\u00eas)]]\u00b6[[Categoria:Arma (Mirand\u00eas)]]\u00b6[[Categoria:Cognato (Mirand\u00eas)]]\u00b6[[Categoria:Entrada com imagem (Mirand\u00eas)]]",
    "lemma": "bomba",
    "reference": "https://pt.wiktionary.org/wiki/bomba#mwl",
    "forms": [
      {
        "form": "bomba",
        "gram": [
          "Q12",
          "Q15"
        ]
      },
      {
        "form": "bombas",
        "gram": [
          "Q13",
          "Q15"
        ]
      }
    ],
    "pos": "Q6",
    "senses": [
      "# [["
    ]
  }
}