{
  "URI": "https://lhenguabase.wikibase.cloud/entity/L1083",
  "entry": {
    "wikitext": "={{-mwl-}}=\u00b6==Substantivo==\u00b6{{elementos|B|ber\u00edlio|Be|carbono|C}}\u00b6{{parox\u00edtona|bo|ro|l\u00edngua=mwl}}\u00b6# {{escopo|mwl|Qu\u00edmica}} [[boro#Portugu\u00eas|boro]]\u00b6\u00b6==Ver tamb\u00e9m==\u00b6===No Wikcion\u00e1rio===\u00b6{{tabela peri\u00f3dica/mwl}}\u00b6\u00b6[[Categoria:Substantivo (Mirand\u00eas)]]\u00b6[[Categoria:Elemento qu\u00edmico (Mirand\u00eas)]]\u00b6[[Categoria:Entrada com imagem (Mirand\u00eas)]]",
    "lemma": "boro",
    "reference": "https://pt.wiktionary.org/wiki/boro#mwl",
    "forms": [],
    "pos": "Q6",
    "hyphen": "bo|ro",
    "senses": [
      "# {{escopo|mwl|Qu\u00edmica}} [[boro"
    ]
  }
}