{
  "URI": "https://lhenguabase.wikibase.cloud/entity/L1161",
  "entry": {
    "wikitext": "={{-mwl-}}=\u00b6==Substantivo==\u00b6{{flex.mwl|ms=botielho|mp=botielhos}}\u00b6{{parox\u00edtona|bo|tie|lho|id=mwl}}, {{m}}\u00b6# [[butelo]], enchido que leva ossos\u00b6# especialidade culin\u00e1ria feita a base de enchido que leva ossos\u00b6# [[pau]] que se coloca atrav\u00e9s na boca das crias dom\u00e9sticas para impedirem-lhes mamar\u00b6===Variante===\u00b6* [[butielho#Mirand\u00eas|butielho]]\u00b6\u00b6===Sin\u00f3nimo===\u00b6: '''De 1 (enchido):'''\u00b6* [[bulho#Mirand\u00eas|bulho]]\u00b6\u00b6=={{etimologia|mwl}}==\u00b6: {{escopo|Morfologia}} Da mesma raiz que [[bota]] e [[boto]]. Confronte-se com [[botelha]], com o [[asturiano]] ''[[botiellu#Asturiano|botiellu]]'', e com o [[galego]] ''[[butilho#Galego|butilho]]''.\u00b6\u00b6[[Categoria:Substantivo (Mirand\u00eas)]]",
    "lemma": "botielho",
    "reference": "https://pt.wiktionary.org/wiki/botielho#mwl",
    "forms": [
      {
        "form": "botielho",
        "gram": [
          "Q12",
          "Q14"
        ]
      },
      {
        "form": "botielhos",
        "gram": [
          "Q13",
          "Q14"
        ]
      }
    ],
    "pos": "Q6",
    "hyphen": "bo|tie|lho",
    "gender": "Q14",
    "senses": [
      "# [[butelo]], enchido que leva ossos"
    ]
  }
}