{
  "URI": "https://lhenguabase.wikibase.cloud/entity/L1336",
  "entry": {
    "wikitext": "={{-mwl-}}=\u00b6==Adjetivo==\u00b6{{flex.mwl|ms=brabo|mp=brabos|fs=braba|fp=brabas}}\u00b6{{parox\u00edtona|bra|bo|l\u00edngua=mwl}}, {{m}}\u00b6# [[bravo]]\u00b6# [[selvagem]]\u00b6# [[mau]] [[tempo]]\u00b6\u00b6[[Categoria:Adjetivo (Mirand\u00eas)]]",
    "lemma": "brabo",
    "reference": "https://pt.wiktionary.org/wiki/brabo#mwl",
    "forms": [
      {
        "form": "brabo",
        "gram": [
          "Q12",
          "Q14"
        ]
      },
      {
        "form": "brabos",
        "gram": [
          "Q13",
          "Q14"
        ]
      },
      {
        "form": "braba",
        "gram": [
          "Q12",
          "Q15"
        ]
      },
      {
        "form": "brabas",
        "gram": [
          "Q13",
          "Q15"
        ]
      }
    ],
    "pos": "Q8",
    "hyphen": "bra|bo",
    "gender": "Q14",
    "senses": [
      "# [[bravo]]"
    ]
  }
}