{
  "URI": "https://lhenguabase.wikibase.cloud/entity/L1126",
  "entry": {
    "wikitext": "={{-mwl-}}=\u00b6==Substantivo==\u00b6{{parox\u00edtona|bran|cas|l\u00edngua=mwl}}, {{gram\u00e1tica|fp|id=mwl}}\u00b6# [[c\u00e3s]], [[cabelo]] branco\u00b6\u00b6===Sin\u00f3nimos===\u00b6{{colunas|2}}\u00b6* [[pelo branco#{{mwl}}|pelo branco]]\u00b6* [[pelo r\u00facio#{{mwl}}|pelo r\u00facio]]\u00b6{{colunas/fim}}\u00b6\u00b6==Forma de adjetivo==\u00b6{{parox\u00edtona|bran|cas|l\u00edngua=mwl}}, {{gram\u00e1tica|fp|id=mwl}}\u00b6# feminino plural de [[branco#{{mwl}}|branco]]\u00b6\u00b6==Forma de substantivo==\u00b6{{parox\u00edtona|bran|cas|l\u00edngua=mwl}}, {{gram\u00e1tica|fp|id=mwl}}\u00b6# feminino plural de [[branco#{{mwl}}|branco]]\u00b6\u00b6{{aviso.flex\u00e3o|branco|id=mwl}}\u00b6\u00b6[[Categoria:Substantivo (Mirand\u00eas)]]\u00b6[[Categoria:Forma de adjetivo (Mirand\u00eas)]]\u00b6[[Categoria:Forma de substantivo (Mirand\u00eas)]]\u00b6[[Categoria:Pluralia tantum (Mirand\u00eas)]]",
    "lemma": "brancas",
    "reference": "https://pt.wiktionary.org/wiki/brancas#mwl",
    "forms": [],
    "pos": "Q6",
    "hyphen": "bran|cas",
    "senses": [
      "# [[c\u00e3s]], [[cabelo]] branco"
    ]
  }
}