{
  "URI": "https://lhenguabase.wikibase.cloud/entity/L6",
  "entry": {
    "wikitext": "={{-mwl-}}=\u00b6==Substantivo==\u00b6{{flex.mwl|ms=bucho|mp=buchos}}\u00b6{{parox\u00edtona|bu|cho|id=mwl}}, {{gram\u00e1tica|f}}\u00b6# [[gole]]\u00b6==={{-varort-}}===\u00b6{{dividir em colunas|2}}\u00b6* [[buncho#Mirand\u00eas|buncho]]\u00b6* [[bruncho#Mirand\u00eas|bruncho]]\u00b6{{dividir em colunas/fim}}\u00b6\u00b6=={{etimologia|mwl}}==\u00b6: Confronte-se com o asturiano ''[[buchu#Asturiano|buchu]]''.\u00b6\u00b6[[Categoria:Substantivo (Mirand\u00eas)]]",
    "lemma": "bucho",
    "reference": "https://pt.wiktionary.org/wiki/bucho#mwl",
    "forms": [
      {
        "form": "bucho",
        "gram": [
          "Q12",
          "Q14"
        ]
      },
      {
        "form": "buchos",
        "gram": [
          "Q13",
          "Q14"
        ]
      }
    ],
    "pos": "Q6",
    "hyphen": "bu|cho",
    "senses": [
      "# [[gole]]\u00b6"
    ]
  }
}