{
  "URI": "https://lhenguabase.wikibase.cloud/entity/L942",
  "entry": {
    "wikitext": "={{-mwl-}}=\u00b6==Substantivo==\u00b6{{flex.mwl|fp=bufas}}\u00b6{{parox\u00edtona|bu|fas|id=mwl}}, {{f}}\u00b6# [[bei\u00e7o]]s\u00b6\u00b6[[Categoria:Substantivo (Mirand\u00eas)]]",
    "lemma": "bufas",
    "reference": "https://pt.wiktionary.org/wiki/bufas#mwl",
    "forms": [
      {
        "form": "bufas",
        "gram": [
          "Q13",
          "Q15"
        ]
      }
    ],
    "pos": "Q6",
    "hyphen": "bu|fas",
    "gender": "Q15",
    "senses": [
      "# [[bei\u00e7o]]s"
    ]
  }
}