{
  "URI": "https://lhenguabase.wikibase.cloud/entity/L338",
  "entry": {
    "wikitext": "={{-mwl-}}=\u00b6==Substantivo==\u00b6{{flex.mwl|fs=bufiarda|fp=bufiardas}}\u00b6{{parox\u00edtona|bu|fi|ar|da|id=mwl}}, {{f}}\u00b6# [[sopro]] ligeiro de [[vento]]\u00b6===Variantes===\u00b6* [[baforada#{{mwl}}|baforada]]\u00b6\u00b6=={{etimologia|mwl}}==\u00b6: {{escopo|Morfologia}} Derivada de ''[[bufiar#{{mwl}}|bufiar]]''.\u00b6\u00b6[[Categoria:Substantivo (Mirand\u00eas)]]",
    "lemma": "bufiarda",
    "reference": "https://pt.wiktionary.org/wiki/bufiarda#mwl",
    "forms": [
      {
        "form": "bufiarda",
        "gram": [
          "Q12",
          "Q15"
        ]
      },
      {
        "form": "bufiardas",
        "gram": [
          "Q13",
          "Q15"
        ]
      }
    ],
    "pos": "Q6",
    "hyphen": "bu|fi|ar|da",
    "gender": "Q15",
    "senses": [
      "# [[sopro]] ligeiro de [[vento]]"
    ]
  }
}