{
  "URI": "https://lhenguabase.wikibase.cloud/entity/L217",
  "entry": {
    "wikitext": "={{-mwl-}}=\u00b6==Substantivo==\u00b6{{flex.mwl|ms=bulhaco|mp=bulhacos}}\u00b6{{parox\u00edtona|bu|lha|co|id=mwl}}, {{m}}\u00b6# [[bulhaco#Portugu\u00eas|bulhaco]], menor\u00b6===Variante===\u00b6* [[bulhacro#Mirand\u00eas|bulhacro]]\u00b6\u00b6===Express\u00f5es===\u00b6* '''jogo l bulhaco''', jogo dos [[berlinde]]s\u00b6\u00b6[[Categoria:Substantivo (Mirand\u00eas)]]\u00b6[[Categoria:Entrada com imagem (Mirand\u00eas)]]",
    "lemma": "bulhaco",
    "reference": "https://pt.wiktionary.org/wiki/bulhaco#mwl",
    "forms": [
      {
        "form": "bulhaco",
        "gram": [
          "Q12",
          "Q14"
        ]
      },
      {
        "form": "bulhacos",
        "gram": [
          "Q13",
          "Q14"
        ]
      }
    ],
    "pos": "Q6",
    "hyphen": "bu|lha|co",
    "gender": "Q14",
    "senses": [
      "# [[bulhaco"
    ]
  }
}