{
  "URI": "https://lhenguabase.wikibase.cloud/entity/L414",
  "entry": {
    "wikitext": "={{-mwl-}}=\u00b6[[Imagem:Feuerwehreinsatz-gan1.jpg|thumb|right|250px|{{centro|Bombeiros}}]]\u00b6==Substantivo==\u00b6{{flex.mwl|ms=bumbeiro|mp=bumbeiros|fs=bumbeira|fp=bumbeiras}}\u00b6{{parox\u00edtona|bum|bei|ro|l\u00edngua=mwl}}, {{gram\u00e1tica|m}}\u00b6# {{escopo|mwl|Profiss\u00e3o}} [[bombeiro]]\u00b6# [[tocador]] de [[bombo]]\u00b6\u00b6[[Categoria:Substantivo (Mirand\u00eas)]]\u00b6[[Categoria:Entrada com imagem (Mirand\u00eas)]]",
    "lemma": "bumbeiro",
    "reference": "https://pt.wiktionary.org/wiki/bumbeiro#mwl",
    "forms": [
      {
        "form": "bumbeiro",
        "gram": [
          "Q12",
          "Q14"
        ]
      },
      {
        "form": "bumbeiros",
        "gram": [
          "Q13",
          "Q14"
        ]
      },
      {
        "form": "bumbeira",
        "gram": [
          "Q12",
          "Q15"
        ]
      },
      {
        "form": "bumbeiras",
        "gram": [
          "Q13",
          "Q15"
        ]
      }
    ],
    "pos": "Q6",
    "hyphen": "bum|bei|ro",
    "senses": [
      "# {{escopo|mwl|Profiss\u00e3o}} [[bombeiro]]"
    ]
  }
}