{
  "URI": "https://lhenguabase.wikibase.cloud/entity/L1259",
  "entry": {
    "wikitext": "={{-mwl-}}=\u00b6==Substantivo==\u00b6{{parox\u00edtona|Bu|run|di|id=mwl}}, {{gram\u00e1tica|pr}}\u00b6# {{escopo|mwl|Pa\u00eds}} [[Burundi#Portugu\u00eas|Burundi]]\u00b6\u00b6==Ver tamb\u00e9m==\u00b6===No Wikcion\u00e1rio===\u00b6{{\u00c1frica/mwl}}\u00b6\u00b6[[Categoria:Substantivo (Mirand\u00eas)]]\u00b6[[Categoria:Entrada com imagem (Mirand\u00eas)]]",
    "lemma": "Burundi",
    "reference": "https://pt.wiktionary.org/wiki/Burundi#mwl",
    "forms": [],
    "pos": "Q6",
    "hyphen": "Bu|run|di",
    "senses": [
      "# {{escopo|mwl|Pa\u00eds}} [[Burundi"
    ]
  }
}