{
  "URI": "https://lhenguabase.wikibase.cloud/entity/L1108",
  "entry": {
    "wikitext": "={{-mwl-}}=\u00b6==Substantivo==\u00b6{{flex.mwl|ms=butielho|mp=butielhos}}\u00b6{{parox\u00edtona|bu|tie|lho|id=mwl}}, {{m}}\u00b6# {{escopo|mwl|Culin\u00e1ria}} [[butelo]], enchido que leva ossos\u00b6# especialidade culin\u00e1ria feita a base de enchido que leva ossos\u00b6# [[pau]] que se coloca atrav\u00e9s na boca das crias dom\u00e9sticas para impedirem-lhes mamar\u00b6===Variante===\u00b6* [[botielho#Mirand\u00eas|botielho]]\u00b6\u00b6===Sin\u00f3nimo===\u00b6: '''De 1 (enchido):'''\u00b6* [[bulho#Mirand\u00eas|bulho]]\u00b6\u00b6=={{etimologia|mwl}}==\u00b6: {{escopo|Morfologia}} Da mesma raiz que [[bota]] e [[boto]] + ''[[-ielho#Mirand\u00eas|-ielho]]''. Confronte-se com o [[asturiano]] {{etimo|ast|botiellu}}, e com o [[galego]] ''[[butilho#Galego|butilho]]''.\u00b6\u00b6[[Categoria:Substantivo (Mirand\u00eas)]]",
    "lemma": "butielho",
    "reference": "https://pt.wiktionary.org/wiki/butielho#mwl",
    "forms": [
      {
        "form": "butielho",
        "gram": [
          "Q12",
          "Q14"
        ]
      },
      {
        "form": "butielhos",
        "gram": [
          "Q13",
          "Q14"
        ]
      }
    ],
    "pos": "Q6",
    "hyphen": "bu|tie|lho",
    "gender": "Q14",
    "senses": [
      "# {{escopo|mwl|Culin\u00e1ria}} [[butelo]], enchido que leva ossos"
    ]
  }
}