{
  "URI": "https://lhenguabase.wikibase.cloud/entity/L1056",
  "entry": {
    "wikitext": "={{-mwl-}}=\u00b6==Substantivo==\u00b6{{flex.mwl|ms=buxete|mp=buxetes}}\u00b6{{parox\u00edtona|bu|xe|te|id=mwl}}, {{m}}\u00b6# [[pau]] de [[buxo]] ou oliveira usado para lustrar a sola pelos [[sapateiro]]s\u00b6\u00b6=={{etimologia|gl}}==\u00b6: {{escopo|Morfologia}} Derivado de [[buxo]] + [[-ete]].\u00b6\u00b6[[Categoria:Substantivo (Mirand\u00eas)]]",
    "lemma": "buxete",
    "reference": "https://pt.wiktionary.org/wiki/buxete#mwl",
    "forms": [
      {
        "form": "buxete",
        "gram": [
          "Q12",
          "Q14"
        ]
      },
      {
        "form": "buxetes",
        "gram": [
          "Q13",
          "Q14"
        ]
      }
    ],
    "pos": "Q6",
    "hyphen": "bu|xe|te",
    "gender": "Q14",
    "senses": [
      "# [[pau]] de [[buxo]] ou oliveira usado para lustrar a sola pelos [[sapateiro]]s"
    ]
  }
}