{
  "URI": "https://lhenguabase.wikibase.cloud/entity/L702",
  "entry": {
    "wikitext": "={{-mwl-}}=\u00b6==Substantivo==\u00b6{{flex.mwl|ms=cabalho|mp=cabalhos}}\u00b6{{parox\u00edtona|ca|ba|lho|l\u00edngua=mwl}}, {{m}}\u00b6# {{escopo|mwl|zoologia}} [[cavalo]]\u00b6\u00b6=={{etimologia|mwl}} ==\u00b6{{etimo2|la|caballus|mwl}}\u00b6\u00b6==Ver tamb\u00e9m==\u00b6===No Wikcion\u00e1rio===\u00b6{{verTamb\u00e9m.Ini}}\u00b6* [[yeuga]]\u00b6{{verTamb\u00e9m.NovaColuna}}\u00b6* [[cabalheiro]]\u00b6{{verTamb\u00e9m.Fim}}\u00b6\u00b6[[Categoria:Substantivo (Mirand\u00eas)]]\u00b6[[Categoria:Animal (Mirand\u00eas)]]\u00b6[[Categoria:Mam\u00edfero (Mirand\u00eas)]]\u00b6[[Categoria:Entrada com imagem (Mirand\u00eas)]]",
    "lemma": "cabalho",
    "reference": "https://pt.wiktionary.org/wiki/cabalho#mwl",
    "forms": [
      {
        "form": "cabalho",
        "gram": [
          "Q12",
          "Q14"
        ]
      },
      {
        "form": "cabalhos",
        "gram": [
          "Q13",
          "Q14"
        ]
      }
    ],
    "pos": "Q6",
    "hyphen": "ca|ba|lho",
    "gender": "Q14",
    "senses": [
      "# {{escopo|mwl|zoologia}} [[cavalo]]"
    ]
  }
}