{
  "URI": "https://lhenguabase.wikibase.cloud/entity/L1362",
  "entry": {
    "wikitext": "={{-mwl-}}=\u00b6==Substantivo==\u00b6{{flex.mwl|ms=cabanhal|mp=cabanhales}}\u00b6{{ox\u00edtona|ca|ba|nhal|l\u00edngua=mwl}}, {{m}}\u00b6# [[alpendre]]\u00b6\u00b6[[Categoria:Substantivo (Mirand\u00eas)]]",
    "lemma": "cabanhal",
    "reference": "https://pt.wiktionary.org/wiki/cabanhal#mwl",
    "forms": [
      {
        "form": "cabanhal",
        "gram": [
          "Q12",
          "Q14"
        ]
      },
      {
        "form": "cabanhales",
        "gram": [
          "Q13",
          "Q14"
        ]
      }
    ],
    "pos": "Q6",
    "hyphen": "ca|ba|nhal",
    "gender": "Q14",
    "senses": [
      "# [[alpendre]]"
    ]
  }
}