{
  "URI": "https://lhenguabase.wikibase.cloud/entity/L561",
  "entry": {
    "wikitext": "={{-mwl-}}=\u00b6==Substantivo==\u00b6{{flex.mwl|ms=cabalheiro|mp=cabalheiros|fs=cabalheira|fp=cabalheiras}}\u00b6{{parox\u00edtona|ca|ba|lhei|ro|l\u00edngua=mwl}}, {{m}}\u00b6# [[cavaleiro]]\u00b6\u00b6==Ver tamb\u00e9m==\u00b6===No Wikcion\u00e1rio===\u00b6{{verTamb\u00e9m.Ini}}\u00b6* [[yeuga]]\u00b6{{verTamb\u00e9m.NovaColuna}}\u00b6* [[cabalho]]\u00b6{{verTamb\u00e9m.Fim}}\u00b6\u00b6[[Categoria:Substantivo (Mirand\u00eas)]]\u00b6[[Categoria:Entrada com imagem (Mirand\u00eas)]]",
    "lemma": "cabalheiro",
    "reference": "https://pt.wiktionary.org/wiki/cabalheiro#mwl",
    "forms": [
      {
        "form": "cabalheiro",
        "gram": [
          "Q12",
          "Q14"
        ]
      },
      {
        "form": "cabalheiros",
        "gram": [
          "Q13",
          "Q14"
        ]
      },
      {
        "form": "cabalheira",
        "gram": [
          "Q12",
          "Q15"
        ]
      },
      {
        "form": "cabalheiras",
        "gram": [
          "Q13",
          "Q15"
        ]
      }
    ],
    "pos": "Q6",
    "hyphen": "ca|ba|lhei|ro",
    "gender": "Q14",
    "senses": [
      "# [[cavaleiro]]"
    ]
  }
}