{
  "URI": "https://lhenguabase.wikibase.cloud/entity/L1361",
  "entry": {
    "wikitext": "={{-mwl-}}=\u00b6==Substantivo==\u00b6{{flex.mwl|ms=caldo|mp=caldos}}\u00b6{{parox\u00edtona|cal|do|l\u00edngua=mwl}}, {{gram\u00e1tica|m}}\u00b6# {{escopo|mwl|Alimenta\u00e7\u00e3o}} [[caldo#Portugu\u00eas|caldo]], [[sopa]]\u00b6\u00b6[[Categoria:Substantivo (Mirand\u00eas)]]\u00b6[[Categoria:Entrada com imagem (Mirand\u00eas)]]\u00b6[[Categoria:Entrada com imagem (Mirand\u00eas)]]",
    "lemma": "caldo",
    "reference": "https://pt.wiktionary.org/wiki/caldo#mwl",
    "forms": [
      {
        "form": "caldo",
        "gram": [
          "Q12",
          "Q14"
        ]
      },
      {
        "form": "caldos",
        "gram": [
          "Q13",
          "Q14"
        ]
      }
    ],
    "pos": "Q6",
    "hyphen": "cal|do",
    "senses": [
      "# {{escopo|mwl|Alimenta\u00e7\u00e3o}} [[caldo"
    ]
  }
}