{
  "URI": "https://lhenguabase.wikibase.cloud/entity/L402",
  "entry": {
    "wikitext": "={{-mwl-}}=\u00b6==Substantivo==\u00b6{{flex.mwl|fs=calhandra|fp=calhandras}}\u00b6{{parox\u00edtona|ca|lhan|dra|l\u00edngua=mwl}}, {{g|f|id=mwl}}\u00b6# {{escopo|mwl|Ave}} [[calhandra#Portugu\u00eas|calhandra]]\u00b6\u00b6[[Categoria:Substantivo (Mirand\u00eas)]]\u00b6[[Categoria:Animal (Mirand\u00eas)]]\u00b6[[Categoria:Entrada com imagem (Mirand\u00eas)]]",
    "lemma": "calhandra",
    "reference": "https://pt.wiktionary.org/wiki/calhandra#mwl",
    "forms": [
      {
        "form": "calhandra",
        "gram": [
          "Q12",
          "Q15"
        ]
      },
      {
        "form": "calhandras",
        "gram": [
          "Q13",
          "Q15"
        ]
      }
    ],
    "pos": "Q6",
    "hyphen": "ca|lhan|dra",
    "senses": [
      "# {{escopo|mwl|Ave}} [[calhandra"
    ]
  }
}