{
  "URI": "https://lhenguabase.wikibase.cloud/entity/L880",
  "entry": {
    "wikitext": "={{-mwl-}}=\u00b6==Substantivo==\u00b6{{parox\u00edtona|Ca|ma|ro|nes|l\u00edngua=mwl}}, {{pr}}\u00b6#{{escopo|mwl|Geografia}} [[Camar\u00f5es]]\u00b6\u00b6==Ver tamb\u00e9m==\u00b6{{\u00c1frica/mwl}}\u00b6\u00b6[[Categoria:Substantivo (Mirand\u00eas)]]\u00b6[[Categoria:Pa\u00eds (Mirand\u00eas)]]\u00b6[[Categoria:Entrada com imagem (Mirand\u00eas)]]",
    "lemma": "Camarones",
    "reference": "https://pt.wiktionary.org/wiki/Camarones#mwl",
    "forms": [],
    "pos": "Q6",
    "hyphen": "Ca|ma|ro|nes",
    "senses": []
  }
}