{
  "URI": "https://lhenguabase.wikibase.cloud/entity/L1400",
  "entry": {
    "wikitext": "={{-mwl-}}=\u00b6==Substantivo==\u00b6{{flex.mwl|ms=camion|mp=camiones}}\u00b6{{ox\u00edtona|ca|mi|on|l\u00edngua=mwl}}, {{m}}\u00b6# {{escopo|mwl|Transporte}} {{PEPB|[[cami\u00e3o]]|[[caminh\u00e3o]]|inline=1}}\u00b6\u00b6===Formas alternativas===\u00b6* [[camenhon]]\u00b6\u00b6[[Categoria:Substantivo (Mirand\u00eas)]]\u00b6[[Categoria:Entrada com imagem (Mirand\u00eas)]]",
    "lemma": "camion",
    "reference": "https://pt.wiktionary.org/wiki/camion#mwl",
    "forms": [
      {
        "form": "camion",
        "gram": [
          "Q12",
          "Q14"
        ]
      },
      {
        "form": "camiones",
        "gram": [
          "Q13",
          "Q14"
        ]
      }
    ],
    "pos": "Q6",
    "hyphen": "ca|mi|on",
    "gender": "Q14",
    "senses": [
      "# {{escopo|mwl|Transporte}} {{PEPB|[[cami\u00e3o]]|[[caminh\u00e3o]]|inline=1}}"
    ]
  }
}