{
  "URI": "https://lhenguabase.wikibase.cloud/entity/L662",
  "entry": {
    "wikitext": "={{-mwl-}}=\u00b6==Substantivo==\u00b6{{flex.mwl|ms=campo|mp=campos}}\u00b6{{parox\u00edtona|cam|po|l\u00edngua=mwl}}, {{gram\u00e1tica|m}}\u00b6# [[campo#Portugu\u00eas|campo]]\u00b6\u00b6[[Categoria:Substantivo (Mirand\u00eas)]]\u00b6[[Categoria:Entrada com imagem (Mirand\u00eas)]]",
    "lemma": "campo",
    "reference": "https://pt.wiktionary.org/wiki/campo#mwl",
    "forms": [
      {
        "form": "campo",
        "gram": [
          "Q12",
          "Q14"
        ]
      },
      {
        "form": "campos",
        "gram": [
          "Q13",
          "Q14"
        ]
      }
    ],
    "pos": "Q6",
    "hyphen": "cam|po",
    "senses": [
      "# [[campo"
    ]
  }
}