{
  "URI": "https://lhenguabase.wikibase.cloud/entity/L237",
  "entry": {
    "wikitext": "={{-mwl-}}=\u00b6==Substantivo==\u00b6{{flex.mwl|fs=canhona|fp=canhonas}}\u00b6{{parox\u00edtona|ca|nho|na|l\u00edngua=mwl}}, {{gram\u00e1tica|f|id=mwl}}\u00b6# {{escopo|mwl|mam\u00edfero}} [[ovelha]] (''[[species:Ovis aries|Ovis aries]]'')\u00b6\u00b6===Sin\u00f3nimo===\u00b6* [[oubeilha]]\u00b6\u00b6==Ver tamb\u00e9m==\u00b6===Na Wikip\u00e9dia===\u00b6* {{interwiki|w|mwl|canhona}}\u00b6\u00b6[[Categoria:Substantivo (Mirand\u00eas)]]\u00b6[[Categoria:Animal (Mirand\u00eas)]]\u00b6[[Categoria:Entrada com imagem (Mirand\u00eas)]]",
    "lemma": "canhona",
    "reference": "https://pt.wiktionary.org/wiki/canhona#mwl",
    "forms": [
      {
        "form": "canhona",
        "gram": [
          "Q12",
          "Q15"
        ]
      },
      {
        "form": "canhonas",
        "gram": [
          "Q13",
          "Q15"
        ]
      }
    ],
    "pos": "Q6",
    "hyphen": "ca|nho|na",
    "senses": [
      "# {{escopo|mwl|mam\u00edfero}} [[ovelha]] (''[[species:Ovis aries|Ovis aries]]'')"
    ]
  }
}