{
  "URI": "https://lhenguabase.wikibase.cloud/entity/L1420",
  "entry": {
    "wikitext": "={{-mwl-}}=\u00b6==Substantivo==\u00b6{{flex.mwl|ms=capitan|mp=capitanes}}\u00b6{{ox\u00edtona|ca|pi|tan|l\u00edngua=mwl}}, {{m}}\u00b6# {{escopo|mwl|Profiss\u00e3o}} [[capit\u00e3o]]\u00b6\u00b6[[Categoria:Substantivo (Mirand\u00eas)]]\u00b6[[Categoria:Militar (Mirand\u00eas)]]",
    "lemma": "capitan",
    "reference": "https://pt.wiktionary.org/wiki/capitan#mwl",
    "forms": [
      {
        "form": "capitan",
        "gram": [
          "Q12",
          "Q14"
        ]
      },
      {
        "form": "capitanes",
        "gram": [
          "Q13",
          "Q14"
        ]
      }
    ],
    "pos": "Q6",
    "hyphen": "ca|pi|tan",
    "gender": "Q14",
    "senses": [
      "# {{escopo|mwl|Profiss\u00e3o}} [[capit\u00e3o]]"
    ]
  }
}