{
  "URI": "https://lhenguabase.wikibase.cloud/entity/L87",
  "entry": {
    "wikitext": "={{-mwl-}}=\u00b6==Substantivo==\u00b6{{flex.mwl|ms=caramono|mp=caramonos}}\u00b6{{parox\u00edtona|ca|ra|mo|no|l\u00edngua=mwl}}, {{m}}\u00b6# [[boneco]]\u00b6# [[est\u00e1tua]]\u00b6\u00b6==Sin\u00f3nimo<sup>2</sup>==\u00b6* [[st\u00e1tua]]\u00b6\u00b6==Ver tamb\u00e9m==\u00b6===No Wikcion\u00e1rio===\u00b6{{verTamb\u00e9m.Ini}}\u00b6* [[caramono de niebe]]\u00b6{{verTamb\u00e9m.Fim}}\u00b6\u00b6[[Categoria:Substantivo (Mirand\u00eas)]]\u00b6[[Categoria:Objeto (Mirand\u00eas)]]\u00b6[[Categoria:Entrada com imagem (Mirand\u00eas)]]",
    "lemma": "caramono",
    "reference": "https://pt.wiktionary.org/wiki/caramono#mwl",
    "forms": [
      {
        "form": "caramono",
        "gram": [
          "Q12",
          "Q14"
        ]
      },
      {
        "form": "caramonos",
        "gram": [
          "Q13",
          "Q14"
        ]
      }
    ],
    "pos": "Q6",
    "hyphen": "ca|ra|mo|no",
    "gender": "Q14",
    "senses": [
      "# [[boneco]]"
    ]
  }
}