{
  "URI": "https://lhenguabase.wikibase.cloud/entity/L1374",
  "entry": {
    "wikitext": "={{-mwl-}}=\u00b6==Forma de adjetivo==\u00b6{{proparox\u00edtona|ca|ra|te|l\u00eds|ti|ca|l\u00edngua=mwl}}\u00b6# feminino de '''[[caratel\u00edstico#{{mwl}}|caratel\u00edstico]]'''\u00b6\u00b6==Substantivo==\u00b6{{flex.mwl|fs=caratel\u00edstica|fp=caratel\u00edsticas}}\u00b6{{proparox\u00edtona|ca|ra|te|l\u00eds|ti|ca|l\u00edngua=mwl}}\u00b6# [[caracter\u00edstica]]\u00b6\u00b6[[Categoria:Forma de adjetivo (Mirand\u00eas)]]\u00b6[[Categoria:Substantivo (Mirand\u00eas)]]",
    "lemma": "caratel\u00edstica",
    "reference": "https://pt.wiktionary.org/wiki/caratel\u00edstica#mwl",
    "forms": [
      {
        "form": "caratel\u00edstica",
        "gram": [
          "Q12",
          "Q15"
        ]
      },
      {
        "form": "caratel\u00edsticas",
        "gram": [
          "Q13",
          "Q15"
        ]
      }
    ],
    "pos": "Q6",
    "hyphen": "ca|ra|te|l\u00eds|ti|ca",
    "senses": [
      "# feminino de '''[[caratel\u00edstico"
    ]
  }
}