{
  "URI": "https://lhenguabase.wikibase.cloud/entity/L1281",
  "entry": {
    "wikitext": "={{-mwl-}}=\u00b6==Adjetivo==\u00b6{{flex.mwl|ms=caratel\u00edstico|mp=caratel\u00edsticos|fs=caratel\u00edstica|fp=caratel\u00edsticas}}\u00b6{{proparox\u00edtona|ca|ra|te|l\u00eds|ti|co|l\u00edngua=mwl}}, {{m}}\u00b6# [[caracter\u00edstico]]\u00b6\u00b6[[Categoria:Adjetivo (Mirand\u00eas)]]",
    "lemma": "caratel\u00edstico",
    "reference": "https://pt.wiktionary.org/wiki/caratel\u00edstico#mwl",
    "forms": [
      {
        "form": "caratel\u00edstico",
        "gram": [
          "Q12",
          "Q14"
        ]
      },
      {
        "form": "caratel\u00edsticos",
        "gram": [
          "Q13",
          "Q14"
        ]
      },
      {
        "form": "caratel\u00edstica",
        "gram": [
          "Q12",
          "Q15"
        ]
      },
      {
        "form": "caratel\u00edsticas",
        "gram": [
          "Q13",
          "Q15"
        ]
      }
    ],
    "pos": "Q8",
    "hyphen": "ca|ra|te|l\u00eds|ti|co",
    "gender": "Q14",
    "senses": [
      "# [[caracter\u00edstico]]"
    ]
  }
}