{
  "URI": "https://lhenguabase.wikibase.cloud/entity/L93",
  "entry": {
    "wikitext": "={{-mwl-}}=\u00b6==Substantivo==\u00b6{{flex.mwl|ms=carbalho|mp=carbalhos}}\u00b6{{parox\u00edtona|car|ba|lho|l\u00edngua=mwl}}, {{m}}\u00b6# {{escopo|mwl|\u00c1rvore}} [[carvalho]]\u00b6\u00b6==Ver tamb\u00e9m==\u00b6===No Wikcion\u00e1rio===\u00b6{{verTamb\u00e9m.Ini}}\u00b6* [[belhotra]]\u00b6{{verTamb\u00e9m.Fim}}\u00b6\u00b6[[Categoria:Substantivo (Mirand\u00eas)]]\u00b6[[Categoria:Bot\u00e2nica (Mirand\u00eas)]]\u00b6[[Categoria:Entrada com imagem (Mirand\u00eas)]]",
    "lemma": "carbalho",
    "reference": "https://pt.wiktionary.org/wiki/carbalho#mwl",
    "forms": [
      {
        "form": "carbalho",
        "gram": [
          "Q12",
          "Q14"
        ]
      },
      {
        "form": "carbalhos",
        "gram": [
          "Q13",
          "Q14"
        ]
      }
    ],
    "pos": "Q6",
    "hyphen": "car|ba|lho",
    "gender": "Q14",
    "senses": [
      "# {{escopo|mwl|\u00c1rvore}} [[carvalho]]"
    ]
  }
}