{
  "URI": "https://lhenguabase.wikibase.cloud/entity/L934",
  "entry": {
    "wikitext": "={{-mwl-}}=\u00b6==Substantivo==\u00b6{{flex.mwl|fs=careija|fp=careijas}}\u00b6{{parox\u00edtona|ca|rei|ja|l\u00edngua=mwl}}, {{g|f|l\u00edngua=mwl}}\u00b6# {{escopo|mwl|Inseto}} [[mosca-varejeira]], [[vareja]] (fam\u00edlia ''[[species:Calliphoridae|Calliphoridae]]'')\u00b6\u00b6===Sin\u00f3nimos===\u00b6* [[mosca carejeira]], [[carejeira]]\u00b6\u00b6==Ver tamb\u00e9m==\u00b6===No Wikcion\u00e1rio===\u00b6{{verTamb\u00e9m.Ini}}\u00b6* [[mosca]]\u00b6{{verTamb\u00e9m.Fim}}\u00b6\u00b6[[Categoria:Substantivo (Mirand\u00eas)]]\u00b6[[Categoria:Animal (Mirand\u00eas)]]\u00b6[[Categoria:Entrada com imagem (Mirand\u00eas)]]",
    "lemma": "careija",
    "reference": "https://pt.wiktionary.org/wiki/careija#mwl",
    "forms": [
      {
        "form": "careija",
        "gram": [
          "Q12",
          "Q15"
        ]
      },
      {
        "form": "careijas",
        "gram": [
          "Q13",
          "Q15"
        ]
      }
    ],
    "pos": "Q6",
    "hyphen": "ca|rei|ja",
    "senses": [
      "# {{escopo|mwl|Inseto}} [[mosca-varejeira]], [[vareja]] (fam\u00edlia ''[[species:Calliphoridae|Calliphoridae]]'')"
    ]
  }
}