{
  "URI": "https://lhenguabase.wikibase.cloud/entity/L325",
  "entry": {
    "wikitext": "={{-mwl-}}=\u00b6==Substantivo==\u00b6{{flex.mwl|fs=carreira|fp=carreiras}}\u00b6{{parox\u00edtona|car|rei|ra|l\u00edngua=mwl}}, {{f}}\u00b6# [[carreira#{{pt}}|carreira]], [[profiss\u00e3o]]\u00b6\u00b6[[Categoria:Substantivo (Mirand\u00eas)]]",
    "lemma": "carreira",
    "reference": "https://pt.wiktionary.org/wiki/carreira#mwl",
    "forms": [
      {
        "form": "carreira",
        "gram": [
          "Q12",
          "Q15"
        ]
      },
      {
        "form": "carreiras",
        "gram": [
          "Q13",
          "Q15"
        ]
      }
    ],
    "pos": "Q6",
    "hyphen": "car|rei|ra",
    "gender": "Q15",
    "senses": [
      "# [[carreira"
    ]
  }
}