{
  "URI": "https://lhenguabase.wikibase.cloud/entity/L1089",
  "entry": {
    "wikitext": "={{-mwl-}}=\u00b6==Substantivo==\u00b6{{flex.mwl|ms=carro|mp=carros}}\u00b6{{parox\u00edtona|car|ro|l\u00edngua=mwl}}, {{gram\u00e1tica|m}}\u00b6# {{escopo|mwl|Transporte}} [[autom\u00f3vel]], [[carro#Portugu\u00eas|carro]]\u00b6\u00b6==={{PEPB|Sin\u00f3nimos|Sin\u00f4nimos|inline=1}}===\u00b6* [[altemoble#Mirand\u00eas|altemoble]]\u00b6\u00b6[[Categoria:Substantivo (Mirand\u00eas)]]\u00b6[[Categoria:Entrada com imagem (Mirand\u00eas)]]",
    "lemma": "carro",
    "reference": "https://pt.wiktionary.org/wiki/carro#mwl",
    "forms": [
      {
        "form": "carro",
        "gram": [
          "Q12",
          "Q14"
        ]
      },
      {
        "form": "carros",
        "gram": [
          "Q13",
          "Q14"
        ]
      }
    ],
    "pos": "Q6",
    "hyphen": "car|ro",
    "senses": [
      "# {{escopo|mwl|Transporte}} [[autom\u00f3vel]], [[carro"
    ]
  }
}