{
  "URI": "https://lhenguabase.wikibase.cloud/entity/L1182",
  "entry": {
    "wikitext": "={{-mwl-}}=\u00b6==Substantivo==\u00b6{{flex.mwl|fs=carta|fp=cartas}}\u00b6{{parox\u00edtona|car|ta|l\u00edngua=mwl}}, {{gram\u00e1tica|f}}\u00b6# {{escopo|mwl|Comunica\u00e7\u00e3o|Objeto}} [[#Portugu\u00eas|carta]]\u00b6\u00b6[[Categoria:Substantivo (Mirand\u00eas)]]",
    "lemma": "carta",
    "reference": "https://pt.wiktionary.org/wiki/carta#mwl",
    "forms": [
      {
        "form": "carta",
        "gram": [
          "Q12",
          "Q15"
        ]
      },
      {
        "form": "cartas",
        "gram": [
          "Q13",
          "Q15"
        ]
      }
    ],
    "pos": "Q6",
    "hyphen": "car|ta",
    "senses": [
      "# {{escopo|mwl|Comunica\u00e7\u00e3o|Objeto}} [["
    ]
  }
}