{
  "URI": "https://lhenguabase.wikibase.cloud/entity/L1227",
  "entry": {
    "wikitext": "={{-mwl-}}=\u00b6==Substantivo==\u00b6{{flex.mwl|fs=carunha|fp=carunhas}}\u00b6{{parox\u00edtona|ca|ru|nha|id=mwl}}, {{f}}\u00b6# [[baga\u00e7o]] da azeitona\u00b6\u00b6===Sin\u00f4nimo===\u00b6* [[baganho#Mirand\u00eas|baganho]]\u00b6\u00b6[[Categoria:Substantivo (Mirand\u00eas)]]",
    "lemma": "carunha",
    "reference": "https://pt.wiktionary.org/wiki/carunha#mwl",
    "forms": [
      {
        "form": "carunha",
        "gram": [
          "Q12",
          "Q15"
        ]
      },
      {
        "form": "carunhas",
        "gram": [
          "Q13",
          "Q15"
        ]
      }
    ],
    "pos": "Q6",
    "hyphen": "ca|ru|nha",
    "gender": "Q15",
    "senses": [
      "# [[baga\u00e7o]] da azeitona"
    ]
  }
}