{
  "URI": "https://lhenguabase.wikibase.cloud/entity/L1426",
  "entry": {
    "wikitext": "={{-mwl-}}=\u00b6==Substantivo==\u00b6{{flex.mwl|fs=casa|fp=casas}}\u00b6{{parox\u00edtona|ca|sa|l\u00edngua=mwl}}, {{gram\u00e1tica|f}}\u00b6# [[casa#Portugu\u00eas|casa]]\u00b6\u00b6[[Categoria:Substantivo (Mirand\u00eas)]]\u00b6[[Categoria:Entrada com imagem (Mirand\u00eas)]]",
    "lemma": "casa",
    "reference": "https://pt.wiktionary.org/wiki/casa#mwl",
    "forms": [
      {
        "form": "casa",
        "gram": [
          "Q12",
          "Q15"
        ]
      },
      {
        "form": "casas",
        "gram": [
          "Q13",
          "Q15"
        ]
      }
    ],
    "pos": "Q6",
    "hyphen": "ca|sa",
    "senses": [
      "# [[casa"
    ]
  }
}