{
  "URI": "https://lhenguabase.wikibase.cloud/entity/L372",
  "entry": {
    "wikitext": "={{-mwl-}}=\u00b6==Substantivo==\u00b6{{flex.mwl|ms=castielho|mp=castielhos}}\u00b6{{parox\u00edtona|cas|tie|lho|l\u00edngua=mwl}}, {{m}}\u00b6# [[castelo]]\u00b6\u00b6[[Categoria:Substantivo (Mirand\u00eas)]]",
    "lemma": "castielho",
    "reference": "https://pt.wiktionary.org/wiki/castielho#mwl",
    "forms": [
      {
        "form": "castielho",
        "gram": [
          "Q12",
          "Q14"
        ]
      },
      {
        "form": "castielhos",
        "gram": [
          "Q13",
          "Q14"
        ]
      }
    ],
    "pos": "Q6",
    "hyphen": "cas|tie|lho",
    "gender": "Q14",
    "senses": [
      "# [[castelo]]"
    ]
  }
}