{
  "URI": "https://lhenguabase.wikibase.cloud/entity/L1164",
  "entry": {
    "wikitext": "={{-mwl-}}=\u00b6==Substantivo==\u00b6'''Cazaquiston''', {{gram\u00e1tica|pr}}\u00b6# {{escopo|mwl|Pa\u00eds}} [[Cazaquist\u00e3o]]\u00b6\u00b6==Ver tamb\u00e9m==\u00b6===No Wikcion\u00e1rio===\u00b6{{\u00c1sia/mwl}}\u00b6{{Europa/mwl}}\u00b6\u00b6===Na Wikip\u00e9dia===\u00b6* {{interwiki|w|mwl|Cazaquiston}}\u00b6\u00b6[[Categoria:Substantivo (Mirand\u00eas)]]\u00b6[[Categoria:Entrada com imagem (Mirand\u00eas)]]",
    "lemma": "Cazaquiston",
    "reference": "https://pt.wiktionary.org/wiki/Cazaquiston#mwl",
    "forms": [],
    "pos": "Q6",
    "senses": [
      "# {{escopo|mwl|Pa\u00eds}} [[Cazaquist\u00e3o]]"
    ]
  }
}