{
  "URI": "https://lhenguabase.wikibase.cloud/entity/L357",
  "entry": {
    "wikitext": "={{-mwl-}}=\u00b6==Substantivo==\u00b6{{flex.mwl|fs=cebada|fp=cebadas}}\u00b6{{parox\u00edtona|ce|ba|da|l\u00edngua=mwl}}, {{f}}\u00b6# {{escopo|mwl|Planta}} [[cevada]]\u00b6\u00b6[[Categoria:Substantivo (Mirand\u00eas)]]\u00b6[[Categoria:Bot\u00e2nica (Mirand\u00eas)]]\u00b6[[Categoria:Entrada com imagem (Mirand\u00eas)]]",
    "lemma": "cebada",
    "reference": "https://pt.wiktionary.org/wiki/cebada#mwl",
    "forms": [
      {
        "form": "cebada",
        "gram": [
          "Q12",
          "Q15"
        ]
      },
      {
        "form": "cebadas",
        "gram": [
          "Q13",
          "Q15"
        ]
      }
    ],
    "pos": "Q6",
    "hyphen": "ce|ba|da",
    "gender": "Q15",
    "senses": [
      "# {{escopo|mwl|Planta}} [[cevada]]"
    ]
  }
}