{
  "URI": "https://lhenguabase.wikibase.cloud/entity/L881",
  "entry": {
    "wikitext": "={{-mwl-}}=\u00b6==Substantivo==\u00b6{{flex.mwl|fs=cebolha|fp=cebolhas}}\u00b6{{parox\u00edtona|ce|bo|lha|l\u00edngua=mwl}}, {{f}}\u00b6# [[cebola]] (''[[species:Allium cepa|Allium cepa]]'')\u00b6\u00b6[[Categoria:Substantivo (Mirand\u00eas)]]\u00b6[[Categoria:Bot\u00e2nica (Mirand\u00eas)]]",
    "lemma": "cebolha",
    "reference": "https://pt.wiktionary.org/wiki/cebolha#mwl",
    "forms": [
      {
        "form": "cebolha",
        "gram": [
          "Q12",
          "Q15"
        ]
      },
      {
        "form": "cebolhas",
        "gram": [
          "Q13",
          "Q15"
        ]
      }
    ],
    "pos": "Q6",
    "hyphen": "ce|bo|lha",
    "gender": "Q15",
    "senses": [
      "# [[cebola]] (''[[species:Allium cepa|Allium cepa]]'')"
    ]
  }
}