{
  "URI": "https://lhenguabase.wikibase.cloud/entity/L827",
  "entry": {
    "wikitext": "={{-mwl-}}=\u00b6==Adjetivo==\u00b6{{flex.mwl|s=celestial|p=celestiales}}\u00b6{{ox\u00edtona|ce|les|ti|al|l\u00edngua=mwl}}, {{c2g}}\u00b6# [[celestial#Portugu\u00eas|celestial]]\u00b6\u00b6[[Categoria:Substantivo (Mirand\u00eas)]]",
    "lemma": "celestial",
    "reference": "https://pt.wiktionary.org/wiki/celestial#mwl",
    "forms": [
      {
        "form": "celestial",
        "gram": [
          "Q12"
        ]
      },
      {
        "form": "celestiales",
        "gram": [
          "Q13"
        ]
      }
    ],
    "pos": "Q8",
    "hyphen": "ce|les|ti|al",
    "senses": [
      "# [[celestial"
    ]
  }
}