{
  "URI": "https://lhenguabase.wikibase.cloud/entity/L437",
  "entry": {
    "wikitext": "={{-mwl-}}=\u00b6==Substantivo==\u00b6{{flex.mwl|fs=cereijeira|fp=cereijeiras}}\u00b6{{parox\u00edtona|ce|rei|jei|ra|l\u00edngua=mwl}}, {{g|f|id=mwl}}\u00b6# {{escopo|mwl|\u00c1rvore}} [[cerejeira]] (''[[species:Prunus avium|Prunus avium]]'')\u00b6\u00b6==Ver tamb\u00e9m==\u00b6===No Wikcion\u00e1rio===\u00b6{{verTamb\u00e9m.Ini}}\u00b6* [[cereija]]\u00b6{{verTamb\u00e9m.Fim}}\u00b6\u00b6[[Categoria:Substantivo (Mirand\u00eas)]]\u00b6[[Categoria:Bot\u00e2nica (Mirand\u00eas)]]\u00b6[[Categoria:Entrada com imagem (Mirand\u00eas)]]",
    "lemma": "cereijeira",
    "reference": "https://pt.wiktionary.org/wiki/cereijeira#mwl",
    "forms": [
      {
        "form": "cereijeira",
        "gram": [
          "Q12",
          "Q15"
        ]
      },
      {
        "form": "cereijeiras",
        "gram": [
          "Q13",
          "Q15"
        ]
      }
    ],
    "pos": "Q6",
    "hyphen": "ce|rei|jei|ra",
    "senses": [
      "# {{escopo|mwl|\u00c1rvore}} [[cerejeira]] (''[[species:Prunus avium|Prunus avium]]'')"
    ]
  }
}