{
  "URI": "https://lhenguabase.wikibase.cloud/entity/L483",
  "entry": {
    "wikitext": "={{-mwl-}}=\u00b6==Substantivo==\u00b6{{flex.mwl|fs=chelubrina|fp=chelubrinas}}\u00b6{{parox\u00edtona|che|lu|bri|na|l\u00edngua=mwl}}, {{f}}\u00b6# {{escopo|mwl|Ave}} pequena [[cotovia]]\u00b6\u00b6==Ver tamb\u00e9m==\u00b6===No Wikcion\u00e1rio===\u00b6{{verTamb\u00e9m.Ini}}\u00b6* [[quetobie]]\u00b6{{verTamb\u00e9m.Fim}}\u00b6\u00b6[[Categoria:Substantivo (Mirand\u00eas)]]\u00b6[[Categoria:Animal (Mirand\u00eas)]]",
    "lemma": "chelubrina",
    "reference": "https://pt.wiktionary.org/wiki/chelubrina#mwl",
    "forms": [
      {
        "form": "chelubrina",
        "gram": [
          "Q12",
          "Q15"
        ]
      },
      {
        "form": "chelubrinas",
        "gram": [
          "Q13",
          "Q15"
        ]
      }
    ],
    "pos": "Q6",
    "hyphen": "che|lu|bri|na",
    "gender": "Q15",
    "senses": [
      "# {{escopo|mwl|Ave}} pequena [[cotovia]]"
    ]
  }
}