{
  "URI": "https://lhenguabase.wikibase.cloud/entity/L1364",
  "entry": {
    "wikitext": "={{-mwl-}}=\u00b6==Substantivo==\u00b6{{flex.mwl|fs=chicha|fp=chichas}}\u00b6{{parox\u00edtona|chi|cha|id=mwl}}, {{f}}\u00b6# [[carne]]\u00b6\u00b6[[Categoria:Substantivo (Mirand\u00eas)]]",
    "lemma": "chicha",
    "reference": "https://pt.wiktionary.org/wiki/chicha#mwl",
    "forms": [
      {
        "form": "chicha",
        "gram": [
          "Q12",
          "Q15"
        ]
      },
      {
        "form": "chichas",
        "gram": [
          "Q13",
          "Q15"
        ]
      }
    ],
    "pos": "Q6",
    "hyphen": "chi|cha",
    "gender": "Q15",
    "senses": [
      "# [[carne]]"
    ]
  }
}