{
  "URI": "https://lhenguabase.wikibase.cloud/entity/L793",
  "entry": {
    "wikitext": "={{-mwl-}}=\u00b6==Substantivo==\u00b6{{flex.mwl|fs=chi\u00e7pa|fp=chi\u00e7pas}}\u00b6{{parox\u00edtona|chi|\u00e7pa|l\u00edngua=mwl}}, {{f}}\u00b6# [[fa\u00edsca]]\u00b6\u00b6[[Categoria:Substantivo (Mirand\u00eas)]]",
    "lemma": "chi\u00e7pa",
    "reference": "https://pt.wiktionary.org/wiki/chi\u00e7pa#mwl",
    "forms": [
      {
        "form": "chi\u00e7pa",
        "gram": [
          "Q12",
          "Q15"
        ]
      },
      {
        "form": "chi\u00e7pas",
        "gram": [
          "Q13",
          "Q15"
        ]
      }
    ],
    "pos": "Q6",
    "hyphen": "chi|\u00e7pa",
    "gender": "Q15",
    "senses": [
      "# [[fa\u00edsca]]"
    ]
  }
}