{
  "URI": "https://lhenguabase.wikibase.cloud/entity/L465",
  "entry": {
    "wikitext": "={{-mwl-}}=\u00b6==Substantivo==\u00b6{{flex.mwl|fs=chola|fp=cholas}}\u00b6{{parox\u00edtona|cho|la|id=mwl}}, {{f}}\u00b6# [[tamanco]], [[soco]]\u00b6\u00b6==Ver tamb\u00e9m==\u00b6===No Wikcion\u00e1rio===\u00b6{{verTamb\u00e9m.Ini}}\u00b6* [[cholo]]\u00b6{{verTamb\u00e9m.NovaColuna}}\u00b6* [[sola]]\u00b6{{verTamb\u00e9m.Fim}}\u00b6\u00b6[[Categoria:Substantivo (Mirand\u00eas)]]",
    "lemma": "chola",
    "reference": "https://pt.wiktionary.org/wiki/chola#mwl",
    "forms": [
      {
        "form": "chola",
        "gram": [
          "Q12",
          "Q15"
        ]
      },
      {
        "form": "cholas",
        "gram": [
          "Q13",
          "Q15"
        ]
      }
    ],
    "pos": "Q6",
    "hyphen": "cho|la",
    "gender": "Q15",
    "senses": [
      "# [[tamanco]], [[soco]]"
    ]
  }
}