{
  "URI": "https://lhenguabase.wikibase.cloud/entity/L1267",
  "entry": {
    "wikitext": "={{-mwl-}}=\u00b6==Substantivo==\u00b6{{flex.mwl|ms=cidadano|mp=cidadanos|fs=cidadana|fp=cidadanas}}\u00b6{{parox\u00edtona|ci|da|da|no|l\u00edngua=mwl}}, {{m}}\u00b6# [[cidad\u00e3o]]\u00b6\u00b6[[Categoria:Substantivo (Mirand\u00eas)]]",
    "lemma": "cidadano",
    "reference": "https://pt.wiktionary.org/wiki/cidadano#mwl",
    "forms": [
      {
        "form": "cidadano",
        "gram": [
          "Q12",
          "Q14"
        ]
      },
      {
        "form": "cidadanos",
        "gram": [
          "Q13",
          "Q14"
        ]
      },
      {
        "form": "cidadana",
        "gram": [
          "Q12",
          "Q15"
        ]
      },
      {
        "form": "cidadanas",
        "gram": [
          "Q13",
          "Q15"
        ]
      }
    ],
    "pos": "Q6",
    "hyphen": "ci|da|da|no",
    "gender": "Q14",
    "senses": [
      "# [[cidad\u00e3o]]"
    ]
  }
}