{
  "URI": "https://lhenguabase.wikibase.cloud/entity/L252",
  "entry": {
    "wikitext": "={{-mwl-}}=\u00b6==Substantivo==\u00b6{{flex.mwl|ms=cinema|mp=cinemas}}\u00b6{{parox\u00edtona|ci|ne|ma|l\u00edngua=mwl}}, {{gram\u00e1tica|m}}\u00b6# [[cinema#Portugu\u00eas|cinema]]\u00b6\u00b6[[Categoria:Substantivo (Mirand\u00eas)]]\u00b6[[Categoria:Cinema (Mirand\u00eas)]]",
    "lemma": "cinema",
    "reference": "https://pt.wiktionary.org/wiki/cinema#mwl",
    "forms": [
      {
        "form": "cinema",
        "gram": [
          "Q12",
          "Q14"
        ]
      },
      {
        "form": "cinemas",
        "gram": [
          "Q13",
          "Q14"
        ]
      }
    ],
    "pos": "Q6",
    "hyphen": "ci|ne|ma",
    "senses": [
      "# [[cinema"
    ]
  }
}