{
  "URI": "https://lhenguabase.wikibase.cloud/entity/L484",
  "entry": {
    "wikitext": "={{-mwl-}}=\u00b6==Substantivo==\u00b6{{flex.mwl|fs=ci\u00e9ncia|fp=ci\u00e9ncias}}\u00b6{{proparox\u00edtona|ci|\u00e9n|ci|a|l\u00edngua=mwl}}, {{f}}\u00b6# [[ci\u00eancia]]\u00b6\u00b6[[Categoria:Substantivo (Mirand\u00eas)]]",
    "lemma": "ci\u00e9ncia",
    "reference": "https://pt.wiktionary.org/wiki/ci\u00e9ncia#mwl",
    "forms": [
      {
        "form": "ci\u00e9ncia",
        "gram": [
          "Q12",
          "Q15"
        ]
      },
      {
        "form": "ci\u00e9ncias",
        "gram": [
          "Q13",
          "Q15"
        ]
      }
    ],
    "pos": "Q6",
    "hyphen": "ci|\u00e9n|ci|a",
    "gender": "Q15",
    "senses": [
      "# [[ci\u00eancia]]"
    ]
  }
}