{
  "URI": "https://lhenguabase.wikibase.cloud/entity/L887",
  "entry": {
    "wikitext": "={{-mwl-}}=\u00b6==Substantivo==\u00b6{{flex.mwl|fs=classe|fp=classes}}\u00b6{{parox\u00edtona|clas|se|l\u00edngua=mwl}}, {{gram\u00e1tica|f}}\u00b6# [[classe#Portugu\u00eas|classe]]\u00b6\u00b6[[Categoria:Substantivo (Mirand\u00eas)]]",
    "lemma": "classe",
    "reference": "https://pt.wiktionary.org/wiki/classe#mwl",
    "forms": [
      {
        "form": "classe",
        "gram": [
          "Q12",
          "Q15"
        ]
      },
      {
        "form": "classes",
        "gram": [
          "Q13",
          "Q15"
        ]
      }
    ],
    "pos": "Q6",
    "hyphen": "clas|se",
    "senses": [
      "# [[classe"
    ]
  }
}