{
  "URI": "https://lhenguabase.wikibase.cloud/entity/L73",
  "entry": {
    "wikitext": "={{-mwl-}}=\u00b6==Substantivo==\u00b6{{flex.mwl|ms=cochino|mp=cochinos}}\u00b6{{parox\u00edtona|co|chi|no|l\u00edngua=mwl}}, {{g|m}}\u00b6# {{escopo|mwl|Mam\u00edfero}} [[porco]]\u00b6\u00b6==Ver tamb\u00e9m==\u00b6===No Wikcion\u00e1rio===\u00b6{{verTamb\u00e9m.Ini}}\u00b6* [[cochino brabo]]\u00b6{{verTamb\u00e9m.NovaColuna}}\u00b6* [[cochino munt\u00e9s]]\u00b6{{verTamb\u00e9m.Fim}}\u00b6\u00b6[[Categoria:Substantivo (Mirand\u00eas)]]\u00b6[[Categoria:Animal (Mirand\u00eas)]]\u00b6[[Categoria:Zoologia (Mirand\u00eas)]]\u00b6[[Categoria:Entrada com imagem (Mirand\u00eas)]]",
    "lemma": "cochino",
    "reference": "https://pt.wiktionary.org/wiki/cochino#mwl",
    "forms": [
      {
        "form": "cochino",
        "gram": [
          "Q12",
          "Q14"
        ]
      },
      {
        "form": "cochinos",
        "gram": [
          "Q13",
          "Q14"
        ]
      }
    ],
    "pos": "Q6",
    "hyphen": "co|chi|no",
    "senses": [
      "# {{escopo|mwl|Mam\u00edfero}} [[porco]]\u00b6\u00b6"
    ]
  }
}