{
  "URI": "https://lhenguabase.wikibase.cloud/entity/L18",
  "entry": {
    "wikitext": "={{-mwl-}}=\u00b6==Substantivo==\u00b6{{flex.mwl|ms=coincimiento|mp=coincimientos}}\u00b6{{parox\u00edtona|co|in|ci|mien|to|l\u00edngua=mwl}}, {{m}}\u00b6# [[conhecimento]]\u00b6\u00b6[[Categoria:Substantivo (Mirand\u00eas)]]",
    "lemma": "coincimiento",
    "reference": "https://pt.wiktionary.org/wiki/coincimiento#mwl",
    "forms": [
      {
        "form": "coincimiento",
        "gram": [
          "Q12",
          "Q14"
        ]
      },
      {
        "form": "coincimientos",
        "gram": [
          "Q13",
          "Q14"
        ]
      }
    ],
    "pos": "Q6",
    "hyphen": "co|in|ci|mien|to",
    "gender": "Q14",
    "senses": [
      "# [[conhecimento]]\u00b6\u00b6[[Categoria:Substantivo (Mirand\u00eas)]]"
    ]
  }
}