{
  "URI": "https://lhenguabase.wikibase.cloud/entity/L370",
  "entry": {
    "wikitext": "={{-mwl-}}=\u00b6==Adjetivo==\u00b6{{flex.mwl|ms=coincido|mp=coincidos|fs=coincida|fp=coincidas}}\u00b6{{parox\u00edtona|co|in|ci|do|l\u00edngua=mwl}}, {{m}}\u00b6# [[conhecido]]\u00b6\u00b6==Ant\u00f3nimo==\u00b6* [[\u00e7coincido]]\u00b6\u00b6[[Categoria:Adjetivo (Mirand\u00eas)]]",
    "lemma": "coincido",
    "reference": "https://pt.wiktionary.org/wiki/coincido#mwl",
    "forms": [
      {
        "form": "coincido",
        "gram": [
          "Q12",
          "Q14"
        ]
      },
      {
        "form": "coincidos",
        "gram": [
          "Q13",
          "Q14"
        ]
      },
      {
        "form": "coincida",
        "gram": [
          "Q12",
          "Q15"
        ]
      },
      {
        "form": "coincidas",
        "gram": [
          "Q13",
          "Q15"
        ]
      }
    ],
    "pos": "Q8",
    "hyphen": "co|in|ci|do",
    "gender": "Q14",
    "senses": [
      "# [[conhecido]]"
    ]
  }
}