{
  "URI": "https://lhenguabase.wikibase.cloud/entity/L985",
  "entry": {
    "wikitext": "={{-mwl-}}=\u00b6==Substantivo==\u00b6{{flex.mwl|ms=cora\u00e7on|mp=cora\u00e7ones}}\u00b6{{ox\u00edtona|co|ra|\u00e7on|l\u00edngua=mwl}}, {{m}}\u00b6# {{escopo|mwl|Anatomia }} [[cora\u00e7\u00e3o]]\u00b6\u00b6[[Categoria:Substantivo (Mirand\u00eas)]]\u00b6[[Categoria:Entrada com imagem (Mirand\u00eas)]]",
    "lemma": "cora\u00e7on",
    "reference": "https://pt.wiktionary.org/wiki/cora\u00e7on#mwl",
    "forms": [
      {
        "form": "cora\u00e7on",
        "gram": [
          "Q12",
          "Q14"
        ]
      },
      {
        "form": "cora\u00e7ones",
        "gram": [
          "Q13",
          "Q14"
        ]
      }
    ],
    "pos": "Q6",
    "hyphen": "co|ra|\u00e7on",
    "gender": "Q14",
    "senses": [
      "# {{escopo|mwl|Anatomia }} [[cora\u00e7\u00e3o]]"
    ]
  }
}