{
  "URI": "https://lhenguabase.wikibase.cloud/entity/L892",
  "entry": {
    "wikitext": "={{-mwl-}}=\u00b6==Substantivo==\u00b6{{flex.mwl|fs=corona|fp=coronas}}\u00b6{{parox\u00edtona|co|ro|na|l\u00edngua=mwl}}, {{gram\u00e1tica|f}}\u00b6# [[coroa]]\u00b6\u00b6[[Categoria:Substantivo (Mirand\u00eas)]]\u00b6[[Categoria:Objeto (Mirand\u00eas)]]\u00b6[[Categoria:Entrada com imagem (Mirand\u00eas)]]",
    "lemma": "corona",
    "reference": "https://pt.wiktionary.org/wiki/corona#mwl",
    "forms": [
      {
        "form": "corona",
        "gram": [
          "Q12",
          "Q15"
        ]
      },
      {
        "form": "coronas",
        "gram": [
          "Q13",
          "Q15"
        ]
      }
    ],
    "pos": "Q6",
    "hyphen": "co|ro|na",
    "senses": [
      "# [[coroa]]"
    ]
  }
}