{
  "URI": "https://lhenguabase.wikibase.cloud/entity/L684",
  "entry": {
    "wikitext": "={{-mwl-}}=\u00b6==Substantivo==\u00b6{{flex.mwl|ms=crabo|mp=crabos}}\u00b6{{parox\u00edtona|cra|bo|l\u00edngua=mwl}}, {{gram\u00e1tica|m}}\u00b6# [[cravo]]\u00b6# {{escopo|mwl|Bot\u00e2nica}} a [[planta]] [[craveiro]]; a [[flor]] do craveiro\u00b6# [[prego]] para a [[fixa\u00e7\u00e3o]] das [[ferradura]]s (e dos [[supliciado]]s na [[cruz]])\u00b6# [[afec\u00e7\u00e3o]] do [[fol\u00edculo]] [[seb\u00e1ceo]] causada pela [[obstru\u00e7\u00e3o]] do [[poro]]\u00b6# {{escopo|mwl|M\u00fasica}} [[instrumento]] [[musical]] de [[corda]]s e [[teclado]]\u00b6\u00b6==Forma verbal==\u00b6{{parox\u00edtona|cra|bo|l\u00edngua=mwl}}\u00b6# primeira pessoa do singular no presente do indicativo de [[crabar]]\u00b6\u00b6{{aviso.flex\u00e3o|crabar}}\u00b6\u00b6=={{etimologia|mwl}}==\u00b6{{etimo2|la|clavu|mwl}}\u00b6\u00b6==Ver tamb\u00e9m==\u00b6===No Wikcion\u00e1rio===\u00b6{{verTamb\u00e9m.Ini}}\u00b6* [[cravado]]\u00b6* [[cravar]]\u00b6* [[craveiro]]\u00b6* [[cravejar]]\u00b6* [[cravelha]]\u00b6* [[cravelho]]\u00b6{{verTamb\u00e9m.NovaColuna}}\u00b6* [[cravina]]\u00b6* [[cravinho]]\u00b6* [[cravi\u00f3rg\u00e3o]]\u00b6* [[cravista]]\u00b6* [[cravo]]\u00b6* [[cravo-da-\u00edndia]]\u00b6{{verTamb\u00e9m.Fim}}\u00b6\u00b6[[Categoria:Substantivo (Mirand\u00eas)]]\u00b6[[Categoria:Forma verbal (Mirand\u00eas)]]\u00b6[[Categoria:Medicina (Mirand\u00eas)]]\u00b6[[Categoria:Flor (Mirand\u00eas)]]\u00b6[[Categoria:Entrada com imagem (Mirand\u00eas)]]\u00b6[[Categoria:Condimento (Mirand\u00eas)]]",
    "lemma": "crabo",
    "reference": "https://pt.wiktionary.org/wiki/crabo#mwl",
    "forms": [
      {
        "form": "crabo",
        "gram": [
          "Q12",
          "Q14"
        ]
      },
      {
        "form": "crabos",
        "gram": [
          "Q13",
          "Q14"
        ]
      }
    ],
    "pos": "Q6",
    "hyphen": "cra|bo",
    "senses": [
      "# [[cravo]]"
    ]
  }
}