{
  "URI": "https://lhenguabase.wikibase.cloud/entity/L15",
  "entry": {
    "wikitext": "={{-mwl-}}=\u00b6==Substantivo==\u00b6{{flex.mwl|ms=Cristobo}}\u00b6{{parox\u00edtona|Cris|to|bo|l\u00edngua=mwl}}, {{gram\u00e1tica|pr|m}}\u00b6# [[Ap\u00eandice:Prenomes em mirand\u00eas|prenome]] masculino\u00b6# [[Crist\u00f3v\u00e3o]]\u00b6# {{escopo|mwl|Hist\u00f3ria|s\u00e9culo XV}} descobridor da [[Am\u00e9rica]]\u00b6\u00b6===Tradu\u00e7\u00e3o===\u00b6{{tradini}}\u00b6* {{trad|ay|Cristoforo}}\u00b6* {{trad|de|Christoph|Christof}}\u00b6* {{trad|ar|\u0643\u0631\u064a\u0633\u062a\u0648\u0641\u0631}} (Kristoofer)\u00b6* {{trad|an|Cristofo}}\u00b6* {{trad|hy|\u053f\u0580\u056b\u057d\u0564\u0561\u057a\u0578\u0580}} (Krisdapor)\u00b6* {{trad|ast|Crist\u00f3bal}}\u00b6* {{trad|eu|Kristobal}}\u00b6* {{trad|bn|\u0995\u09cd\u09b0\u09bf\u09b8\u09cd\u099f\u09cb\u09ab\u09be\u09b0}} (Kris\u1e6d\u014dph\u0101ra)\u00b6* {{trad|br|Kristof|Kristol}}\u00b6* {{trad|bg|\u0425\u0440\u0438\u0441\u0442\u043e}} (Khristo)\u00b6* {{trad|ca|Crist\u00f2for|Crist\u00f2fol}}\u00b6* {{trad|cs|Kry\u0161tof}}\u00b6* {{trad|zh|\u514b\u91cc\u65af\u6258\u5f17}} (K\u00e8l\u01d0s\u012btu\u014df\u00fa)\u00b6* {{trad|ko|\ud06c\ub9ac\uc2a4\ud1a0\ud37c}} (keuliseutopeo)\u00b6* {{trad|kw|Kitto}}\u00b6* {{trad|co|Cristofanu}}\u00b6* {{trad|da|Christoffer}}\u00b6* {{trad|sk|Kry\u0161tof}}\u00b6* {{trad|sl|Kri\u0161tof}}\u00b6* {{trad|es|Crist\u00f3bal}}\u00b6* {{trad|eo|Kristoforo}}\u00b6* {{trad|et|Kristofer}}\u00b6* {{trad|fi|Risto}}\u00b6* {{trad|fr|Christophe}}\u00b6* {{trad|gd|Cr\u00ecsdean}}\u00b6* {{trad|gl|Cristovo}}\u00b6* {{trad|cy|Cristoffer}}\u00b6* {{trad|ka|\u10e5\u10e0\u10d8\u10e1\u10e2\u10d4\u10e4\u10dd\u10e0\u10d4}} (k\u2019ristep\u2019ore)\u00b6* {{trad|el|\u03a7\u03c1\u03b9\u03c3\u03c4\u03cc\u03c6\u03bf\u03c1\u03bf\u03c2}} (Christ\u00f3foros)\u00b6{{tradmeio}}\u00b6* {{trad|grc|\u03a7\u03c1\u03b9\u03c3\u03c4\u03cc\u03c6\u03bf\u03c1\u03bf\u03c2}} (Christ\u00f3foros)\u00b6* {{trad|he|\u05db\u05e8\u05d9\u05e1\u05d8\u05d5\u05e4\u05e8}} (Kristofer)\u00b6* {{trad|nl|Christoffel}}\u00b6* {{trad|hi|\u0915\u094d\u0930\u093f\u0938\u094d\u0924\u094b\u092b\u0930}} (Krist\u014dphara)\u00b6* {{trad|hu|Krist\u00f3f}}\u00b6* {{trad|en|Christopher}}\u00b6* {{trad|enm|Cristofre}}\u00b6* {{trad|is|Krist\u00f3fer}}\u00b6* {{trad|ga|Cr\u00edost\u00f3ir}}\u00b6* {{trad|it|Cristoforo}}\u00b6* {{trad|ja|\u30af\u30ea\u30b9\u30c8\u30d5\u30a1\u30fc}} (Kurisutof\u0101)\u00b6* {{trad|lad|Kristobal}}\u00b6* {{trad|la|Christophorus}}\u00b6* {{trad|lv|Kristaps}}\u00b6* {{trad|lij|Cristoffa}}\u00b6* {{trad|lt|Kristupas}}\u00b6* {{trad|mt|\u0126amallu}}\u00b6* {{trad|nb|Kristoffer}}\u00b6* {{trad|oc|Crist\u00f2l}}\u00b6* {{trad|pms|Crist\u00f2fo}}\u00b6* {{trad|pl|Krzysztof}}\u00b6* {{trad|pt|Crist\u00f3v\u00e3o}}\u00b6* {{trad|ro|Cristofor}}\u00b6* {{trad|ru|\u0425\u0440\u0438\u0441\u0442\u043e\u0444\u043e\u0440}} (Khristofor)\u00b6* {{trad|scn|Crist\u00f2furu}}\u00b6* {{trad|sv|Kristoffer}}\u00b6* {{trad|th|\u0e04\u0e23\u0e34\u0e2a\u0e42\u0e15\u0e40\u0e1f\u0e2d\u0e23\u0e4c}} (Khris\u0304tofexr\u0312)\u00b6* {{trad|ta|\u0b95\u0bbf\u0bb0\u0bbf\u0bb8\u0bcd\u0b9f\u0bcb\u0baa\u0bb0\u0bcd}} (Kiris\u1e6d\u014dpar)\u00b6* {{trad|roa-tara|Cristoforo}}\u00b6* {{trad|tr|Kristof}}\u00b6{{tradfim}}\u00b6\u00b6=={{etimologia|mwl}}==\u00b6: Do [[latim vulgar]] {{etimo|la|Christophanus}}, variante de {{etimo|la|Christophorus}}, que veio do [[grego antigo]] {{etimo|grc|\u03a7\u03c1\u03b9\u03c3\u03c4\u03cc\u03c6\u03bf\u03c1\u03bf\u03c2}} ''(Christ\u00f3foros)'', combina\u00e7\u00e3o de {{etimo|grc|\u03a7\u03c1\u03b9\u03c3\u03c4\u03cc\u03c2}} ''(Christ\u00f3s)'' \"Cristo\" + {{etimo|grc|\u03c6\u03ad\u03c1\u03c9}} ''(f\u00e9ro\u0331)'' \"carregar\". Significa ''portador de Cristo''.\u00b6\u00b6==Ver tamb\u00e9m==\u00b6===No Wikcion\u00e1rio===\u00b6{{colunas|2}}\u00b6* [[Crista]]\u00b6* [[Cristiana]]\u00b6* [[Cristiane]]\u00b6* [[Cristiano]]\u00b6* [[Cristina]]\u00b6* [[Cristine]]\u00b6* [[Cristino]]\u00b6* [[Cristo]]\u00b6* [[Crist\u00f3v\u00e3o]]\u00b6{{colunas/fim}}\u00b6\u00b6[[Categoria:Substantivo (Mirand\u00eas)]]\u00b6[[Categoria:Antrop\u00f4nimo (Mirand\u00eas)]]\u00b6[[Categoria:Entrada de \u00e9timo grego antigo (Mirand\u00eas)]]\u00b6[[Categoria:Entrada de \u00e9timo latino (Mirand\u00eas)]]",
    "lemma": "Cristobo",
    "reference": "https://pt.wiktionary.org/wiki/Cristobo#mwl",
    "forms": [
      {
        "form": "Cristobo",
        "gram": [
          "Q12",
          "Q14"
        ]
      }
    ],
    "pos": "Q6",
    "hyphen": "Cris|to|bo",
    "senses": [
      "# [[Ap\u00eandice:Prenomes em mirand\u00eas|prenome]] masculino\u00b6",
      "# [[Crist\u00f3v\u00e3o]]\u00b6",
      "# {{escopo|mwl|Hist\u00f3ria|s\u00e9culo XV}} descobridor da [[Am\u00e9rica]]\u00b6\u00b6"
    ]
  }
}