{
  "URI": "https://lhenguabase.wikibase.cloud/entity/L1385",
  "entry": {
    "wikitext": "={{-mwl-}}=\u00b6==Adjetivo==\u00b6{{flex.mwl|ms=crudo|mp=crudos|fs=cruda|fp=crudas}}\u00b6{{parox\u00edtona|cru|do|l\u00edngua=mwl}}, {{m}}\u00b6# [[cru]]\u00b6# [[cruel]]\u00b6# [[inexperiente]]\u00b6\u00b6[[Categoria:Adjetivo (Mirand\u00eas)]]",
    "lemma": "crudo",
    "reference": "https://pt.wiktionary.org/wiki/crudo#mwl",
    "forms": [
      {
        "form": "crudo",
        "gram": [
          "Q12",
          "Q14"
        ]
      },
      {
        "form": "crudos",
        "gram": [
          "Q13",
          "Q14"
        ]
      },
      {
        "form": "cruda",
        "gram": [
          "Q12",
          "Q15"
        ]
      },
      {
        "form": "crudas",
        "gram": [
          "Q13",
          "Q15"
        ]
      }
    ],
    "pos": "Q8",
    "hyphen": "cru|do",
    "gender": "Q14",
    "senses": [
      "# [[cru]]"
    ]
  }
}