{
  "URI": "https://lhenguabase.wikibase.cloud/entity/L1132",
  "entry": {
    "wikitext": "={{-mwl-}}=\u00b6==Substantivo==\u00b6{{proparox\u00edtona|Cr\u00f3|ni|cas|id=mwl}}, {{pr}}\u00b6# {{escopo|mwl|Cristianismo}} [[Cr\u00f4nicas]]\u00b6\u00b6==Ver tamb\u00e9m==\u00b6===No Wikcion\u00e1rio===\u00b6{{b\u00edblia/mwl}}\u00b6\u00b6[[Categoria:Substantivo (Mirand\u00eas)]]",
    "lemma": "Cr\u00f3nicas",
    "reference": "https://pt.wiktionary.org/wiki/Cr\u00f3nicas#mwl",
    "forms": [],
    "pos": "Q6",
    "hyphen": "Cr\u00f3|ni|cas",
    "senses": [
      "# {{escopo|mwl|Cristianismo}} [[Cr\u00f4nicas]]"
    ]
  }
}