{
  "URI": "https://lhenguabase.wikibase.cloud/entity/L49",
  "entry": {
    "wikitext": "={{-mwl-}}=\u00b6==Adjetivo==\u00b6{{flex.mwl|ms=cubierto|mp=cubiertos|fs=cubierta|fp=cubiertas}}\u00b6{{parox\u00edtona|cu|bier|to|l\u00edngua=mwl}}, {{m}}\u00b6# [[coberto]]\u00b6\u00b6[[Categoria:Adjetivo (Mirand\u00eas)]]",
    "lemma": "cubierto",
    "reference": "https://pt.wiktionary.org/wiki/cubierto#mwl",
    "forms": [
      {
        "form": "cubierto",
        "gram": [
          "Q12",
          "Q14"
        ]
      },
      {
        "form": "cubiertos",
        "gram": [
          "Q13",
          "Q14"
        ]
      },
      {
        "form": "cubierta",
        "gram": [
          "Q12",
          "Q15"
        ]
      },
      {
        "form": "cubiertas",
        "gram": [
          "Q13",
          "Q15"
        ]
      }
    ],
    "pos": "Q8",
    "hyphen": "cu|bier|to",
    "gender": "Q14",
    "senses": [
      "# [[coberto]]\u00b6\u00b6[[Categoria:Adjetivo (Mirand\u00eas)]]"
    ]
  }
}