{
  "URI": "https://lhenguabase.wikibase.cloud/entity/L128",
  "entry": {
    "wikitext": "={{-mwl-}}=\u00b6==Adjetivo==\u00b6{{flex.mwl|ms=culto|mp=cultos|fs=culta|fp=cultas}}\u00b6{{parox\u00edtona|cul|to|l\u00edngua=mwl}}, {{m}}\u00b6# [[culto#Portugu\u00eas|culto]]\u00b6\u00b6==Ant\u00f3nimo==\u00b6* [[anculto]]\u00b6\u00b6[[Categoria:Adjetivo (Mirand\u00eas)]]",
    "lemma": "culto",
    "reference": "https://pt.wiktionary.org/wiki/culto#mwl",
    "forms": [
      {
        "form": "culto",
        "gram": [
          "Q12",
          "Q14"
        ]
      },
      {
        "form": "cultos",
        "gram": [
          "Q13",
          "Q14"
        ]
      },
      {
        "form": "culta",
        "gram": [
          "Q12",
          "Q15"
        ]
      },
      {
        "form": "cultas",
        "gram": [
          "Q13",
          "Q15"
        ]
      }
    ],
    "pos": "Q8",
    "hyphen": "cul|to",
    "gender": "Q14",
    "senses": [
      "# [[culto"
    ]
  }
}