{
  "URI": "https://lhenguabase.wikibase.cloud/entity/L981",
  "entry": {
    "wikitext": "={{-mwl-}}=\u00b6==Substantivo==\u00b6{{flex.mwl|ms=cumb\u00edbio|mp=cumb\u00edbios}}\u00b6{{proparox\u00edtona|cum|b\u00ed|bi|o|id=mwl}}, {{m}}\u00b6# [[conv\u00edvio]]\u00b6\u00b6[[Categoria:Substantivo (Mirand\u00eas)]]",
    "lemma": "cumb\u00edbio",
    "reference": "https://pt.wiktionary.org/wiki/cumb\u00edbio#mwl",
    "forms": [
      {
        "form": "cumb\u00edbio",
        "gram": [
          "Q12",
          "Q14"
        ]
      },
      {
        "form": "cumb\u00edbios",
        "gram": [
          "Q13",
          "Q14"
        ]
      }
    ],
    "pos": "Q6",
    "hyphen": "cum|b\u00ed|bi|o",
    "gender": "Q14",
    "senses": [
      "# [[conv\u00edvio]]"
    ]
  }
}