{
  "URI": "https://lhenguabase.wikibase.cloud/entity/L241",
  "entry": {
    "wikitext": "={{-mwl-}}=\u00b6\u00b6\u00b6==Substantivo==\u00b6{{flex.mwl|ms=cumputador|mp=cumputadores}}\u00b6{{ox\u00edtona|cum|pu|ta|dor|l\u00edngua=mwl}}, {{m}}\u00b6# {{escopo|mwl|Inform\u00e1tica}} [[computador]]\u00b6\u00b6[[Categoria:Substantivo (Mirand\u00eas)]]\u00b6[[Categoria:Objeto (Mirand\u00eas)]]\u00b6[[Categoria:Entrada com imagem (Mirand\u00eas)]]",
    "lemma": "cumputador",
    "reference": "https://pt.wiktionary.org/wiki/cumputador#mwl",
    "forms": [
      {
        "form": "cumputador",
        "gram": [
          "Q12",
          "Q14"
        ]
      },
      {
        "form": "cumputadores",
        "gram": [
          "Q13",
          "Q14"
        ]
      }
    ],
    "pos": "Q6",
    "hyphen": "cum|pu|ta|dor",
    "gender": "Q14",
    "senses": [
      "# {{escopo|mwl|Inform\u00e1tica}} [[computador]]"
    ]
  }
}