{
  "URI": "https://lhenguabase.wikibase.cloud/entity/L1274",
  "entry": {
    "wikitext": "={{-mwl-}}=\u00b6==Substantivo==\u00b6{{flex.mwl|fs=cunhada|fp=cunhadas}}\u00b6{{parox\u00edtona|cu|nha|da|l\u00edngua=mwl}}, {{gram\u00e1tica|f}}\u00b6# [[cunhada#Portugu\u00eas|cunhada]]\u00b6\u00b6{{Predefini\u00e7\u00e3o:fam\u00edlia/mwl}}\u00b6\u00b6[[Categoria:Substantivo (Mirand\u00eas)]]\u00b6[[Categoria:Fam\u00edlia (Mirand\u00eas)]]",
    "lemma": "cunhada",
    "reference": "https://pt.wiktionary.org/wiki/cunhada#mwl",
    "forms": [
      {
        "form": "cunhada",
        "gram": [
          "Q12",
          "Q15"
        ]
      },
      {
        "form": "cunhadas",
        "gram": [
          "Q13",
          "Q15"
        ]
      }
    ],
    "pos": "Q6",
    "hyphen": "cu|nha|da",
    "senses": [
      "# [[cunhada"
    ]
  }
}