{
  "URI": "https://lhenguabase.wikibase.cloud/entity/L1423",
  "entry": {
    "wikitext": "={{-mwl-}}=\u00b6==Substantivo==\u00b6{{flex.mwl|fs=cuntinidade|fp=cuntinidades}}\u00b6{{parox\u00edtona|cun|ti|ni|da|de|l\u00edngua=mwl}}, {{f}}\u00b6# [[continuidade]]\u00b6\u00b6[[Categoria:Substantivo (Mirand\u00eas)]]",
    "lemma": "cuntinidade",
    "reference": "https://pt.wiktionary.org/wiki/cuntinidade#mwl",
    "forms": [
      {
        "form": "cuntinidade",
        "gram": [
          "Q12",
          "Q15"
        ]
      },
      {
        "form": "cuntinidades",
        "gram": [
          "Q13",
          "Q15"
        ]
      }
    ],
    "pos": "Q6",
    "hyphen": "cun|ti|ni|da|de",
    "gender": "Q15",
    "senses": [
      "# [[continuidade]]"
    ]
  }
}