{
  "URI": "https://lhenguabase.wikibase.cloud/entity/L1462",
  "entry": {
    "wikitext": "={{-mwl-}}=\u00b6==Substantivo==\u00b6{{flex.mwl|ms=cuntapie|mp=cuntapies}}\u00b6{{ox\u00edtona|cun|ta|pie|l\u00edngua=mwl}}, {{m}}\u00b6# [[pontap\u00e9]]\u00b6\u00b6[[Categoria:Substantivo (Mirand\u00eas)]]",
    "lemma": "cuntapie",
    "reference": "https://pt.wiktionary.org/wiki/cuntapie#mwl",
    "forms": [
      {
        "form": "cuntapie",
        "gram": [
          "Q12",
          "Q14"
        ]
      },
      {
        "form": "cuntapies",
        "gram": [
          "Q13",
          "Q14"
        ]
      }
    ],
    "pos": "Q6",
    "hyphen": "cun|ta|pie",
    "gender": "Q14",
    "senses": [
      "# [[pontap\u00e9]]"
    ]
  }
}