{
  "URI": "https://lhenguabase.wikibase.cloud/entity/L32",
  "entry": {
    "wikitext": "={{-mwl-}}=\u00b6==Substantivo==\u00b6{{flex.mwl|ms=cuntenido|mp=cuntenidos}}\u00b6{{parox\u00edtona|cun|te|ni|do|l\u00edngua=mwl}}, {{m}}\u00b6# [[conte\u00fado]]\u00b6\u00b6[[Categoria:Substantivo (Mirand\u00eas)]]",
    "lemma": "cuntenido",
    "reference": "https://pt.wiktionary.org/wiki/cuntenido#mwl",
    "forms": [
      {
        "form": "cuntenido",
        "gram": [
          "Q12",
          "Q14"
        ]
      },
      {
        "form": "cuntenidos",
        "gram": [
          "Q13",
          "Q14"
        ]
      }
    ],
    "pos": "Q6",
    "hyphen": "cun|te|ni|do",
    "gender": "Q14",
    "senses": [
      "# [[conte\u00fado]]\u00b6\u00b6[[Categoria:Substantivo (Mirand\u00eas)]]"
    ]
  }
}