{
  "URI": "https://lhenguabase.wikibase.cloud/entity/L1231",
  "entry": {
    "wikitext": "={{-mwl-}}=\u00b6==Substantivo==\u00b6{{flex.mwl|fs=cuonta|fp=cuontas}}\u00b6{{parox\u00edtona|cuon|ta|l\u00edngua=mwl}}, {{f}}\u00b6# [[conta]]\u00b6# [[considera\u00e7\u00e3o]]\u00b6\u00b6===Express\u00e3o===\u00b6* '''tener an cuonta''', [[ter]] em [[conta]], ter em considera\u00e7\u00e3o\u00b6\u00b6[[Categoria:Substantivo (Mirand\u00eas)]]",
    "lemma": "cuonta",
    "reference": "https://pt.wiktionary.org/wiki/cuonta#mwl",
    "forms": [
      {
        "form": "cuonta",
        "gram": [
          "Q12",
          "Q15"
        ]
      },
      {
        "form": "cuontas",
        "gram": [
          "Q13",
          "Q15"
        ]
      }
    ],
    "pos": "Q6",
    "hyphen": "cuon|ta",
    "gender": "Q15",
    "senses": [
      "# [[conta]]"
    ]
  }
}