{
  "URI": "https://lhenguabase.wikibase.cloud/entity/L184",
  "entry": {
    "wikitext": "={{-mwl-}}=\u00b6==Substantivo==\u00b6{{flex.mwl|ms=cuorpo|mp=cuorpos}}\u00b6{{parox\u00edtona|cuor|po|l\u00edngua=mwl}}, {{m}}\u00b6# [[corpo]]\u00b6\u00b6[[Categoria:Substantivo (Mirand\u00eas)]]\u00b6[[Categoria:Anatomia (Mirand\u00eas)]]",
    "lemma": "cuorpo",
    "reference": "https://pt.wiktionary.org/wiki/cuorpo#mwl",
    "forms": [
      {
        "form": "cuorpo",
        "gram": [
          "Q12",
          "Q14"
        ]
      },
      {
        "form": "cuorpos",
        "gram": [
          "Q13",
          "Q14"
        ]
      }
    ],
    "pos": "Q6",
    "hyphen": "cuor|po",
    "gender": "Q14",
    "senses": [
      "# [[corpo]]"
    ]
  }
}