{
  "URI": "https://lhenguabase.wikibase.cloud/entity/L573",
  "entry": {
    "wikitext": "={{-mwl-}}=\u00b6==Substantivo==\u00b6{{flex.mwl|ms=cuorbo|mp=cuorbos}}\u00b6{{parox\u00edtona|cuor|bo|l\u00edngua=mwl}}, {{m}}\u00b6# {{escopo|mwl|Ave}} [[corvo]]\u00b6\u00b6[[Categoria:Substantivo (Mirand\u00eas)]]\u00b6[[Categoria:Animal (Mirand\u00eas)]]\u00b6[[Categoria:Zoologia (Mirand\u00eas)]]\u00b6[[Categoria:Entrada com imagem (Mirand\u00eas)]]",
    "lemma": "cuorbo",
    "reference": "https://pt.wiktionary.org/wiki/cuorbo#mwl",
    "forms": [
      {
        "form": "cuorbo",
        "gram": [
          "Q12",
          "Q14"
        ]
      },
      {
        "form": "cuorbos",
        "gram": [
          "Q13",
          "Q14"
        ]
      }
    ],
    "pos": "Q6",
    "hyphen": "cuor|bo",
    "gender": "Q14",
    "senses": [
      "# {{escopo|mwl|Ave}} [[corvo]]"
    ]
  }
}