{
  "URI": "https://lhenguabase.wikibase.cloud/entity/L1527",
  "entry": {
    "wikitext": "={{-mwl-}}=\u00b6==Substantivo==\u00b6{{ox\u00edtona|Cus|tan|tin|l\u00edngua=mwl}}, {{pr}}\u00b6# {{escopo|mwl|Geografia}} [[Constantim]]\u00b6\u00b6[[Categoria:Substantivo (Mirand\u00eas)]]\u00b6[[Categoria:Top\u00f3nimo (Mirand\u00eas)]]",
    "lemma": "Custantin",
    "reference": "https://pt.wiktionary.org/wiki/Custantin#mwl",
    "forms": [],
    "pos": "Q6",
    "hyphen": "Cus|tan|tin",
    "senses": [
      "# {{escopo|mwl|Geografia}} [[Constantim]]"
    ]
  }
}