{
  "URI": "https://lhenguabase.wikibase.cloud/entity/L517",
  "entry": {
    "wikitext": "={{-mwl-}}=\u00b6==Substantivo==\u00b6{{flex.mwl|ms=danho|mp=danhos}}\u00b6{{parox\u00edtona|da|nho|l\u00edngua=mwl}}, {{m}}\u00b6# [[dano]]\u00b6\u00b6[[Categoria:Substantivo (Mirand\u00eas)]]",
    "lemma": "danho",
    "reference": "https://pt.wiktionary.org/wiki/danho#mwl",
    "forms": [
      {
        "form": "danho",
        "gram": [
          "Q12",
          "Q14"
        ]
      },
      {
        "form": "danhos",
        "gram": [
          "Q13",
          "Q14"
        ]
      }
    ],
    "pos": "Q6",
    "hyphen": "da|nho",
    "gender": "Q14",
    "senses": [
      "# [[dano]]"
    ]
  }
}