{
  "URI": "https://lhenguabase.wikibase.cloud/entity/L222",
  "entry": {
    "wikitext": "={{-mwl-}}=\u00b6==Substantivo==\u00b6{{flex.mwl|ms=Daniel|mp=Danieles}}\u00b6{{ox\u00edtona|Da|ni|el|id=mwl}}, {{gram\u00e1tica|pr|m|id=mwl}}\u00b6# {{escopo|mwl|Antrop\u00f4nimo}} [[Daniel#{{pt}}|Daniel]]\u00b6# {{escopo|mwl|Cristianismo}} Livro de Daniel, ''(Lhibro de Daniel)'' um dos livros do Antigo Testamento\u00b6\u00b6=={{etimologia|mwl}}==\u00b6: Do {{etm|la|mwl}} {{etimo|la|Daniel}}, que veio do {{etm|grc|mwl}} {{etimo|grc|\u0394\u03b1\u03bd\u03b9\u03ae\u03bb}} ''(Dani\u00ed\u0331l)'', e este do {{etm|hbo|mwl}} {{etimo|hbo|\u05d3\u05e0\u05d9\u05d0\u05dc}} ''(Daniy\u00e9l)'', cuja composi\u00e7\u00e3o \u00e9 {{etimo|hbo|\u05d3\u05d5\u05df}} \"julgar\" e {{etimo|hbo|\u05d0\u05dc}} \"Deus\". Significa ''Deus \u00e9 meu juiz''.\u00b6\u00b6==Ver tamb\u00e9m==\u00b6===No Wikcion\u00e1rio===\u00b6{{b\u00edblia/mwl}}\u00b6\u00b6[[Categoria:Substantivo (Mirand\u00eas)]]",
    "lemma": "Daniel",
    "reference": "https://pt.wiktionary.org/wiki/Daniel#mwl",
    "forms": [
      {
        "form": "Daniel",
        "gram": [
          "Q12",
          "Q14"
        ]
      },
      {
        "form": "Danieles",
        "gram": [
          "Q13",
          "Q14"
        ]
      }
    ],
    "pos": "Q6",
    "hyphen": "Da|ni|el",
    "senses": [
      "# {{escopo|mwl|Antrop\u00f4nimo}} [[Daniel"
    ]
  }
}