{
  "URI": "https://lhenguabase.wikibase.cloud/entity/L1258",
  "entry": {
    "wikitext": "={{-mwl-}}=\u00b6==Adjetivo==\u00b6{{flex.mwl|s=debinal|p=debinales}}\u00b6{{ox\u00edtona|de|bi|nal|l\u00edngua=mwl}}, {{c2g}}\u00b6# [[divinal]]\u00b6\u00b6==Ver tamb\u00e9m==\u00b6===No Wikcion\u00e1rio===\u00b6{{verTamb\u00e9m.Ini}}\u00b6* [[Dius]]\u00b6{{verTamb\u00e9m.NovaColuna}}\u00b6* [[debino]]\u00b6{{verTamb\u00e9m.NovaColuna}}\u00b6* [[debinamente]]\u00b6{{verTamb\u00e9m.NovaColuna}}\u00b6* [[debindade]]\u00b6{{verTamb\u00e9m.Fim}}\u00b6\u00b6[[Categoria:Adjetivo (Mirand\u00eas)]]",
    "lemma": "debinal",
    "reference": "https://pt.wiktionary.org/wiki/debinal#mwl",
    "forms": [
      {
        "form": "debinal",
        "gram": [
          "Q12"
        ]
      },
      {
        "form": "debinales",
        "gram": [
          "Q13"
        ]
      }
    ],
    "pos": "Q8",
    "hyphen": "de|bi|nal",
    "senses": [
      "# [[divinal]]"
    ]
  }
}