{
  "URI": "https://lhenguabase.wikibase.cloud/entity/L479",
  "entry": {
    "wikitext": "={{-mwl-}}=\u00b6==Substantivo==\u00b6{{flex.mwl|ms=decumiento|mp=decumientos}}\u00b6{{parox\u00edtona|de|cu|mien|to|l\u00edngua=mwl}}, {{m}}\u00b6# [[documento]]\u00b6\u00b6[[Categoria:Substantivo (Mirand\u00eas)]]",
    "lemma": "decumiento",
    "reference": "https://pt.wiktionary.org/wiki/decumiento#mwl",
    "forms": [
      {
        "form": "decumiento",
        "gram": [
          "Q12",
          "Q14"
        ]
      },
      {
        "form": "decumientos",
        "gram": [
          "Q13",
          "Q14"
        ]
      }
    ],
    "pos": "Q6",
    "hyphen": "de|cu|mien|to",
    "gender": "Q14",
    "senses": [
      "# [[documento]]"
    ]
  }
}