{
  "URI": "https://lhenguabase.wikibase.cloud/entity/L1139",
  "entry": {
    "wikitext": "={{-mwl-}}=\u00b6==Substantivo==\u00b6{{flex.mwl|fs=deficuldade|fp=deficuldades}}\u00b6{{parox\u00edtona|de|fi|cul|da|de|l\u00edngua=mwl}}, {{f}}\u00b6# [[dificuldade]]\u00b6\u00b6[[Categoria:Substantivo (Mirand\u00eas)]]",
    "lemma": "deficuldade",
    "reference": "https://pt.wiktionary.org/wiki/deficuldade#mwl",
    "forms": [
      {
        "form": "deficuldade",
        "gram": [
          "Q12",
          "Q15"
        ]
      },
      {
        "form": "deficuldades",
        "gram": [
          "Q13",
          "Q15"
        ]
      }
    ],
    "pos": "Q6",
    "hyphen": "de|fi|cul|da|de",
    "gender": "Q15",
    "senses": [
      "# [[dificuldade]]"
    ]
  }
}