{
  "URI": "https://lhenguabase.wikibase.cloud/entity/L533",
  "entry": {
    "wikitext": "={{-mwl-}}=\u00b6==Adjetivo==\u00b6{{flex.mwl|ms=democr\u00e1tico|mp=democr\u00e1ticos|fs=democr\u00e1tica|fp=democr\u00e1ticas}}\u00b6{{proparox\u00edtona|de|mo|cr\u00e1|ti|co|l\u00edngua=mwl}}, {{m}}\u00b6# [[democr\u00e1tico#{{pt}}|democr\u00e1tico]]\u00b6\u00b6[[Categoria:Adjetivo (Mirand\u00eas)]]\u00b6[[Categoria:Pol\u00edtica (Mirand\u00eas)]]",
    "lemma": "democr\u00e1tico",
    "reference": "https://pt.wiktionary.org/wiki/democr\u00e1tico#mwl",
    "forms": [
      {
        "form": "democr\u00e1tico",
        "gram": [
          "Q12",
          "Q14"
        ]
      },
      {
        "form": "democr\u00e1ticos",
        "gram": [
          "Q13",
          "Q14"
        ]
      },
      {
        "form": "democr\u00e1tica",
        "gram": [
          "Q12",
          "Q15"
        ]
      },
      {
        "form": "democr\u00e1ticas",
        "gram": [
          "Q13",
          "Q15"
        ]
      }
    ],
    "pos": "Q8",
    "hyphen": "de|mo|cr\u00e1|ti|co",
    "gender": "Q14",
    "senses": [
      "# [[democr\u00e1tico"
    ]
  }
}