{
  "URI": "https://lhenguabase.wikibase.cloud/entity/L310",
  "entry": {
    "wikitext": "={{-mwl-}}=\u00b6==Adjetivo==\u00b6{{flex.mwl|ms=demudado|mp=demudados|fs=demudada|fp=demudadas}}\u00b6{{parox\u00edtona|de|mu|da|do|l\u00edngua=mwl}}, {{m}}\u00b6# [[mudado]]\u00b6\u00b6[[Categoria:Adjetivo (Mirand\u00eas)]]",
    "lemma": "demudado",
    "reference": "https://pt.wiktionary.org/wiki/demudado#mwl",
    "forms": [
      {
        "form": "demudado",
        "gram": [
          "Q12",
          "Q14"
        ]
      },
      {
        "form": "demudados",
        "gram": [
          "Q13",
          "Q14"
        ]
      },
      {
        "form": "demudada",
        "gram": [
          "Q12",
          "Q15"
        ]
      },
      {
        "form": "demudadas",
        "gram": [
          "Q13",
          "Q15"
        ]
      }
    ],
    "pos": "Q8",
    "hyphen": "de|mu|da|do",
    "gender": "Q14",
    "senses": [
      "# [[mudado]]"
    ]
  }
}