{
  "URI": "https://lhenguabase.wikibase.cloud/entity/L1106",
  "entry": {
    "wikitext": "={{-mwl-}}=\u00b6==Substantivo==\u00b6{{parox\u00edtona|Deu|te|ro|n\u00f3|mio|id=mwl}}, {{pr}}\u00b6# {{escopo|mwl|Cristianismo}} [[Deuteron\u00f4mio]]\u00b6\u00b6==Ver tamb\u00e9m==\u00b6===No Wikcion\u00e1rio===\u00b6{{b\u00edblia/mwl}}\u00b6\u00b6[[Categoria:Substantivo (Mirand\u00eas)]]",
    "lemma": "Deuteron\u00f3mio",
    "reference": "https://pt.wiktionary.org/wiki/Deuteron\u00f3mio#mwl",
    "forms": [],
    "pos": "Q6",
    "hyphen": "Deu|te|ro|n\u00f3|mio",
    "senses": [
      "# {{escopo|mwl|Cristianismo}} [[Deuteron\u00f4mio]]"
    ]
  }
}