{
  "URI": "https://lhenguabase.wikibase.cloud/entity/L389",
  "entry": {
    "wikitext": "={{-mwl-}}=\u00b6==Substantivo==\u00b6{{flex.mwl|mp=dezires}}\u00b6{{parox\u00edtona|de|zi|res|l\u00edngua=mwl}}, {{mp}}\u00b6# [[mensagem]] [[escrita]]\u00b6\u00b6==Forma verbal==\u00b6{{parox\u00edtona|de|zi|res|l\u00edngua=mwl}}\u00b6# [[segunda pessoa]] do [[singular]] no [[futuro]] do [[conjuntivo]] de [[dezir#{{mwl}}|dezir]]\u00b6# segunda pessoa do singular no [[infinitivo pessoal]] de dezir\u00b6\u00b6{{aviso.flex\u00e3o|dezir}}\u00b6\u00b6[[Categoria:Substantivo (Mirand\u00eas)]]\u00b6[[Categoria:Pluralia tantum (Mirand\u00eas)]]\u00b6[[Categoria:Forma verbal (Mirand\u00eas)]]",
    "lemma": "dezires",
    "reference": "https://pt.wiktionary.org/wiki/dezires#mwl",
    "forms": [
      {
        "form": "dezires",
        "gram": [
          "Q13",
          "Q14"
        ]
      }
    ],
    "pos": "Q6",
    "hyphen": "de|zi|res",
    "senses": [
      "# [[mensagem]] [[escrita]]"
    ]
  }
}