{
  "URI": "https://lhenguabase.wikibase.cloud/entity/L161",
  "entry": {
    "wikitext": "={{-mwl-}}=\u00b6{{Wikip\u00e9dia|id=mwl}}\u00b6\u00b6==Substantivo==\u00b6{{parox\u00edtona|Di|us|l\u00edngua=mwl}}, {{m}} {{pr}}\u00b6# {{escopo|mwl|Religi\u00e3o}} [[Deus]]\u00b6\u00b6[[Categoria:Substantivo (Mirand\u00eas)]]\u00b6[[Categoria:Animal (Mirand\u00eas)]]\u00b6[[Categoria:Entrada com imagem (Mirand\u00eas)]]",
    "lemma": "Dius",
    "reference": "https://pt.wiktionary.org/wiki/Dius#mwl",
    "forms": [],
    "pos": "Q6",
    "hyphen": "Di|us",
    "gender": "Q14",
    "senses": [
      "# {{escopo|mwl|Religi\u00e3o}} [[Deus]]"
    ]
  }
}