{
  "URI": "https://lhenguabase.wikibase.cloud/entity/L766",
  "entry": {
    "wikitext": "={{-mwl-}}=\u00b6==Substantivo==\u00b6{{flex.mwl|ms=dreito|mp=-}}\u00b6{{parox\u00edtona|drei|to|l\u00edngua=mwl}}, {{m}}\u00b6# {{escopo|mwl|Direito}} o [[direito]]\u00b6\u00b6[[Categoria:Substantivo (Mirand\u00eas)]]",
    "lemma": "dreito",
    "reference": "https://pt.wiktionary.org/wiki/dreito#mwl",
    "forms": [
      {
        "form": "dreito",
        "gram": [
          "Q12",
          "Q14"
        ]
      },
      {
        "form": "-",
        "gram": [
          "Q13",
          "Q14"
        ]
      }
    ],
    "pos": "Q6",
    "hyphen": "drei|to",
    "gender": "Q14",
    "senses": [
      "# {{escopo|mwl|Direito}} o [[direito]]"
    ]
  }
}