{
  "URI": "https://lhenguabase.wikibase.cloud/entity/L1412",
  "entry": {
    "wikitext": "={{-mwl-}}=\u00b6==Substantivo==\u00b6{{flex.mwl|fs=d\u00e9nia|fp=d\u00e9nias}}\u00b6{{proparox\u00edtona|d\u00e9|ni|a|l\u00edngua=mwl}}, {{f}}\u00b6# [[v\u00e9nia]]\u00b6\u00b6[[Categoria:Substantivo (Mirand\u00eas)]]",
    "lemma": "d\u00e9nia",
    "reference": "https://pt.wiktionary.org/wiki/d\u00e9nia#mwl",
    "forms": [
      {
        "form": "d\u00e9nia",
        "gram": [
          "Q12",
          "Q15"
        ]
      },
      {
        "form": "d\u00e9nias",
        "gram": [
          "Q13",
          "Q15"
        ]
      }
    ],
    "pos": "Q6",
    "hyphen": "d\u00e9|ni|a",
    "gender": "Q15",
    "senses": [
      "# [[v\u00e9nia]]"
    ]
  }
}