{
  "URI": "https://lhenguabase.wikibase.cloud/entity/L139",
  "entry": {
    "wikitext": "={{-mwl-}}=\u00b6==Substantivo==\u00b6{{flex.mwl|fs=d\u00fabeda|fp=d\u00fabedas}}\u00b6{{proparox\u00edtona|d\u00fa|be|da|l\u00edngua=mwl}}, {{f}}\u00b6# [[d\u00favida]]\u00b6\u00b6==Ver tamb\u00e9m==\u00b6===No Wikcion\u00e1rio===\u00b6{{verTamb\u00e9m.Ini}}\u00b6* [[dubidar]]\u00b6{{verTamb\u00e9m.NovaColuna}}\u00b6* [[dubidoso]]\u00b6{{verTamb\u00e9m.Fim}}\u00b6\u00b6[[Categoria:Substantivo (Mirand\u00eas)]]",
    "lemma": "d\u00fabeda",
    "reference": "https://pt.wiktionary.org/wiki/d\u00fabeda#mwl",
    "forms": [
      {
        "form": "d\u00fabeda",
        "gram": [
          "Q12",
          "Q15"
        ]
      },
      {
        "form": "d\u00fabedas",
        "gram": [
          "Q13",
          "Q15"
        ]
      }
    ],
    "pos": "Q6",
    "hyphen": "d\u00fa|be|da",
    "gender": "Q15",
    "senses": [
      "# [[d\u00favida]]"
    ]
  }
}