{
  "URI": "https://lhenguabase.wikibase.cloud/entity/L322",
  "entry": {
    "wikitext": "={{-mwl-}}=\u00b6==Substantivo==\u00b6{{parox\u00edtona|E|cle|si|as|tes|id=mwl}}\u00b6# {{escopo|mwl|Cristianismo}} [[Eclesiastes#{{pt}}|Eclesiastes]]\u00b6\u00b6==Ver tamb\u00e9m==\u00b6===No Wikcion\u00e1rio===\u00b6{{b\u00edblia/mwl}}\u00b6\u00b6[[Categoria:Substantivo (Mirand\u00eas)]]",
    "lemma": "Eclesiastes",
    "reference": "https://pt.wiktionary.org/wiki/Eclesiastes#mwl",
    "forms": [],
    "pos": "Q6",
    "hyphen": "E|cle|si|as|tes",
    "senses": [
      "# {{escopo|mwl|Cristianismo}} [[Eclesiastes"
    ]
  }
}