{
  "URI": "https://lhenguabase.wikibase.cloud/entity/L725",
  "entry": {
    "wikitext": "={{-mwl-}}=\u00b6==Substantivo==\u00b6{{flex.mwl|fs=eibangelista|fp=eibangelistas}}\u00b6{{parox\u00edtona|ei|ban|ge|lis|ta|l\u00edngua=mwl}}, {{c2g}}\u00b6# {{escopo|mwl|Religi\u00e3o}} [[evangelista]]\u00b6\u00b6[[Categoria:Substantivo (Mirand\u00eas)]]",
    "lemma": "eibangelista",
    "reference": "https://pt.wiktionary.org/wiki/eibangelista#mwl",
    "forms": [
      {
        "form": "eibangelista",
        "gram": [
          "Q12",
          "Q15"
        ]
      },
      {
        "form": "eibangelistas",
        "gram": [
          "Q13",
          "Q15"
        ]
      }
    ],
    "pos": "Q6",
    "hyphen": "ei|ban|ge|lis|ta",
    "senses": [
      "# {{escopo|mwl|Religi\u00e3o}} [[evangelista]]"
    ]
  }
}