{
  "URI": "https://lhenguabase.wikibase.cloud/entity/L685",
  "entry": {
    "wikitext": "={{-mwl-}}=\u00b6==Adjetivo==\u00b6{{flex.mwl|ms=eicom\u00e9nico|mp=eicom\u00e9nicos|fs=eicom\u00e9nica|fp=eicom\u00e9nicas}}\u00b6{{proparox\u00edtona|ei|co|m\u00e9|ni|co|l\u00edngua=mwl}}, {{m}}\u00b6# [[ecum\u00e9nico]]\u00b6\u00b6[[Categoria:Adjetivo (Mirand\u00eas)]]",
    "lemma": "eicom\u00e9nico",
    "reference": "https://pt.wiktionary.org/wiki/eicom\u00e9nico#mwl",
    "forms": [
      {
        "form": "eicom\u00e9nico",
        "gram": [
          "Q12",
          "Q14"
        ]
      },
      {
        "form": "eicom\u00e9nicos",
        "gram": [
          "Q13",
          "Q14"
        ]
      },
      {
        "form": "eicom\u00e9nica",
        "gram": [
          "Q12",
          "Q15"
        ]
      },
      {
        "form": "eicom\u00e9nicas",
        "gram": [
          "Q13",
          "Q15"
        ]
      }
    ],
    "pos": "Q8",
    "hyphen": "ei|co|m\u00e9|ni|co",
    "gender": "Q14",
    "senses": [
      "# [[ecum\u00e9nico]]"
    ]
  }
}