{
  "URI": "https://lhenguabase.wikibase.cloud/entity/L1096",
  "entry": {
    "wikitext": "={{-mwl-}}=\u00b6==Adjetivo==\u00b6{{flex.mwl|ms=eicol\u00f3gico|mp=eicol\u00f3gicos|fs=eicol\u00f3gica|fp=eicol\u00f3gicas}}\u00b6{{proparox\u00edtona|ei|co|l\u00f3|gi|co|l\u00edngua=mwl}}, {{m}}\u00b6# [[ecol\u00f3gico]]\u00b6\u00b6==Ver tamb\u00e9m==\u00b6===No Wikcion\u00e1rio===\u00b6{{verTamb\u00e9m.Ini}}\u00b6* [[eicologie]]\u00b6{{verTamb\u00e9m.NovaColuna}}\u00b6* [[eicologista]]\u00b6{{verTamb\u00e9m.Fim}}\u00b6\u00b6[[Categoria:Adjetivo (Mirand\u00eas)]]",
    "lemma": "eicol\u00f3gico",
    "reference": "https://pt.wiktionary.org/wiki/eicol\u00f3gico#mwl",
    "forms": [
      {
        "form": "eicol\u00f3gico",
        "gram": [
          "Q12",
          "Q14"
        ]
      },
      {
        "form": "eicol\u00f3gicos",
        "gram": [
          "Q13",
          "Q14"
        ]
      },
      {
        "form": "eicol\u00f3gica",
        "gram": [
          "Q12",
          "Q15"
        ]
      },
      {
        "form": "eicol\u00f3gicas",
        "gram": [
          "Q13",
          "Q15"
        ]
      }
    ],
    "pos": "Q8",
    "hyphen": "ei|co|l\u00f3|gi|co",
    "gender": "Q14",
    "senses": [
      "# [[ecol\u00f3gico]]"
    ]
  }
}