{
  "URI": "https://lhenguabase.wikibase.cloud/entity/L1296",
  "entry": {
    "wikitext": "={{-mwl-}}=\u00b6==Substantivo==\u00b6{{flex.mwl|fs=eidade|fp=eidades}}\u00b6{{parox\u00edtona|ei|da|de|l\u00edngua=mwl}}, {{f}}\u00b6# [[idade]]\u00b6\u00b6[[Categoria:Substantivo (Mirand\u00eas)]]",
    "lemma": "eidade",
    "reference": "https://pt.wiktionary.org/wiki/eidade#mwl",
    "forms": [
      {
        "form": "eidade",
        "gram": [
          "Q12",
          "Q15"
        ]
      },
      {
        "form": "eidades",
        "gram": [
          "Q13",
          "Q15"
        ]
      }
    ],
    "pos": "Q6",
    "hyphen": "ei|da|de",
    "gender": "Q15",
    "senses": [
      "# [[idade]]"
    ]
  }
}