{
  "URI": "https://lhenguabase.wikibase.cloud/entity/L166",
  "entry": {
    "wikitext": "={{-mwl-}}=\u00b6==Adjetivo==\u00b6{{flex.mwl|s=eideal|p=eideales}}\u00b6{{ox\u00edtona|ei|de|al|l\u00edngua=mwl}}, {{c2g}}\u00b6# [[ideal]]\u00b6\u00b6==Substantivo==\u00b6{{flex.mwl|ms=eideal|mp=eideales}}\u00b6{{ox\u00edtona|ei|de|al|l\u00edngua=mwl}}, {{m}}\u00b6# [[ideal]]\u00b6\u00b6[[Categoria:Adjetivo (Mirand\u00eas)]]\u00b6[[Categoria:Substantivo (Mirand\u00eas)]]",
    "lemma": "eideal",
    "reference": "https://pt.wiktionary.org/wiki/eideal#mwl",
    "forms": [
      {
        "form": "eideal",
        "gram": [
          "Q12"
        ]
      },
      {
        "form": "eideales",
        "gram": [
          "Q13"
        ]
      }
    ],
    "pos": "Q8",
    "hyphen": "ei|de|al",
    "gender": "Q14",
    "senses": [
      "# [[ideal]]"
    ]
  }
}