{
  "URI": "https://lhenguabase.wikibase.cloud/entity/L903",
  "entry": {
    "wikitext": "={{-mwl-}}=\u00b6==Substantivo==\u00b6{{flex.mwl|fs=eiduca\u00e7on|fp=eiduca\u00e7ones}}\u00b6{{ox\u00edtona|ei|du|ca|\u00e7on|l\u00edngua=mwl}}, {{f}}\u00b6# [[educa\u00e7\u00e3o]]\u00b6\u00b6==Ver tamb\u00e9m==\u00b6===No Wikcion\u00e1rio===\u00b6{{verTamb\u00e9m.Ini}}\u00b6* [[eiducar]]\u00b6{{verTamb\u00e9m.NovaColuna}}\u00b6* [[eiducado]]\u00b6{{verTamb\u00e9m.Fim}}\u00b6\u00b6[[Categoria:Substantivo (Mirand\u00eas)]]",
    "lemma": "eiduca\u00e7on",
    "reference": "https://pt.wiktionary.org/wiki/eiduca\u00e7on#mwl",
    "forms": [
      {
        "form": "eiduca\u00e7on",
        "gram": [
          "Q12",
          "Q15"
        ]
      },
      {
        "form": "eiduca\u00e7ones",
        "gram": [
          "Q13",
          "Q15"
        ]
      }
    ],
    "pos": "Q6",
    "hyphen": "ei|du|ca|\u00e7on",
    "gender": "Q15",
    "senses": [
      "# [[educa\u00e7\u00e3o]]"
    ]
  }
}