{
  "URI": "https://lhenguabase.wikibase.cloud/entity/L59",
  "entry": {
    "wikitext": "={{-mwl-}}=\u00b6==Substantivo==\u00b6{{flex.mwl|fs=eignoran\u00e7a|fp=eignoran\u00e7as}}\u00b6{{parox\u00edtona|ei|gno|ran|\u00e7a|l\u00edngua=mwl}}, {{f}}\u00b6# [[ignor\u00e2ncia]]\u00b6\u00b6===Formas alternativas===\u00b6* {{link idioma|eignor\u00e1ncia|mwl}}\u00b6\u00b6==Ver tamb\u00e9m==\u00b6===No Wikcion\u00e1rio===\u00b6{{verTamb\u00e9m.Ini}}\u00b6* [[eignorar]]\u00b6{{verTamb\u00e9m.NovaColuna}}\u00b6* [[eignorante]]\u00b6{{verTamb\u00e9m.Fim}}\u00b6\u00b6[[Categoria:Substantivo (Mirand\u00eas)]]",
    "lemma": "eignoran\u00e7a",
    "reference": "https://pt.wiktionary.org/wiki/eignoran\u00e7a#mwl",
    "forms": [
      {
        "form": "eignoran\u00e7a",
        "gram": [
          "Q12",
          "Q15"
        ]
      },
      {
        "form": "eignoran\u00e7as",
        "gram": [
          "Q13",
          "Q15"
        ]
      }
    ],
    "pos": "Q6",
    "hyphen": "ei|gno|ran|\u00e7a",
    "gender": "Q15",
    "senses": [
      "# [[ignor\u00e2ncia]]\u00b6\u00b6"
    ]
  }
}