{
  "URI": "https://lhenguabase.wikibase.cloud/entity/L1404",
  "entry": {
    "wikitext": "={{-mwl-}}=\u00b6==Substantivo==\u00b6{{flex.mwl|fs=eigreija|fp=eigreijas}}\u00b6{{parox\u00edtona|ei|grei|ja|l\u00edngua=mwl}}, {{f}}\u00b6# {{escopo|mwl|Religi\u00e3o}} [[igreja]]\u00b6\u00b6[[Categoria:Substantivo (Mirand\u00eas)]]\u00b6[[Categoria:Entrada com imagem (Mirand\u00eas)]]",
    "lemma": "eigreija",
    "reference": "https://pt.wiktionary.org/wiki/eigreija#mwl",
    "forms": [
      {
        "form": "eigreija",
        "gram": [
          "Q12",
          "Q15"
        ]
      },
      {
        "form": "eigreijas",
        "gram": [
          "Q13",
          "Q15"
        ]
      }
    ],
    "pos": "Q6",
    "hyphen": "ei|grei|ja",
    "gender": "Q15",
    "senses": [
      "# {{escopo|mwl|Religi\u00e3o}} [[igreja]]"
    ]
  }
}