{
  "URI": "https://lhenguabase.wikibase.cloud/entity/L360",
  "entry": {
    "wikitext": "={{-mwl-}}=\u00b6==Substantivo==\u00b6{{flex.mwl|fs=eigualdade|fp=eigualdades}}\u00b6{{parox\u00edtona|ei|gual|da|de|l\u00edngua=mwl}}, {{f}}\u00b6# [[igualdade]]\u00b6\u00b6==Ant\u00f3nimo==\u00b6* [[defr\u00e9ncia]]\u00b6\u00b6[[Categoria:Substantivo (Mirand\u00eas)]]",
    "lemma": "eigualdade",
    "reference": "https://pt.wiktionary.org/wiki/eigualdade#mwl",
    "forms": [
      {
        "form": "eigualdade",
        "gram": [
          "Q12",
          "Q15"
        ]
      },
      {
        "form": "eigualdades",
        "gram": [
          "Q13",
          "Q15"
        ]
      }
    ],
    "pos": "Q6",
    "hyphen": "ei|gual|da|de",
    "gender": "Q15",
    "senses": [
      "# [[igualdade]]"
    ]
  }
}