{
  "URI": "https://lhenguabase.wikibase.cloud/entity/L1001",
  "entry": {
    "wikitext": "={{-mwl-}}=\u00b6==Adjetivo==\u00b6{{flex.mwl|s=eileitoral|p=eileitorales}}\u00b6{{ox\u00edtona|ei|lei|to|ral|l\u00edngua=mwl}}, {{c2g}}\u00b6# {{escopo|mwl|Pol\u00edtica}} [[eleitoral]]\u00b6\u00b6[[Categoria:Adjetivo (Mirand\u00eas)]]",
    "lemma": "eileitoral",
    "reference": "https://pt.wiktionary.org/wiki/eileitoral#mwl",
    "forms": [
      {
        "form": "eileitoral",
        "gram": [
          "Q12"
        ]
      },
      {
        "form": "eileitorales",
        "gram": [
          "Q13"
        ]
      }
    ],
    "pos": "Q8",
    "hyphen": "ei|lei|to|ral",
    "senses": [
      "# {{escopo|mwl|Pol\u00edtica}} [[eleitoral]]"
    ]
  }
}