{
  "URI": "https://lhenguabase.wikibase.cloud/entity/L633",
  "entry": {
    "wikitext": "={{-mwl-}}=\u00b6==Substantivo==\u00b6{{flex.mwl|ms=eimbierno|mp=eimbiernos}}\u00b6{{parox\u00edtona|eim|bier|no|l\u00edngua=mwl}}, {{m}}\u00b6# [[inverno]]\u00b6\u00b6===Formas alternativas===\u00b6* {{link idioma|ambierno|mwl}}\u00b6\u00b6==={{Etimologia|mwl}}===\u00b6: Do [[latim]] {{etimo|la|hibernum}}.\u00b6\u00b6==Ver tamb\u00e9m==\u00b6{{esta\u00e7\u00f5es do ano/mwl}}\u00b6\u00b6[[Categoria:Substantivo (Mirand\u00eas)]]\u00b6[[Categoria:Esta\u00e7\u00e3o do ano (Mirand\u00eas)]]\u00b6[[Categoria:Entrada com etimologia (Mirand\u00eas)]]\u00b6[[Categoria:Entrada de \u00e9timo latino (Mirand\u00eas)]]\u00b6[[Categoria:Entrada com imagem (Mirand\u00eas)]]",
    "lemma": "eimbierno",
    "reference": "https://pt.wiktionary.org/wiki/eimbierno#mwl",
    "forms": [
      {
        "form": "eimbierno",
        "gram": [
          "Q12",
          "Q14"
        ]
      },
      {
        "form": "eimbiernos",
        "gram": [
          "Q13",
          "Q14"
        ]
      }
    ],
    "pos": "Q6",
    "hyphen": "eim|bier|no",
    "gender": "Q14",
    "senses": [
      "# [[inverno]]"
    ]
  }
}