{
  "URI": "https://lhenguabase.wikibase.cloud/entity/L590",
  "entry": {
    "wikitext": "={{-mwl-}}=\u00b6==Substantivo==\u00b6{{flex.mwl|fs=einutelidade|fp=einutelidades}}\u00b6{{parox\u00edtona|ei|nu|te|li|da|de|l\u00edngua=mwl}}, {{f}}\u00b6# [[inutilidade]]\u00b6\u00b6==Ver tamb\u00e9m==\u00b6===No Wikcion\u00e1rio===\u00b6{{verTamb\u00e9m.Ini}}\u00b6* [[ein\u00fatele]]\u00b6{{verTamb\u00e9m.NovaColuna}}\u00b6* [[einutelizar]]\u00b6{{verTamb\u00e9m.Fim}}\u00b6\u00b6[[Categoria:Substantivo (Mirand\u00eas)]]",
    "lemma": "einutelidade",
    "reference": "https://pt.wiktionary.org/wiki/einutelidade#mwl",
    "forms": [
      {
        "form": "einutelidade",
        "gram": [
          "Q12",
          "Q15"
        ]
      },
      {
        "form": "einutelidades",
        "gram": [
          "Q13",
          "Q15"
        ]
      }
    ],
    "pos": "Q6",
    "hyphen": "ei|nu|te|li|da|de",
    "gender": "Q15",
    "senses": [
      "# [[inutilidade]]"
    ]
  }
}