{
  "URI": "https://lhenguabase.wikibase.cloud/entity/L196",
  "entry": {
    "wikitext": "={{-mwl-}}=\u00b6==Adjetivo==\u00b6{{flex.mwl|ms=eiquen\u00f3mico|mp=eiquen\u00f3micos|fs=eiquen\u00f3mica|fp=eiquen\u00f3micas}}\u00b6{{proparox\u00edtona|ei|que|n\u00f3|mi|co|l\u00edngua=mwl}}, {{m}}\u00b6# [[econ\u00f3mico]]\u00b6\u00b6[[Categoria:Adjetivo (Mirand\u00eas)]]",
    "lemma": "eiquen\u00f3mico",
    "reference": "https://pt.wiktionary.org/wiki/eiquen\u00f3mico#mwl",
    "forms": [
      {
        "form": "eiquen\u00f3mico",
        "gram": [
          "Q12",
          "Q14"
        ]
      },
      {
        "form": "eiquen\u00f3micos",
        "gram": [
          "Q13",
          "Q14"
        ]
      },
      {
        "form": "eiquen\u00f3mica",
        "gram": [
          "Q12",
          "Q15"
        ]
      },
      {
        "form": "eiquen\u00f3micas",
        "gram": [
          "Q13",
          "Q15"
        ]
      }
    ],
    "pos": "Q8",
    "hyphen": "ei|que|n\u00f3|mi|co",
    "gender": "Q14",
    "senses": [
      "# [[econ\u00f3mico]]"
    ]
  }
}