{
  "URI": "https://lhenguabase.wikibase.cloud/entity/L640",
  "entry": {
    "wikitext": "={{-mwl-}}=\u00b6==Substantivo==\u00b6{{flex.mwl|fs=eiquenomie|fp=eiquenomies}}\u00b6{{parox\u00edtona|ei|que|no|mie|l\u00edngua=mwl}}, {{f}}\u00b6# [[economia]]\u00b6\u00b6[[Categoria:Substantivo (Mirand\u00eas)]]",
    "lemma": "eiquenomie",
    "reference": "https://pt.wiktionary.org/wiki/eiquenomie#mwl",
    "forms": [
      {
        "form": "eiquenomie",
        "gram": [
          "Q12",
          "Q15"
        ]
      },
      {
        "form": "eiquenomies",
        "gram": [
          "Q13",
          "Q15"
        ]
      }
    ],
    "pos": "Q6",
    "hyphen": "ei|que|no|mie",
    "gender": "Q15",
    "senses": [
      "# [[economia]]"
    ]
  }
}