{
  "URI": "https://lhenguabase.wikibase.cloud/entity/L910",
  "entry": {
    "wikitext": "={{-mwl-}}=\u00b6==Substantivo==\u00b6'''Eisl\u00e1ndia''', {{gram\u00e1tica|pr}}\u00b6# {{escopo|mwl|Geografia}} [[Isl\u00e2ndia]]\u00b6\u00b6==Ver tamb\u00e9m==\u00b6===No Wikcion\u00e1rio===\u00b6{{Europa/mwl}}\u00b6\u00b6[[Categoria:Substantivo (Mirand\u00eas)]]\u00b6[[Categoria:Pa\u00eds (Mirand\u00eas)]]\u00b6[[Categoria:Entrada com imagem (Mirand\u00eas)]]",
    "lemma": "Eisl\u00e1ndia",
    "reference": "https://pt.wiktionary.org/wiki/Eisl\u00e1ndia#mwl",
    "forms": [],
    "pos": "Q6",
    "senses": [
      "# {{escopo|mwl|Geografia}} [[Isl\u00e2ndia]]"
    ]
  }
}