{
  "URI": "https://lhenguabase.wikibase.cloud/entity/L831",
  "entry": {
    "wikitext": "={{-mwl-}}=\u00b6==Adjetivo==\u00b6{{flex.mwl|eitaliano|eitalianos|eitaliana|eitalianas}}\u00b6{{parox\u00edtona|ei|ta|li|a|no|l\u00edngua=mwl}}, {{m}}\u00b6# [[italiano]], [[relativo]] [[a#Preposi\u00e7\u00e3o|a]] [[It\u00e1lia]]\u00b6# {{escopo|mwl|lingu\u00edstica}} italiano, relacionado com o [[idioma]] {{l.s.|italiano}}\u00b6\u00b6==Substantivo==\u00b6{{flex.mwl|eitaliano|eitalianos|eitaliana|eitalianas}}\u00b6{{parox\u00edtona|ei|ta|li|a|no|l\u00edngua=mwl}}, {{m}}\u00b6# {{l.s.|italiano}}, [[indiv\u00edduo]] [[natural]] ou [[habitante]] de It\u00e1lia\u00b6{{limpar}}\u00b6\u00b6{{flex.mwl|eitaliano}}\u00b6{{parox\u00edtona|ei|ta|li|a|no|l\u00edngua=mwl}}, {{s/p}}\u00b6# {{cont|2}} {{escopo|mwl|lingu\u00edstica}} {{l.s.|italiano}}, [[l\u00edngua]] italiana\u00b6\u00b6===Sin\u00f3nimos===\u00b6* De '''2''': [[lh\u00e9ngua]] eitaliana\u00b6\u00b6==Ver tamb\u00e9m==\u00b6===No Wikcion\u00e1rio===\u00b6{{verTamb\u00e9m.Ini}}\u00b6* [[Eit\u00e1lia]]\u00b6{{verTamb\u00e9m.Fim}}\u00b6\u00b6[[Categoria:Adjetivo (Mirand\u00eas)]]\u00b6[[Categoria:Substantivo (Mirand\u00eas)]]\u00b6[[Categoria:Gent\u00edlico (Mirand\u00eas)]]\u00b6[[Categoria:L\u00edngua (Mirand\u00eas)]]",
    "lemma": "eitaliano",
    "reference": "https://pt.wiktionary.org/wiki/eitaliano#mwl",
    "forms": [],
    "pos": "Q6",
    "hyphen": "ei|ta|li|a|no",
    "gender": "Q14",
    "senses": [
      "# [[italiano]], [[relativo]] [[a"
    ]
  }
}