{
  "URI": "https://lhenguabase.wikibase.cloud/entity/L188",
  "entry": {
    "wikitext": "={{-mwl-}}=\u00b6==Substantivo==\u00b6{{flex.mwl|fs=Ester|fp=Esters}}\u00b6{{ox\u00edtona|Es|ter|id=mwl}}, {{gram\u00e1tica|pr|f|id=mwl}}\u00b6# {{escopo|mwl|Cristianismo}} [[Ester#{{pt}}|Ester]]\u00b6# {{escopo|mwl|Antrop\u00f4nimo}} [[Ester#{{pt}}|Ester]]\u00b6\u00b6==Ver tamb\u00e9m==\u00b6===No Wikcion\u00e1rio===\u00b6{{b\u00edblia/mwl}}\u00b6\u00b6[[Categoria:Substantivo (Mirand\u00eas)]]",
    "lemma": "Ester",
    "reference": "https://pt.wiktionary.org/wiki/Ester#mwl",
    "forms": [
      {
        "form": "Ester",
        "gram": [
          "Q12",
          "Q15"
        ]
      },
      {
        "form": "Esters",
        "gram": [
          "Q13",
          "Q15"
        ]
      }
    ],
    "pos": "Q6",
    "hyphen": "Es|ter",
    "senses": [
      "# {{escopo|mwl|Cristianismo}} [[Ester"
    ]
  }
}