{
  "URI": "https://lhenguabase.wikibase.cloud/entity/L341",
  "entry": {
    "wikitext": "={{-mwl-}}=\u00b6==Substantivo==\u00b6{{flex.mwl|ms=este|mp=estes}}\u00b6{{parox\u00edtona|es|te|l\u00edngua=mwl}}, {{m}}\u00b6# [[este#{{pt}}|este]]\u00b6\u00b6===Sin\u00f3nimo===\u00b6* [[oucidente]]\u00b6\u00b6==Pronome==\u00b6{{parox\u00edtona|es|te|l\u00edngua=mwl}}, {{m}}\u00b6# [[este#{{pt}}|este]], [[pronome demonstrativo]]\u00b6{{limpar}}\u00b6\u00b6==Ver tamb\u00e9m==\u00b6===No Wikcion\u00e1rio===\u00b6{{flex.mwl.pron.demonstrativo}}\u00b6\u00b6[[Categoria:Substantivo (Mirand\u00eas)]]\u00b6[[Categoria:Pronome (Mirand\u00eas)]]\u00b6[[Categoria:Geografia (Mirand\u00eas)]]",
    "lemma": "este",
    "reference": "https://pt.wiktionary.org/wiki/este#mwl",
    "forms": [
      {
        "form": "este",
        "gram": [
          "Q12",
          "Q14"
        ]
      },
      {
        "form": "estes",
        "gram": [
          "Q13",
          "Q14"
        ]
      }
    ],
    "pos": "Q6",
    "hyphen": "es|te",
    "gender": "Q14",
    "senses": [
      "# [[este"
    ]
  }
}