{
  "URI": "https://lhenguabase.wikibase.cloud/entity/L508",
  "entry": {
    "wikitext": "={{-mwl-}}=\u00b6==Substantivo==\u00b6{{flex.mwl|fs=faba|fp=fabas}}\u00b6{{parox\u00edtona|fa|ba|l\u00edngua=mwl}}, {{f}}\u00b6# {{escopo|mwl|Alimenta\u00e7\u00e3o}} [[fava]]\u00b6# {{escopo|mwl|Planta}} [[faveira]] (''[[species:Vicia faba|Vicia faba]]'')\u00b6\u00b6==Ver tamb\u00e9m==\u00b6===No Wikcion\u00e1rio===\u00b6{{verTamb\u00e9m.Ini}}\u00b6* [[fabal]]\u00b6{{verTamb\u00e9m.NovaColuna}}\u00b6* [[fabeira]]\u00b6{{verTamb\u00e9m.Fim}}\u00b6\u00b6[[Categoria:Substantivo (Mirand\u00eas)]]\u00b6[[Categoria:Bot\u00e2nica (Mirand\u00eas)]]\u00b6[[Categoria:Entrada com imagem (Mirand\u00eas)]]",
    "lemma": "faba",
    "reference": "https://pt.wiktionary.org/wiki/faba#mwl",
    "forms": [
      {
        "form": "faba",
        "gram": [
          "Q12",
          "Q15"
        ]
      },
      {
        "form": "fabas",
        "gram": [
          "Q13",
          "Q15"
        ]
      }
    ],
    "pos": "Q6",
    "hyphen": "fa|ba",
    "gender": "Q15",
    "senses": [
      "# {{escopo|mwl|Alimenta\u00e7\u00e3o}} [[fava]]"
    ]
  }
}