{
  "URI": "https://lhenguabase.wikibase.cloud/entity/L809",
  "entry": {
    "wikitext": "={{-mwl-}}=\u00b6==Substantivo==\u00b6{{flex.mwl|fs=fabeira|fp=fabeiras}}\u00b6{{parox\u00edtona|fa|bei|ra|l\u00edngua=mwl}}, {{f}}\u00b6# {{escopo|mwl|Planta}} [[faveira]], planta que produz as [[fava]]s (''[[species:Vicia faba|Vicia faba]]'')\u00b6\u00b6==Ver tamb\u00e9m==\u00b6===No Wikcion\u00e1rio===\u00b6{{verTamb\u00e9m.Ini}}\u00b6* [[fabal]]\u00b6{{verTamb\u00e9m.NovaColuna}}\u00b6* [[faba]]\u00b6{{verTamb\u00e9m.Fim}}\u00b6\u00b6[[Categoria:Substantivo (Mirand\u00eas)]]\u00b6[[Categoria:Bot\u00e2nica (Mirand\u00eas)]]\u00b6[[Categoria:Entrada com imagem (Mirand\u00eas)]]",
    "lemma": "fabeira",
    "reference": "https://pt.wiktionary.org/wiki/fabeira#mwl",
    "forms": [
      {
        "form": "fabeira",
        "gram": [
          "Q12",
          "Q15"
        ]
      },
      {
        "form": "fabeiras",
        "gram": [
          "Q13",
          "Q15"
        ]
      }
    ],
    "pos": "Q6",
    "hyphen": "fa|bei|ra",
    "gender": "Q15",
    "senses": [
      "# {{escopo|mwl|Planta}} [[faveira]], planta que produz as [[fava]]s (''[[species:Vicia faba|Vicia faba]]'')"
    ]
  }
}