{
  "URI": "https://lhenguabase.wikibase.cloud/entity/L1094",
  "entry": {
    "wikitext": "={{-mwl-}}=\u00b6==Substantivo==\u00b6{{flex.mwl|fs=falha|fp=falhas}}\u00b6{{parox\u00edtona|fa|lha|l\u00edngua=mwl}}, {{f}}\u00b6# [[falha#Portugu\u00eas|falha]]\u00b6\u00b6[[Categoria:Substantivo (Mirand\u00eas)]]",
    "lemma": "falha",
    "reference": "https://pt.wiktionary.org/wiki/falha#mwl",
    "forms": [
      {
        "form": "falha",
        "gram": [
          "Q12",
          "Q15"
        ]
      },
      {
        "form": "falhas",
        "gram": [
          "Q13",
          "Q15"
        ]
      }
    ],
    "pos": "Q6",
    "hyphen": "fa|lha",
    "gender": "Q15",
    "senses": [
      "# [[falha"
    ]
  }
}