{
  "URI": "https://lhenguabase.wikibase.cloud/entity/L426",
  "entry": {
    "wikitext": "={{-mwl-}}=\u00b6==Substantivo==\u00b6'''fascismo'''\u00b6# {{escopo|mwl|Hist\u00f3ria|Pol\u00edtica}} [[fascismo#Portugu\u00eas|fascismo]]\u00b6\u00b6=={{etimologia|mwl}}==\u00b6{{etimo2|it|fascismo|mwl}}\u00b6\u00b6==Ver tamb\u00e9m==\u00b6===Na Wikip\u00e9dia===\u00b6* {{interwiki|w|mwl|fascismo}}\u00b6\u00b6[[Categoria:Substantivo (Mirand\u00eas)]]\u00b6[[Categoria:Entrada com imagem (Mirand\u00eas)]]",
    "lemma": "fascismo",
    "reference": "https://pt.wiktionary.org/wiki/fascismo#mwl",
    "forms": [],
    "pos": "Q6",
    "senses": [
      "# {{escopo|mwl|Hist\u00f3ria|Pol\u00edtica}} [[fascismo"
    ]
  }
}