{
  "URI": "https://lhenguabase.wikibase.cloud/entity/L705",
  "entry": {
    "wikitext": "={{-mwl-}}=\u00b6==Substantivo==\u00b6{{flex.mwl|fs=fauna|fp=faunas}}\u00b6{{parox\u00edtona|fau|na|l\u00edngua=mwl}}, {{gram\u00e1tica|f}}\u00b6# {{escopo|mwl|Zoologia}} [[fauna#Portugu\u00eas|fauna]]\u00b6\u00b6[[Categoria:Substantivo (Mirand\u00eas)]]",
    "lemma": "fauna",
    "reference": "https://pt.wiktionary.org/wiki/fauna#mwl",
    "forms": [
      {
        "form": "fauna",
        "gram": [
          "Q12",
          "Q15"
        ]
      },
      {
        "form": "faunas",
        "gram": [
          "Q13",
          "Q15"
        ]
      }
    ],
    "pos": "Q6",
    "hyphen": "fau|na",
    "senses": [
      "# {{escopo|mwl|Zoologia}} [[fauna"
    ]
  }
}