{
  "URI": "https://lhenguabase.wikibase.cloud/entity/L102",
  "entry": {
    "wikitext": "={{-mwl-}}=\u00b6==Adjetivo==\u00b6{{flex.mwl|s=feli\u00e7|p=felizes}}\u00b6{{ox\u00edtona|fe|li\u00e7|l\u00edngua=mwl}}, {{mf}}\u00b6# [[feliz]]\u00b6\u00b6==Ant\u00f3nimo==\u00b6* [[anfeli\u00e7]]\u00b6\u00b6[[Categoria:Adjetivo (Mirand\u00eas)]]",
    "lemma": "feli\u00e7",
    "reference": "https://pt.wiktionary.org/wiki/feli\u00e7#mwl",
    "forms": [
      {
        "form": "feli\u00e7",
        "gram": [
          "Q12"
        ]
      },
      {
        "form": "felizes",
        "gram": [
          "Q13"
        ]
      }
    ],
    "pos": "Q8",
    "hyphen": "fe|li\u00e7",
    "senses": [
      "# [[feliz]]"
    ]
  }
}