{
  "URI": "https://lhenguabase.wikibase.cloud/entity/L204",
  "entry": {
    "wikitext": "={{-mwl-}}=\u00b6==Substantivo==\u00b6{{flex.mwl|ms=fidalgo|mp=fidalgos|fs=fidalga|fp=fidalgas}}\u00b6{{parox\u00edtona|fi|dal|go|l\u00edngua=mwl}}, {{m}}\u00b6# [[pessoa]] [[rica]]\u00b6# pessoa da [[cidade]]\u00b6\u00b6[[Categoria:Substantivo (Mirand\u00eas)]]",
    "lemma": "fidalgo",
    "reference": "https://pt.wiktionary.org/wiki/fidalgo#mwl",
    "forms": [
      {
        "form": "fidalgo",
        "gram": [
          "Q12",
          "Q14"
        ]
      },
      {
        "form": "fidalgos",
        "gram": [
          "Q13",
          "Q14"
        ]
      },
      {
        "form": "fidalga",
        "gram": [
          "Q12",
          "Q15"
        ]
      },
      {
        "form": "fidalgas",
        "gram": [
          "Q13",
          "Q15"
        ]
      }
    ],
    "pos": "Q6",
    "hyphen": "fi|dal|go",
    "gender": "Q14",
    "senses": [
      "# [[pessoa]] [[rica]]"
    ]
  }
}