{
  "URI": "https://lhenguabase.wikibase.cloud/entity/L670",
  "entry": {
    "wikitext": "={{-mwl-}}=\u00b6==Substantivo==\u00b6'''fiel-de-la-tierra''', {{m}}\u00b6# {{escopo|mwl|Planta}} [[cent\u00e1urea-menor]] (''[[species:Centaurium erythraea|Centaurium erythraea]]'')\u00b6\u00b6[[Categoria:Substantivo (Mirand\u00eas)]]\u00b6[[Categoria:Bot\u00e2nica (Mirand\u00eas)]]\u00b6[[Categoria:Entrada com imagem (Mirand\u00eas)]]",
    "lemma": "fiel-de-la-tierra",
    "reference": "https://pt.wiktionary.org/wiki/fiel-de-la-tierra#mwl",
    "forms": [],
    "pos": "Q6",
    "gender": "Q14",
    "senses": [
      "# {{escopo|mwl|Planta}} [[cent\u00e1urea-menor]] (''[[species:Centaurium erythraea|Centaurium erythraea]]'')"
    ]
  }
}