{
  "URI": "https://lhenguabase.wikibase.cloud/entity/L618",
  "entry": {
    "wikitext": "={{-mwl-}}=\u00b6==Substantivo==\u00b6{{flex.mwl|fs=figo|fp=figos}}\u00b6{{parox\u00edtona|fi|go|l\u00edngua=mwl}}, {{gram\u00e1tica|m}}\u00b6# {{escopo|mwl|fruta}} [[figo#{{pt}}|figo]]\u00b6\u00b6==Ver tamb\u00e9m==\u00b6===No Wikcion\u00e1rio===\u00b6{{verTamb\u00e9m.Ini}}\u00b6* [[figueira#{{mwl}}|figueira]]\u00b6{{verTamb\u00e9m.NovaColuna}}\u00b6* [[figueiral#{{mwl}}|figueiral]]\u00b6{{verTamb\u00e9m.Fim}}\u00b6\u00b6[[Categoria:Substantivo (Mirand\u00eas)]]\u00b6[[Categoria:Bot\u00e2nica (Mirand\u00eas)]]\u00b6[[Categoria:Entrada com imagem (Mirand\u00eas)]]",
    "lemma": "figo",
    "reference": "https://pt.wiktionary.org/wiki/figo#mwl",
    "forms": [
      {
        "form": "figo",
        "gram": [
          "Q12",
          "Q15"
        ]
      },
      {
        "form": "figos",
        "gram": [
          "Q13",
          "Q15"
        ]
      }
    ],
    "pos": "Q6",
    "hyphen": "fi|go",
    "senses": [
      "# {{escopo|mwl|fruta}} [[figo"
    ]
  }
}