{
  "URI": "https://lhenguabase.wikibase.cloud/entity/L298",
  "entry": {
    "wikitext": "={{-mwl-}}=\u00b6==Substantivo==\u00b6{{flex.mwl|fs=figueira|fp=figueiras}}\u00b6{{parox\u00edtona|fi|guei|ra|l\u00edngua=mwl}}, {{gram\u00e1tica|f}}\u00b6# {{escopo|mwl|\u00e1rvore}} [[figueira#{{pt}}|figueira]] (''[[species:Ficus carica|Ficus carica]]'')\u00b6\u00b6==Ver tamb\u00e9m==\u00b6===No Wikcion\u00e1rio===\u00b6{{verTamb\u00e9m.Ini}}\u00b6* [[figo#{{mwl}}|figo]]\u00b6{{verTamb\u00e9m.NovaColuna}}\u00b6* [[figueiral#{{mwl}}|figueiral]]\u00b6{{verTamb\u00e9m.Fim}}\u00b6\u00b6[[Categoria:Substantivo (Mirand\u00eas)]]\u00b6[[Categoria:Entrada com imagem (Mirand\u00eas)]]",
    "lemma": "figueira",
    "reference": "https://pt.wiktionary.org/wiki/figueira#mwl",
    "forms": [
      {
        "form": "figueira",
        "gram": [
          "Q12",
          "Q15"
        ]
      },
      {
        "form": "figueiras",
        "gram": [
          "Q13",
          "Q15"
        ]
      }
    ],
    "pos": "Q6",
    "hyphen": "fi|guei|ra",
    "senses": [
      "# {{escopo|mwl|\u00e1rvore}} [[figueira"
    ]
  }
}