{
  "URI": "https://lhenguabase.wikibase.cloud/entity/L691",
  "entry": {
    "wikitext": "={{-mwl-}}=\u00b6==Substantivo==\u00b6{{flex.mwl|fs=figueiral|fp=figueirales}}\u00b6{{ox\u00edtona|fi|guei|ral|l\u00edngua=mwl}}, {{f}}\u00b6# [[figueiral#{{pt}}|figueiral]]\u00b6\u00b6==Ver tamb\u00e9m==\u00b6===No Wikcion\u00e1rio===\u00b6{{verTamb\u00e9m.Ini}}\u00b6* [[figo#{{mwl}}|figo]]\u00b6{{verTamb\u00e9m.NovaColuna}}\u00b6* [[figueira#{{mwl}}|figueira]]\u00b6{{verTamb\u00e9m.Fim}}\u00b6\u00b6[[Categoria:Substantivo (Mirand\u00eas)]]\u00b6[[Categoria:Bot\u00e2nica (Mirand\u00eas)]]",
    "lemma": "figueiral",
    "reference": "https://pt.wiktionary.org/wiki/figueiral#mwl",
    "forms": [
      {
        "form": "figueiral",
        "gram": [
          "Q12",
          "Q15"
        ]
      },
      {
        "form": "figueirales",
        "gram": [
          "Q13",
          "Q15"
        ]
      }
    ],
    "pos": "Q6",
    "hyphen": "fi|guei|ral",
    "gender": "Q15",
    "senses": [
      "# [[figueiral"
    ]
  }
}