{
  "URI": "https://lhenguabase.wikibase.cloud/entity/L1219",
  "entry": {
    "wikitext": "={{-mwl-}}=\u00b6==Substantivo==\u00b6'''Fiji''', {{gram\u00e1tica|pr}}\u00b6# {{escopo|mwl|Pa\u00eds}} [[Fiji#Portugu\u00eas|Fiji]]\u00b6\u00b6==Ver tamb\u00e9m==\u00b6===No Wikcion\u00e1rio===\u00b6{{Oceania/mwl}}\u00b6\u00b6[[Categoria:Substantivo (Mirand\u00eas)]]\u00b6[[Categoria:Entrada com imagem (Mirand\u00eas)]]",
    "lemma": "Fiji",
    "reference": "https://pt.wiktionary.org/wiki/Fiji#mwl",
    "forms": [],
    "pos": "Q6",
    "senses": [
      "# {{escopo|mwl|Pa\u00eds}} [[Fiji"
    ]
  }
}