{
  "URI": "https://lhenguabase.wikibase.cloud/entity/L527",
  "entry": {
    "wikitext": "={{-mwl-}}=\u00b6==Substantivo==\u00b6{{flex.mwl|fs=filha|fp=filhas}}\u00b6{{parox\u00edtona|fi|lha|l\u00edngua=mwl}}, {{gram\u00e1tica|f}}\u00b6# [[filha#Portugu\u00eas|filha]]\u00b6\u00b6=={{etimologia|mwl}}==\u00b6{{etimo2|la|filia|mwl}}\u00b6\u00b6==Ver tamb\u00e9m==\u00b6===No Wikcion\u00e1rio===\u00b6{{fam\u00edlia/mwl}}\u00b6\u00b6[[Categoria:Substantivo (Mirand\u00eas)]]\u00b6[[Categoria:Fam\u00edlia (Mirand\u00eas)]]",
    "lemma": "filha",
    "reference": "https://pt.wiktionary.org/wiki/filha#mwl",
    "forms": [
      {
        "form": "filha",
        "gram": [
          "Q12",
          "Q15"
        ]
      },
      {
        "form": "filhas",
        "gram": [
          "Q13",
          "Q15"
        ]
      }
    ],
    "pos": "Q6",
    "hyphen": "fi|lha",
    "senses": [
      "# [[filha"
    ]
  }
}