{
  "URI": "https://lhenguabase.wikibase.cloud/entity/L1396",
  "entry": {
    "wikitext": "={{-mwl-}}=\u00b6==Substantivo==\u00b6{{flex.mwl|fs=filhastra|fp=filhastras}}\u00b6{{parox\u00edtona|fi|lhas|tra|l\u00edngua=mwl}}, {{f}}\u00b6# [[enteada#Portugu\u00eas|enteada]]\u00b6\u00b6==Sin\u00f3nimo==\u00b6* [[antenada]]\u00b6\u00b6{{Predefini\u00e7\u00e3o:fam\u00edlia/mwl}}\u00b6\u00b6[[Categoria:Substantivo (Mirand\u00eas)]]\u00b6[[Categoria:Fam\u00edlia (Mirand\u00eas)]]",
    "lemma": "filhastra",
    "reference": "https://pt.wiktionary.org/wiki/filhastra#mwl",
    "forms": [
      {
        "form": "filhastra",
        "gram": [
          "Q12",
          "Q15"
        ]
      },
      {
        "form": "filhastras",
        "gram": [
          "Q13",
          "Q15"
        ]
      }
    ],
    "pos": "Q6",
    "hyphen": "fi|lhas|tra",
    "gender": "Q15",
    "senses": [
      "# [[enteada"
    ]
  }
}