{
  "URI": "https://lhenguabase.wikibase.cloud/entity/L1371",
  "entry": {
    "wikitext": "={{-mwl-}}=\u00b6==Substantivo==\u00b6{{flex.mwl|fs=floresta|fp=florestas|fs-div=flo.<u>res</u>.ta|fp-div=flo.<u>res</u>.tas}}\u00b6{{parox\u00edtona|flo|res|ta|id=mwl}}, {{gram\u00e1tica|f}}\u00b6# {{escopo|mwl|geografia}} [[#Portugu\u00eas|floresta]]\u00b6\u00b6===Sin\u00f4nimos===\u00b6* [[bosque#{{mwl}}|bosque]]\u00b6\u00b6===Verbetes derivados===\u00b6{{verTamb\u00e9m.Ini}}\u00b6* [[florestal#{{mwl}}|florestal]]\u00b6{{verTamb\u00e9m.Fim}}\u00b6\u00b6=={{Etimologia|mwl}}==\u00b6{{etimo2|la|foresta|mwl}}\u00b6\u00b6==Ver tamb\u00e9m==\u00b6===No Wikcion\u00e1rio===\u00b6{{verTamb\u00e9m.Ini}}\u00b6* [[arble#{{mwl}}|arble]]\u00b6* {{link idioma|arboledo|mwl}}\u00b6{{verTamb\u00e9m.NovaColuna|50}}\u00b6* [[bioma#{{mwl}}|bioma]]\u00b6* {{link idioma|selba|mwl}}\u00b6{{verTamb\u00e9m.Fim}}\u00b6\u00b6[[Categoria:Substantivo (Mirand\u00eas)]]\u00b6[[Categoria:Natureza (Mirand\u00eas)]]\u00b6[[Categoria:Cognato (Mirand\u00eas)]]\u00b6[[Categoria:Entrada com imagem (Mirand\u00eas)]]",
    "lemma": "floresta",
    "reference": "https://pt.wiktionary.org/wiki/floresta#mwl",
    "forms": [
      {
        "form": "floresta",
        "gram": [
          "Q12",
          "Q15"
        ]
      },
      {
        "form": "florestas",
        "gram": [
          "Q13",
          "Q15"
        ]
      }
    ],
    "pos": "Q6",
    "hyphen": "flo|res|ta",
    "senses": [
      "# {{escopo|mwl|geografia}} [["
    ]
  }
}