{
  "URI": "https://lhenguabase.wikibase.cloud/entity/L485",
  "entry": {
    "wikitext": "={{-mwl-}}=\u00b6==Substantivo==\u00b6{{flex.mwl|ms=fogon|mp=fogones}}\u00b6{{ox\u00edtona|fo|gon|l\u00edngua=mwl}}, {{m}}\u00b6# {{escopo|mwl|M\u00e1quina|Objeto}} [[fog\u00e3o]]\u00b6\u00b6=={{etimologia|mwl}}==\u00b6:{{escopo|Morfologia}} [[fuogo]] + [[-on]].\u00b6\u00b6\u00b6\u00b6[[Categoria:Verbo (Bambara)]]\u00b6[[Categoria:Substantivo (Franc\u00eas)]]\u00b6[[Categoria:M\u00e1quina (Franc\u00eas)]]\u00b6[[Categoria:Entrada com imagem (Franc\u00eas)]]\u00b6[[Categoria:Substantivo (Mirand\u00eas)]]\u00b6[[Categoria:M\u00e1quina (Mirand\u00eas)]]\u00b6[[Categoria:Entrada com imagem (Mirand\u00eas)]]",
    "lemma": "fogon",
    "reference": "https://pt.wiktionary.org/wiki/fogon#mwl",
    "forms": [
      {
        "form": "fogon",
        "gram": [
          "Q12",
          "Q14"
        ]
      },
      {
        "form": "fogones",
        "gram": [
          "Q13",
          "Q14"
        ]
      }
    ],
    "pos": "Q6",
    "hyphen": "fo|gon",
    "gender": "Q14",
    "senses": [
      "# {{escopo|mwl|M\u00e1quina|Objeto}} [[fog\u00e3o]]"
    ]
  }
}