{
  "URI": "https://lhenguabase.wikibase.cloud/entity/L238",
  "entry": {
    "wikitext": "={{-mwl-}}=\u00b6==Substantivo==\u00b6{{flex.mwl|fs=fogueira|fp=fogueiras}}\u00b6{{parox\u00edtona|fo|guei|ra|l\u00edngua=mwl}}, {{f}}\u00b6# [[fogueira#Portugu\u00eas|fogueira]]\u00b6\u00b6[[Categoria:Substantivo (Mirand\u00eas)]]\u00b6[[Categoria:Entrada com imagem (Mirand\u00eas)]]",
    "lemma": "fogueira",
    "reference": "https://pt.wiktionary.org/wiki/fogueira#mwl",
    "forms": [
      {
        "form": "fogueira",
        "gram": [
          "Q12",
          "Q15"
        ]
      },
      {
        "form": "fogueiras",
        "gram": [
          "Q13",
          "Q15"
        ]
      }
    ],
    "pos": "Q6",
    "hyphen": "fo|guei|ra",
    "gender": "Q15",
    "senses": [
      "# [[fogueira"
    ]
  }
}