{
  "URI": "https://lhenguabase.wikibase.cloud/entity/L1156",
  "entry": {
    "wikitext": "={{-mwl-}}=\u00b6==Substantivo==\u00b6{{flex.mwl|fs=folhaige|fp=folhaiges}}\u00b6{{parox\u00edtona|fo|lhai|ge|l\u00edngua=mwl}}, {{f}}\u00b6# [[folhagem]]\u00b6\u00b6[[Categoria:Substantivo (Mirand\u00eas)]]\u00b6[[Categoria:Bot\u00e2nica (Mirand\u00eas)]]",
    "lemma": "folhaige",
    "reference": "https://pt.wiktionary.org/wiki/folhaige#mwl",
    "forms": [
      {
        "form": "folhaige",
        "gram": [
          "Q12",
          "Q15"
        ]
      },
      {
        "form": "folhaiges",
        "gram": [
          "Q13",
          "Q15"
        ]
      }
    ],
    "pos": "Q6",
    "hyphen": "fo|lhai|ge",
    "gender": "Q15",
    "senses": [
      "# [[folhagem]]"
    ]
  }
}