{
  "URI": "https://lhenguabase.wikibase.cloud/entity/L863",
  "entry": {
    "wikitext": "={{-mwl-}}=\u00b6==Substantivo==\u00b6{{flex.mwl|fs=fraguesia|fp=fraguesias}}\u00b6{{parox\u00edtona|fra|gue|si|a|l\u00edngua=mwl}}, {{f}}\u00b6# {{escopo|mwl|Pol\u00edtica}} [[freguesia]]\u00b6# freguesia, [[clientela]]\u00b6\u00b6===Formas alternativas===\u00b6* {{link idioma|freguesie|mwl}}\u00b6* {{link idioma|fraguesie|mwl}}\u00b6\u00b6[[Categoria:Substantivo (Mirand\u00eas)]]",
    "lemma": "fraguesia",
    "reference": "https://pt.wiktionary.org/wiki/fraguesia#mwl",
    "forms": [
      {
        "form": "fraguesia",
        "gram": [
          "Q12",
          "Q15"
        ]
      },
      {
        "form": "fraguesias",
        "gram": [
          "Q13",
          "Q15"
        ]
      }
    ],
    "pos": "Q6",
    "hyphen": "fra|gue|si|a",
    "gender": "Q15",
    "senses": [
      "# {{escopo|mwl|Pol\u00edtica}} [[freguesia]]"
    ]
  }
}