{
  "URI": "https://lhenguabase.wikibase.cloud/entity/L364",
  "entry": {
    "wikitext": "={{-mwl-}}=\u00b6==Adjetivo==\u00b6{{flex.mwl|franc\u00e9s|franceses|francesa|francesas}}\u00b6{{ox\u00edtona|fran|c\u00e9s|l\u00edngua=mwl}}, {{gram\u00e1tica|m}}\u00b6# [[franc\u00eas]], relativo a [[Fran\u00e7a]]\u00b6# {{escopo|mwl|l\u00edngua}} franc\u00eas, relacionado com o [[idioma]] {{l.s.|franc\u00eas}}\u00b6\u00b6==Substantivo==\u00b6{{flex.mwl|franc\u00e9s|franceses|francesa|francesas}}\u00b6{{ox\u00edtona|fran|c\u00e9s|l\u00edngua=mwl}}, {{gram\u00e1tica|m}}\u00b6# {{l.s.|franc\u00eas}}, indiv\u00edduo natural ou habitante de Fran\u00e7a\u00b6{{limpar}}\u00b6\u00b6{{flex.mwl|franc\u00e9s}}\u00b6{{ox\u00edtona|fran|c\u00e9s|l\u00edngua=mwl}}, {{s/p}}\u00b6# {{cont|2}} {{escopo|mwl|l\u00edngua}} {{l.s.|franc\u00eas}}; [[l\u00edngua]] francesa\u00b6\u00b6===Sin\u00f3nimos===\u00b6* De '''2''': [[lh\u00e9ngua]] francesa\u00b6\u00b6==Ver tamb\u00e9m==\u00b6===No Wikcion\u00e1rio===\u00b6{{dividir em colunas|1}}\u00b6* [[Fr\u00e1ncia]]\u00b6{{dividir em colunas/fim}}\u00b6\u00b6[[Categoria:Adjetivo (Mirand\u00eas)]]\u00b6[[Categoria:Substantivo (Mirand\u00eas)]]\u00b6[[Categoria:Gent\u00edlico (Mirand\u00eas)]]\u00b6[[Categoria:L\u00edngua (Mirand\u00eas)]]",
    "lemma": "franc\u00e9s",
    "reference": "https://pt.wiktionary.org/wiki/franc\u00e9s#mwl",
    "forms": [],
    "pos": "Q8",
    "hyphen": "fran|c\u00e9s",
    "senses": [
      "# [[franc\u00eas]], relativo a [[Fran\u00e7a]]"
    ]
  }
}