{
  "URI": "https://lhenguabase.wikibase.cloud/entity/L1289",
  "entry": {
    "wikitext": "={{-mwl-}}=\u00b6==Substantivo==\u00b6{{flex.mwl|fs=freguesie|fp=freguesies}}\u00b6{{ox\u00edtona|fre|gue|sie|l\u00edngua=mwl}}, {{f}}\u00b6# {{escopo|mwl|Pol\u00edtica}} [[freguesia]]\u00b6# freguesia, [[clientela]]\u00b6\u00b6===Formas alternativas===\u00b6* {{link idioma|fraguesie|mwl}}\u00b6* {{link idioma|fraguesia|mwl}}\u00b6\u00b6[[Categoria:Substantivo (Mirand\u00eas)]]",
    "lemma": "freguesie",
    "reference": "https://pt.wiktionary.org/wiki/freguesie#mwl",
    "forms": [
      {
        "form": "freguesie",
        "gram": [
          "Q12",
          "Q15"
        ]
      },
      {
        "form": "freguesies",
        "gram": [
          "Q13",
          "Q15"
        ]
      }
    ],
    "pos": "Q6",
    "hyphen": "fre|gue|sie",
    "gender": "Q15",
    "senses": [
      "# {{escopo|mwl|Pol\u00edtica}} [[freguesia]]"
    ]
  }
}