{
  "URI": "https://lhenguabase.wikibase.cloud/entity/L875",
  "entry": {
    "wikitext": "={{-mwl-}}=\u00b6==Adjetivo==\u00b6{{flex.mwl|ms=friu|mp=frius|fs=frie|fp=fries}}\u00b6'''friu''', {{m}}\u00b6# [[frio]]\u00b6\u00b6==Substantivo==\u00b6'''friu''', {{m}}\u00b6# [[frio]]\u00b6\u00b6[[Categoria:Adjetivo (Mirand\u00eas)]]\u00b6[[Categoria:Substantivo (Mirand\u00eas)]]",
    "lemma": "friu",
    "reference": "https://pt.wiktionary.org/wiki/friu#mwl",
    "forms": [],
    "pos": "Q6",
    "gender": "Q14",
    "senses": [
      "# [[frio]]"
    ]
  }
}