{
  "URI": "https://lhenguabase.wikibase.cloud/entity/L282",
  "entry": {
    "wikitext": "={{-mwl-}}=\u00b6==Substantivo==\u00b6{{flex.pt|fs=fruita|fp=fruitas}}\u00b6{{parox\u00edtona|frui|ta|id=mwl}}, {{f}}\u00b6# {{escopo|mwl|Bot\u00e2nica}} [[fruta]]\u00b6\u00b6=={{etimologia|mwl}}==\u00b6: Do [[latim]] ''fructa'', plural coletivo de {{etimo|la|fructum}}.\u00b6\u00b6[[Categoria:Substantivo (Mirand\u00eas)]]",
    "lemma": "fruita",
    "reference": "https://pt.wiktionary.org/wiki/fruita#mwl",
    "forms": [],
    "pos": "Q6",
    "hyphen": "frui|ta",
    "gender": "Q15",
    "senses": [
      "# {{escopo|mwl|Bot\u00e2nica}} [[fruta]]"
    ]
  }
}