{
  "URI": "https://lhenguabase.wikibase.cloud/entity/L889",
  "entry": {
    "wikitext": "={{-mwl-}}=\u00b6==Substantivo==\u00b6{{flex.mwl|fs=fumarada|fp=fumaradas}}\u00b6{{parox\u00edtona|fu|ma|ra|da|l\u00edngua=mwl}}, {{f}}\u00b6# [[fumarada#Portugu\u00eas|fumarada]]\u00b6\u00b6[[Categoria:Substantivo (Mirand\u00eas)]]\u00b6[[Categoria:Entrada com imagem (Mirand\u00eas)]]",
    "lemma": "fumarada",
    "reference": "https://pt.wiktionary.org/wiki/fumarada#mwl",
    "forms": [
      {
        "form": "fumarada",
        "gram": [
          "Q12",
          "Q15"
        ]
      },
      {
        "form": "fumaradas",
        "gram": [
          "Q13",
          "Q15"
        ]
      }
    ],
    "pos": "Q6",
    "hyphen": "fu|ma|ra|da",
    "gender": "Q15",
    "senses": [
      "# [[fumarada"
    ]
  }
}