{
  "URI": "https://lhenguabase.wikibase.cloud/entity/L297",
  "entry": {
    "wikitext": "={{-mwl-}}=\u00b6==Substantivo==\u00b6{{flex.mwl|ms=fundamentalismo|mp=fundamentalismos}}\u00b6{{parox\u00edtona|fun|da|men|ta|lis|mo|l\u00edngua=mwl}}, {{m}}\u00b6# [[fundamentalismo#Portugu\u00eas|fundamentalismo]]\u00b6\u00b6[[Categoria:Substantivo (Mirand\u00eas)]]",
    "lemma": "fundamentalismo",
    "reference": "https://pt.wiktionary.org/wiki/fundamentalismo#mwl",
    "forms": [
      {
        "form": "fundamentalismo",
        "gram": [
          "Q12",
          "Q14"
        ]
      },
      {
        "form": "fundamentalismos",
        "gram": [
          "Q13",
          "Q14"
        ]
      }
    ],
    "pos": "Q6",
    "hyphen": "fun|da|men|ta|lis|mo",
    "gender": "Q14",
    "senses": [
      "# [[fundamentalismo"
    ]
  }
}