{
  "URI": "https://lhenguabase.wikibase.cloud/entity/L98",
  "entry": {
    "wikitext": "={{-mwl-}}=\u00b6==Substantivo==\u00b6{{flex.mwl|ms=fuogo|mp=fuogos}}\u00b6{{parox\u00edtona|fuo|go|l\u00edngua=mwl}}, {{m}}\u00b6# [[fogo]]\u00b6# [[inc\u00eandio]]\u00b6\u00b6[[Categoria:Substantivo (Mirand\u00eas)]]\u00b6[[Categoria:Entrada com imagem (Mirand\u00eas)]]",
    "lemma": "fuogo",
    "reference": "https://pt.wiktionary.org/wiki/fuogo#mwl",
    "forms": [
      {
        "form": "fuogo",
        "gram": [
          "Q12",
          "Q14"
        ]
      },
      {
        "form": "fuogos",
        "gram": [
          "Q13",
          "Q14"
        ]
      }
    ],
    "pos": "Q6",
    "hyphen": "fuo|go",
    "gender": "Q14",
    "senses": [
      "# [[fogo]]"
    ]
  }
}