{
  "URI": "https://lhenguabase.wikibase.cloud/entity/L100",
  "entry": {
    "wikitext": "={{-mwl-}}=\u00b6==Substantivo==\u00b6{{flex.mwl|ms=furacon|mp=furacones}}\u00b6{{ox\u00edtona|fu|ra|con|l\u00edngua=mwl}}, {{m}}\u00b6# {{escopo|mwl|Meteorologia}} [[furac\u00e3o]]\u00b6\u00b6[[Categoria:Substantivo (Mirand\u00eas)]]",
    "lemma": "furacon",
    "reference": "https://pt.wiktionary.org/wiki/furacon#mwl",
    "forms": [
      {
        "form": "furacon",
        "gram": [
          "Q12",
          "Q14"
        ]
      },
      {
        "form": "furacones",
        "gram": [
          "Q13",
          "Q14"
        ]
      }
    ],
    "pos": "Q6",
    "hyphen": "fu|ra|con",
    "gender": "Q14",
    "senses": [
      "# {{escopo|mwl|Meteorologia}} [[furac\u00e3o]]"
    ]
  }
}