{
  "URI": "https://lhenguabase.wikibase.cloud/entity/L435",
  "entry": {
    "wikitext": "={{-mwl-}}=\u00b6[[Imagem:Levures_s%C3%A8ches_actives.jpg|thumb|150px|fermento desidratado]]\u00b6\u00b6==Substantivo==\u00b6{{flex.mwl|ms=furmiento|mp=furmientos}}\u00b6{{parox\u00edtona|fur|mien|to|l\u00edngua=mwl}}, {{m}}\u00b6# {{escopo|mwl|Fungo|Alimenta\u00e7\u00e3o}} [[fermento]]\u00b6\u00b6[[Categoria:Substantivo (Mirand\u00eas)]]\u00b6[[Categoria:Entrada com imagem (Mirand\u00eas)]]",
    "lemma": "furmiento",
    "reference": "https://pt.wiktionary.org/wiki/furmiento#mwl",
    "forms": [
      {
        "form": "furmiento",
        "gram": [
          "Q12",
          "Q14"
        ]
      },
      {
        "form": "furmientos",
        "gram": [
          "Q13",
          "Q14"
        ]
      }
    ],
    "pos": "Q6",
    "hyphen": "fur|mien|to",
    "gender": "Q14",
    "senses": [
      "# {{escopo|mwl|Fungo|Alimenta\u00e7\u00e3o}} [[fermento]]"
    ]
  }
}