{
  "URI": "https://lhenguabase.wikibase.cloud/entity/L156",
  "entry": {
    "wikitext": "={{-mwl-}}=\u00b6==Substantivo==\u00b6{{flex.mwl|ms=gabilan|mp=gabilanes}}\u00b6{{ox\u00edtona|ga|bi|lan|l\u00edngua=mwl}}, {{m}}\u00b6# {{escopo|mwl|Ave}} [[gavi\u00e3o]]\u00b6# {{escopo|mwl|Ave}} [[falc\u00e3o]]\u00b6\u00b6==Ver tamb\u00e9m==\u00b6===No Wikcion\u00e1rio===\u00b6{{verTamb\u00e9m.Ini}}\u00b6* [[gabilan de las palombas]]\u00b6{{verTamb\u00e9m.Fim}}\u00b6\u00b6[[Categoria:Substantivo (Mirand\u00eas)]]\u00b6[[Categoria:Animal (Mirand\u00eas)]]\u00b6[[Categoria:Entrada com imagem (Mirand\u00eas)]]",
    "lemma": "gabilan",
    "reference": "https://pt.wiktionary.org/wiki/gabilan#mwl",
    "forms": [
      {
        "form": "gabilan",
        "gram": [
          "Q12",
          "Q14"
        ]
      },
      {
        "form": "gabilanes",
        "gram": [
          "Q13",
          "Q14"
        ]
      }
    ],
    "pos": "Q6",
    "hyphen": "ga|bi|lan",
    "gender": "Q14",
    "senses": [
      "# {{escopo|mwl|Ave}} [[gavi\u00e3o]]"
    ]
  }
}