{
  "URI": "https://lhenguabase.wikibase.cloud/entity/L948",
  "entry": {
    "wikitext": "={{-mwl-}}=\u00b6==Substantivo==\u00b6{{flex.mwl|fp=gametas}}\u00b6{{parox\u00edtona|ga|me|tas|l\u00edngua=mwl}}, {{fp}}\u00b6# {{escopo|mwl|Planta}} [[lentilha]]s (''[[species:Lens culinaris|Lens culinaris]]'')\u00b6\u00b6===Sin\u00f3nimo===\u00b6* [[nantilhas]] (pouco usual)\u00b6\u00b6[[Categoria:Substantivo (Mirand\u00eas)]]\u00b6[[Categoria:Bot\u00e2nica (Mirand\u00eas)]]\u00b6[[Categoria:Entrada com imagem (Mirand\u00eas)]]",
    "lemma": "gametas",
    "reference": "https://pt.wiktionary.org/wiki/gametas#mwl",
    "forms": [
      {
        "form": "gametas",
        "gram": [
          "Q13",
          "Q15"
        ]
      }
    ],
    "pos": "Q6",
    "hyphen": "ga|me|tas",
    "senses": [
      "# {{escopo|mwl|Planta}} [[lentilha]]s (''[[species:Lens culinaris|Lens culinaris]]'')"
    ]
  }
}