{
  "URI": "https://lhenguabase.wikibase.cloud/entity/L335",
  "entry": {
    "wikitext": "={{-mwl-}}=\u00b6==Substantivo==\u00b6{{flex.mwl|fs=garrocheira|fp=garrocheiras}}\u00b6{{parox\u00edtona|gar|ro|chei|ra|l\u00edngua=mwl}}, {{f}}\u00b6# {{escopo|mwl|Planta}} [[roseira-brava]] (''[[species:Rosa canina|Rosa canina]]'')\u00b6\u00b6===Sin\u00f3nimo===\u00b6* [[garbanceira]]\u00b6\u00b6[[Categoria:Substantivo (Mirand\u00eas)]]\u00b6[[Categoria:Bot\u00e2nica (Mirand\u00eas)]]\u00b6[[Categoria:Entrada com imagem (Mirand\u00eas)]]",
    "lemma": "garrocheira",
    "reference": "https://pt.wiktionary.org/wiki/garrocheira#mwl",
    "forms": [
      {
        "form": "garrocheira",
        "gram": [
          "Q12",
          "Q15"
        ]
      },
      {
        "form": "garrocheiras",
        "gram": [
          "Q13",
          "Q15"
        ]
      }
    ],
    "pos": "Q6",
    "hyphen": "gar|ro|chei|ra",
    "gender": "Q15",
    "senses": [
      "# {{escopo|mwl|Planta}} [[roseira-brava]] (''[[species:Rosa canina|Rosa canina]]'')"
    ]
  }
}