{
  "URI": "https://lhenguabase.wikibase.cloud/entity/L715",
  "entry": {
    "wikitext": "={{-mwl-}}=\u00b6==Substantivo==\u00b6'''gato brabo''', {{m}}\u00b6# {{escopo|mwl|Mam\u00edfero}} [[gato-bravo]] (''[[species:Felis silvestris|Felis silvestris]]'')\u00b6\u00b6===Sin\u00f3nimos===\u00b6* [[gato munt\u00e9s]]\u00b6\u00b6[[Categoria:Substantivo (Mirand\u00eas)]]\u00b6[[Categoria:Animal (Mirand\u00eas)]]\u00b6[[Categoria:Entrada com imagem (Mirand\u00eas)]]",
    "lemma": "gato brabo",
    "reference": "https://pt.wiktionary.org/wiki/gato_brabo#mwl",
    "forms": [],
    "pos": "Q6",
    "gender": "Q14",
    "senses": [
      "# {{escopo|mwl|Mam\u00edfero}} [[gato-bravo]] (''[[species:Felis silvestris|Felis silvestris]]'')"
    ]
  }
}