{
  "URI": "https://lhenguabase.wikibase.cloud/entity/L1429",
  "entry": {
    "wikitext": "={{-mwl-}}=\u00b6==Substantivo==\u00b6{{flex.mwl|fs=giente|fp=gientes}}\u00b6{{parox\u00edtona|gien|te|l\u00edngua=mwl}}, {{f}}\u00b6# [[gente]]\u00b6\u00b6[[Categoria:Substantivo (Mirand\u00eas)]]",
    "lemma": "giente",
    "reference": "https://pt.wiktionary.org/wiki/giente#mwl",
    "forms": [
      {
        "form": "giente",
        "gram": [
          "Q12",
          "Q15"
        ]
      },
      {
        "form": "gientes",
        "gram": [
          "Q13",
          "Q15"
        ]
      }
    ],
    "pos": "Q6",
    "hyphen": "gien|te",
    "gender": "Q15",
    "senses": [
      "# [[gente]]"
    ]
  }
}