{
  "URI": "https://lhenguabase.wikibase.cloud/entity/L642",
  "entry": {
    "wikitext": "={{-mwl-}}=\u00b6==Substantivo==\u00b6{{flex.mwl|fs=ginjeira|fp=ginjeiras}}\u00b6{{parox\u00edtona|gin|jei|ra|l\u00edngua=mwl}}, {{g|f|l\u00edngua=mwl}}\u00b6# {{escopo|mwl|\u00c1rvore}} [[ginjeira#Portugu\u00eas|ginjeira]] (''[[species:Prunus cerasus|Prunus cerasus]]'')\u00b6\u00b6==Ver tamb\u00e9m==\u00b6===No Wikcion\u00e1rio===\u00b6{{verTamb\u00e9m.Ini}}\u00b6* [[ginja#Mirand\u00eas|ginja]]\u00b6{{verTamb\u00e9m.NovaColuna}}\u00b6* [[ginjada]]\u00b6{{verTamb\u00e9m.NovaColuna}}\u00b6* [[ginjal#Mirand\u00eas|ginjal]]\u00b6{{verTamb\u00e9m.Fim}}\u00b6\u00b6[[Categoria:Substantivo (Mirand\u00eas)]]\u00b6[[Categoria:Bot\u00e2nica (Mirand\u00eas)]]\u00b6[[Categoria:Entrada com imagem (Mirand\u00eas)]]",
    "lemma": "ginjeira",
    "reference": "https://pt.wiktionary.org/wiki/ginjeira#mwl",
    "forms": [
      {
        "form": "ginjeira",
        "gram": [
          "Q12",
          "Q15"
        ]
      },
      {
        "form": "ginjeiras",
        "gram": [
          "Q13",
          "Q15"
        ]
      }
    ],
    "pos": "Q6",
    "hyphen": "gin|jei|ra",
    "senses": [
      "# {{escopo|mwl|\u00c1rvore}} [[ginjeira"
    ]
  }
}