{
  "URI": "https://lhenguabase.wikibase.cloud/entity/L16",
  "entry": {
    "wikitext": "={{-mwl-}}=\u00b6==Substantivo==\u00b6{{flex.mwl|fs=gralha|fp=gralhas}}\u00b6{{parox\u00edtona|gra|lha|l\u00edngua=mwl}}, {{f}}\u00b6# {{escopo|mwl|Ave}} [[gralha#Mirand\u00eas|gralha]] (''[[species:Corvus corone|Corvus corone]]'')\u00b6\u00b6[[Categoria:Substantivo (Mirand\u00eas)]]\u00b6[[Categoria:Animal (Mirand\u00eas)]]\u00b6[[Categoria:Entrada com imagem (Mirand\u00eas)]]",
    "lemma": "gralha",
    "reference": "https://pt.wiktionary.org/wiki/gralha#mwl",
    "forms": [
      {
        "form": "gralha",
        "gram": [
          "Q12",
          "Q15"
        ]
      },
      {
        "form": "gralhas",
        "gram": [
          "Q13",
          "Q15"
        ]
      }
    ],
    "pos": "Q6",
    "hyphen": "gra|lha",
    "gender": "Q15",
    "senses": [
      "# {{escopo|mwl|Ave}} [[gralha"
    ]
  }
}