{
  "URI": "https://lhenguabase.wikibase.cloud/entity/L847",
  "entry": {
    "wikitext": "={{-mwl-}}=\u00b6==Substantivo==\u00b6{{flex.mwl|ms=grilo|mp=grilhos}}\u00b6{{parox\u00edtona|gri|lo|l\u00edngua=mwl}}, {{gram\u00e1tica|m}}\u00b6# {{escopo|mwl|Inseto}} [[grilo#Portugu\u00eas|grilo]] (''[[species:Gryllus campestris|Gryllus campestris]]'')\u00b6\u00b6===Formas alternativas===\u00b6* {{link idioma|grilho|mwl}}\u00b6\u00b6[[Categoria:Substantivo (Mirand\u00eas)]]\u00b6[[Categoria:Animal (Mirand\u00eas)]]\u00b6[[Categoria:Entrada com imagem (Mirand\u00eas)]]",
    "lemma": "grilo",
    "reference": "https://pt.wiktionary.org/wiki/grilo#mwl",
    "forms": [
      {
        "form": "grilo",
        "gram": [
          "Q12",
          "Q14"
        ]
      },
      {
        "form": "grilhos",
        "gram": [
          "Q13",
          "Q14"
        ]
      }
    ],
    "pos": "Q6",
    "hyphen": "gri|lo",
    "senses": [
      "# {{escopo|mwl|Inseto}} [[grilo"
    ]
  }
}