{
  "URI": "https://lhenguabase.wikibase.cloud/entity/L72",
  "entry": {
    "wikitext": "={{-mwl-}}=\u00b6==Adjetivo==\u00b6{{flex.mwl|ms=guapo|mp=guapos|fs=guapa|fp=guapas}}\u00b6{{parox\u00edtona|gua|po|l\u00edngua=mwl}}, {{m}}\u00b6# [[lindo]], [[bonito]]\u00b6# [[elegante]]\u00b6# com bom [[aspecto]]\u00b6\u00b6[[Categoria:Adjetivo (Mirand\u00eas)]]",
    "lemma": "guapo",
    "reference": "https://pt.wiktionary.org/wiki/guapo#mwl",
    "forms": [
      {
        "form": "guapo",
        "gram": [
          "Q12",
          "Q14"
        ]
      },
      {
        "form": "guapos",
        "gram": [
          "Q13",
          "Q14"
        ]
      },
      {
        "form": "guapa",
        "gram": [
          "Q12",
          "Q15"
        ]
      },
      {
        "form": "guapas",
        "gram": [
          "Q13",
          "Q15"
        ]
      }
    ],
    "pos": "Q8",
    "hyphen": "gua|po",
    "gender": "Q14",
    "senses": [
      "# [[lindo]], [[bonito]]\u00b6",
      "# [[elegante]]\u00b6",
      "# com bom [[aspecto]]\u00b6\u00b6[[Categoria:Adjetivo (Mirand\u00eas)]]"
    ]
  }
}