{
  "URI": "https://lhenguabase.wikibase.cloud/entity/L1559",
  "entry": {
    "wikitext": "={{-mwl-}}=\u00b6==Substantivo==\u00b6{{flex.mwl|fs=gueiuola|fp=gueiuolas}}\u00b6{{parox\u00edtona|guei|uo|la|l\u00edngua=mwl}}, {{f}}\u00b6# {{escopo|mwl|Objeto}} [[gaiola]]\u00b6\u00b6===Formas alternativas===\u00b6* {{link idioma|gueiola|mwl}}\u00b6* {{link idioma|gaiola|mwl}}\u00b6\u00b6[[Categoria:Substantivo (Mirand\u00eas)]]\u00b6[[Categoria:Entrada com imagem (Mirand\u00eas)]]",
    "lemma": "gueiuola",
    "reference": "https://pt.wiktionary.org/wiki/gueiuola#mwl",
    "forms": [
      {
        "form": "gueiuola",
        "gram": [
          "Q12",
          "Q15"
        ]
      },
      {
        "form": "gueiuolas",
        "gram": [
          "Q13",
          "Q15"
        ]
      }
    ],
    "pos": "Q6",
    "hyphen": "guei|uo|la",
    "gender": "Q15",
    "senses": [
      "# {{escopo|mwl|Objeto}} [[gaiola]]"
    ]
  }
}