{
  "URI": "https://lhenguabase.wikibase.cloud/entity/L993",
  "entry": {
    "wikitext": "={{-mwl-}}=\u00b6==Substantivo==\u00b6{{flex.mwl|ms=guilro|mp=guilros}}\u00b6{{parox\u00edtona|guil|ro|l\u00edngua=mwl}}, {{m}}\u00b6# {{escopo|mwl|Ave}} [[andorinh\u00e3o-real]] (''[[species:Tachymarptis melba|Tachymarptis melba]]'')\u00b6\u00b6[[Categoria:Substantivo (Mirand\u00eas)]]\u00b6[[Categoria:Animal (Mirand\u00eas)]]\u00b6[[Categoria:Entrada com imagem (Mirand\u00eas)]]",
    "lemma": "guilro",
    "reference": "https://pt.wiktionary.org/wiki/guilro#mwl",
    "forms": [
      {
        "form": "guilro",
        "gram": [
          "Q12",
          "Q14"
        ]
      },
      {
        "form": "guilros",
        "gram": [
          "Q13",
          "Q14"
        ]
      }
    ],
    "pos": "Q6",
    "hyphen": "guil|ro",
    "gender": "Q14",
    "senses": [
      "# {{escopo|mwl|Ave}} [[andorinh\u00e3o-real]] (''[[species:Tachymarptis melba|Tachymarptis melba]]'')"
    ]
  }
}