{
  "URI": "https://lhenguabase.wikibase.cloud/entity/L429",
  "entry": {
    "wikitext": "={{-mwl-}}=\u00b6==Substantivo==\u00b6{{flex.mwl|fs=guitarra|fp=guitarras}}\u00b6{{parox\u00edtona|gui|tar|ra|l\u00edngua=mwl}}, {{f}}\u00b6# {{escopo|mwl|Objeto|Instrumento musical}} [[guitarra#{{pt}}|guitarra]]\u00b6\u00b6[[Categoria:Substantivo (Mirand\u00eas)]]\u00b6[[Categoria:Entrada com imagem (Mirand\u00eas)]]",
    "lemma": "guitarra",
    "reference": "https://pt.wiktionary.org/wiki/guitarra#mwl",
    "forms": [
      {
        "form": "guitarra",
        "gram": [
          "Q12",
          "Q15"
        ]
      },
      {
        "form": "guitarras",
        "gram": [
          "Q13",
          "Q15"
        ]
      }
    ],
    "pos": "Q6",
    "hyphen": "gui|tar|ra",
    "gender": "Q15",
    "senses": [
      "# {{escopo|mwl|Objeto|Instrumento musical}} [[guitarra"
    ]
  }
}