{
  "URI": "https://lhenguabase.wikibase.cloud/entity/L21",
  "entry": {
    "wikitext": "={{-mwl-}}=\u00b6==Adjetivo==\u00b6{{flex.mwl|ms=gustoso|mp=gustosos|fs=gustosa|fp=gustosas}}\u00b6{{parox\u00edtona|gus|to|so|l\u00edngua=mwl}}, {{m}}\u00b6# [[gostoso]], [[saboroso]]\u00b6\u00b6===Formas alternativas===\u00b6* {{link idioma|saberoso|mwl}}\u00b6\u00b6[[Categoria:Adjetivo (Mirand\u00eas)]]",
    "lemma": "gustoso",
    "reference": "https://pt.wiktionary.org/wiki/gustoso#mwl",
    "forms": [
      {
        "form": "gustoso",
        "gram": [
          "Q12",
          "Q14"
        ]
      },
      {
        "form": "gustosos",
        "gram": [
          "Q13",
          "Q14"
        ]
      },
      {
        "form": "gustosa",
        "gram": [
          "Q12",
          "Q15"
        ]
      },
      {
        "form": "gustosas",
        "gram": [
          "Q13",
          "Q15"
        ]
      }
    ],
    "pos": "Q8",
    "hyphen": "gus|to|so",
    "gender": "Q14",
    "senses": [
      "# [[gostoso]], [[saboroso]]\u00b6\u00b6"
    ]
  }
}