{
  "URI": "https://lhenguabase.wikibase.cloud/entity/L1145",
  "entry": {
    "wikitext": "={{-mwl-}}=\u00b6==Substantivo==\u00b6{{flex.mwl|ms=Habacuque|mp=Habacuques}}\u00b6{{parox\u00edtona|Ha|ba|cu|que|id=mwl}}, {{gram\u00e1tica|pr|m|id=mwl}}\u00b6# {{escopo|mwl|Cristianismo}} [[Habacuque#{{pt}}|Habacuque]], trig\u00e9simo quinto livro da [[B\u00edblia]], composto de apenas tr\u00eas cap\u00edtulos\u00b6# {{escopo|mwl|Cristianismo}} [[Habacuque#{{pt}}|Habacuque]], nome do profeta de Deus\u00b6# {{escopo|mwl|Antrop\u00f4nimo}} [[Habacuque#{{pt}}|Habacuque]]\u00b6\u00b6==Ver tamb\u00e9m==\u00b6===No Wikcion\u00e1rio===\u00b6{{b\u00edblia/mwl}}\u00b6\u00b6[[Categoria:Substantivo (Mirand\u00eas)]]",
    "lemma": "Habacuque",
    "reference": "https://pt.wiktionary.org/wiki/Habacuque#mwl",
    "forms": [
      {
        "form": "Habacuque",
        "gram": [
          "Q12",
          "Q14"
        ]
      },
      {
        "form": "Habacuques",
        "gram": [
          "Q13",
          "Q14"
        ]
      }
    ],
    "pos": "Q6",
    "hyphen": "Ha|ba|cu|que",
    "senses": [
      "# {{escopo|mwl|Cristianismo}} [[Habacuque"
    ]
  }
}