{
  "URI": "https://lhenguabase.wikibase.cloud/entity/L492",
  "entry": {
    "wikitext": "={{-mwl-}}=\u00b6==Substantivo==\u00b6{{flex.mwl|ms=heir\u00f3ico|mp=heir\u00f3icos|fs=heir\u00f3ica|fp=heir\u00f3icas}}\u00b6{{parox\u00edtona|hei|r\u00f3i|co|l\u00edngua=mwl}}, {{m}}\u00b6# [[her\u00f3ico]]\u00b6\u00b6===Formas alternativas===\u00b6* {{link idioma|har\u00f3ico|mwl}}\u00b6\u00b6[[Categoria:Substantivo (Mirand\u00eas)]]",
    "lemma": "heir\u00f3ico",
    "reference": "https://pt.wiktionary.org/wiki/heir\u00f3ico#mwl",
    "forms": [
      {
        "form": "heir\u00f3ico",
        "gram": [
          "Q12",
          "Q14"
        ]
      },
      {
        "form": "heir\u00f3icos",
        "gram": [
          "Q13",
          "Q14"
        ]
      },
      {
        "form": "heir\u00f3ica",
        "gram": [
          "Q12",
          "Q15"
        ]
      },
      {
        "form": "heir\u00f3icas",
        "gram": [
          "Q13",
          "Q15"
        ]
      }
    ],
    "pos": "Q6",
    "hyphen": "hei|r\u00f3i|co",
    "gender": "Q14",
    "senses": [
      "# [[her\u00f3ico]]"
    ]
  }
}