{
  "URI": "https://lhenguabase.wikibase.cloud/entity/L536",
  "entry": {
    "wikitext": "={{-mwl-}}=\u00b6==Substantivo==\u00b6{{parox\u00edtona|hin|du|\u00eds|mo|l\u00edngua=mwl}}, {{gram\u00e1tica|m}}\u00b6# {{escopo|mwl|Filosofia|Religi\u00e3o}} [[hindu\u00edsmo#Portugu\u00eas|hindu\u00edsmo]]\u00b6\u00b6[[Categoria:Substantivo (Mirand\u00eas)]]",
    "lemma": "hindu\u00edsmo",
    "reference": "https://pt.wiktionary.org/wiki/hindu\u00edsmo#mwl",
    "forms": [],
    "pos": "Q6",
    "hyphen": "hin|du|\u00eds|mo",
    "senses": [
      "# {{escopo|mwl|Filosofia|Religi\u00e3o}} [[hindu\u00edsmo"
    ]
  }
}