{
  "URI": "https://lhenguabase.wikibase.cloud/entity/L7",
  "entry": {
    "wikitext": "={{-mwl-}}=\u00b6==Substantivo==\u00b6{{flex.mwl|ms=home|mp=homes}}\u00b6{{parox\u00edtona|ho|me|l\u00edngua=mwl}}\u00b6# [[homem]]\u00b6# [[marido]]\u00b6# [[ser humano]], [[pessoa]]\u00b6\u00b6==Sin\u00f3nimos==\u00b6* de '''2''': [[tiu]]\u00b6* de '''3''': [[ser houmano]]\u00b6\u00b6==Ant\u00f3nimo==\u00b6* [[mulhier#Mirand\u00eas|mulhier]]\u00b6\u00b6{{Predefini\u00e7\u00e3o:fam\u00edlia/mwl}}\u00b6\u00b6[[Categoria:Substantivo (Mirand\u00eas)]]\u00b6[[Categoria:Fam\u00edlia (Mirand\u00eas)]]",
    "lemma": "home",
    "reference": "https://pt.wiktionary.org/wiki/home#mwl",
    "forms": [
      {
        "form": "home",
        "gram": [
          "Q12",
          "Q14"
        ]
      },
      {
        "form": "homes",
        "gram": [
          "Q13",
          "Q14"
        ]
      }
    ],
    "pos": "Q6",
    "hyphen": "ho|me",
    "senses": [
      "# [[homem]]\u00b6",
      "# [[marido]]\u00b6",
      "# [[ser humano]], [[pessoa]]\u00b6\u00b6"
    ]
  }
}