{
  "URI": "https://lhenguabase.wikibase.cloud/entity/L970",
  "entry": {
    "wikitext": "={{-mwl-}}=\u00b6==Substantivo==\u00b6{{parox\u00edtona|hou|me|ni|da|de|l\u00edngua=mwl}}, {{f}}\u00b6# [[humanidade]]\u00b6\u00b6==Forma Alternativa==\u00b6[[houmanidade]]\u00b6\u00b6==Ver tamb\u00e9m==\u00b6===No Wikcion\u00e1rio===\u00b6* [[houmano]]\u00b6* [[houmanit\u00e1rio]]\u00b6\u00b6[[Categoria:Substantivo (Mirand\u00eas)]]",
    "lemma": "houmenidade",
    "reference": "https://pt.wiktionary.org/wiki/houmenidade#mwl",
    "forms": [],
    "pos": "Q6",
    "hyphen": "hou|me|ni|da|de",
    "gender": "Q15",
    "senses": [
      "# [[humanidade]]"
    ]
  }
}