{
  "URI": "https://lhenguabase.wikibase.cloud/entity/L768",
  "entry": {
    "wikitext": "={{-mwl-}}=\u00b6==Substantivo==\u00b6{{parox\u00edtona|Hou|me|ro|l\u00edngua=mwl}}, {{m}} {{pr}}\u00b6# [[Homero]]\u00b6# [[poeta]] [[grego]] [[da]] [[antiguidade]] ([[s\u00e9culo]] VII [[a.C.]]), ao qual tradicionalmente se atribui a autoria dos poemas [[\u00e9pico]]s [[Il\u00edada]] e [[Odisseia]].\u00b6\u00b6=={{etimologia|mwl}}==\u00b6:Do [[latim]] {{etimo|la|Homerus}} que veio do [[grego antigo]] {{etimo|grc|\u1f4d\u03bc\u03b7\u03c1\u03bf\u03c2}} ''(\u00d3mi\u0331ros)''.\u00b6\u00b6[[Categoria:Substantivo (Mirand\u00eas)]]\u00b6[[Categoria:Antrop\u00f4nimo (Mirand\u00eas)]]\u00b6[[Categoria:Entrada de \u00e9timo latino (Mirand\u00eas)]]",
    "lemma": "Houmero",
    "reference": "https://pt.wiktionary.org/wiki/Houmero#mwl",
    "forms": [],
    "pos": "Q6",
    "hyphen": "Hou|me|ro",
    "gender": "Q14",
    "senses": [
      "# [[Homero]]"
    ]
  }
}