{
  "URI": "https://lhenguabase.wikibase.cloud/entity/L197",
  "entry": {
    "wikitext": "={{-mwl-}}=\u00b6==Substantivo==\u00b6{{flex.mwl|fs=jabeira|fp=jabeiras}}\u00b6{{parox\u00edtona|ja|bei|ra|l\u00edngua=mwl}}, {{f}}\u00b6# [[algibeira]], [[bolso]]\u00b6\u00b6===Formas alternativas===\u00b6* {{link idioma|jibeira|mwl}}\u00b6\u00b6===Sin\u00f3nimo===\u00b6* [[bolso#Mirand\u00eas|bolso]]\u00b6* [[algebeira#Mirand\u00eas|algebeira]]\u00b6\u00b6[[Categoria:Substantivo (Mirand\u00eas)]]\u00b6[[Categoria:Vestu\u00e1rio (Mirand\u00eas)]]\u00b6[[Categoria:Entrada com imagem (Mirand\u00eas)]]",
    "lemma": "jabeira",
    "reference": "https://pt.wiktionary.org/wiki/jabeira#mwl",
    "forms": [
      {
        "form": "jabeira",
        "gram": [
          "Q12",
          "Q15"
        ]
      },
      {
        "form": "jabeiras",
        "gram": [
          "Q13",
          "Q15"
        ]
      }
    ],
    "pos": "Q6",
    "hyphen": "ja|bei|ra",
    "gender": "Q15",
    "senses": [
      "# [[algibeira]], [[bolso]]"
    ]
  }
}