{
  "URI": "https://lhenguabase.wikibase.cloud/entity/L1169",
  "entry": {
    "wikitext": "={{-mwl-}}=\u00b6==Substantivo==\u00b6{{parox\u00edtona|Ja|nei|ro|l\u00edngua=mwl}}\u00b6# [[janeiro]]\u00b6\u00b6==Ver tamb\u00e9m==\u00b6===No Wikcion\u00e1rio===\u00b6{{meses/mwl}}\u00b6\u00b6[[Categoria:Substantivo (Mirand\u00eas)]]\u00b6[[Categoria:M\u00eas (Mirand\u00eas)]]",
    "lemma": "Janeiro",
    "reference": "https://pt.wiktionary.org/wiki/Janeiro#mwl",
    "forms": [],
    "pos": "Q6",
    "hyphen": "Ja|nei|ro",
    "senses": [
      "# [[janeiro]]"
    ]
  }
}