{
  "URI": "https://lhenguabase.wikibase.cloud/entity/L1545",
  "entry": {
    "wikitext": "={{-mwl-}}=\u00b6==Substantivo==\u00b6{{flex.mwl|ms=jantar|mp=jantares}}\u00b6{{ox\u00edtona|jan|tar|l\u00edngua=mwl}}\u00b6# [[jantar#Portugu\u00eas|jantar]]\u00b6\u00b6==Verbo==\u00b6{{ox\u00edtona|jan|tar|l\u00edngua=mwl}}\u00b6# [[jantar#Portugu\u00eas|jantar]]\u00b6\u00b6==Ver tamb\u00e9m==\u00b6===No Wikcion\u00e1rio===\u00b6{{verTamb\u00e9m.Ini}}\u00b6* [[almuor\u00e7o]]\u00b6{{verTamb\u00e9m.NovaColuna}}\u00b6* [[zayuno]]\u00b6{{verTamb\u00e9m.Fim}}\u00b6\u00b6[[Categoria: Verbo (Mirand\u00eas)]]",
    "lemma": "jantar",
    "reference": "https://pt.wiktionary.org/wiki/jantar#mwl",
    "forms": [
      {
        "form": "jantar",
        "gram": [
          "Q12",
          "Q14"
        ]
      },
      {
        "form": "jantares",
        "gram": [
          "Q13",
          "Q14"
        ]
      }
    ],
    "pos": "Q6",
    "hyphen": "jan|tar",
    "senses": [
      "# [[jantar"
    ]
  }
}