{
  "URI": "https://lhenguabase.wikibase.cloud/entity/L125",
  "entry": {
    "wikitext": "={{-mwl-}}=\u00b6==Substantivo==\u00b6{{parox\u00edtona|Je|re|mi|as|id=mwl}}, {{pr}} {{m}}\u00b6# {{escopo|mwl|Antrop\u00f4nimo}} [[Jeremias#{{pt}}|Jeremias]]\u00b6# {{escopo|mwl|Cristianismo}} [[Jeremias#{{pt}}|Jeremias]]\u00b6\u00b6=={{etimologia|mwl}}==\u00b6:{{etimo2|la|Ieremias|mwl|ponto=n\u00e3o}}, que veio do {{etm|grc|mwl}} {{etimo|grc|\u1f38\u03b5\u03c1\u03b5\u03bc\u03af\u03b1\u03c2}} (Ierem\u00edas), que por sua vez veio do {{etm|hbo|mwl}} {{etimo|hbo|\u05d9\u05e8\u05de\u05d9\u05d4}} (Yirmeyahu). Significa ''exalta\u00e7\u00e3o do Senhor''.\u00b6\u00b6==Ver tamb\u00e9m==\u00b6===No Wikcion\u00e1rio===\u00b6{{b\u00edblia/mwl}}\u00b6\u00b6[[Categoria:Substantivo (Mirand\u00eas)]]",
    "lemma": "Jeremias",
    "reference": "https://pt.wiktionary.org/wiki/Jeremias#mwl",
    "forms": [],
    "pos": "Q6",
    "hyphen": "Je|re|mi|as",
    "gender": "Q14",
    "senses": [
      "# {{escopo|mwl|Antrop\u00f4nimo}} [[Jeremias"
    ]
  }
}