{
  "URI": "https://lhenguabase.wikibase.cloud/entity/L1350",
  "entry": {
    "wikitext": "={{-mwl-}}=\u00b6==Substantivo==\u00b6{{flex.mwl|fs=jiqueta|fp=jiquetas}}\u00b6{{parox\u00edtona|ji|que|ta|l\u00edngua=mwl}}, {{f}}\u00b6# {{escopo|mwl|Vestu\u00e1rio}} [[casaco]]\u00b6\u00b6[[Categoria:Substantivo (Mirand\u00eas)]]",
    "lemma": "jiqueta",
    "reference": "https://pt.wiktionary.org/wiki/jiqueta#mwl",
    "forms": [
      {
        "form": "jiqueta",
        "gram": [
          "Q12",
          "Q15"
        ]
      },
      {
        "form": "jiquetas",
        "gram": [
          "Q13",
          "Q15"
        ]
      }
    ],
    "pos": "Q6",
    "hyphen": "ji|que|ta",
    "gender": "Q15",
    "senses": [
      "# {{escopo|mwl|Vestu\u00e1rio}} [[casaco]]"
    ]
  }
}