{
  "URI": "https://lhenguabase.wikibase.cloud/entity/L304",
  "entry": {
    "wikitext": "={{-mwl-}}=\u00b6==Substantivo==\u00b6{{parox\u00edtona|Jo|nas|id=mwl}}, {{gram\u00e1tica|pr|m|id=mwl}}\u00b6# {{escopo|mwl|Cristianismo}} [[Jonas#{{pt}}|Jonas]]\u00b6# {{escopo|mwl|Antrop\u00f4nimo}} [[Jonas#{{pt}}|Jonas]]\u00b6\u00b6==Ver tamb\u00e9m==\u00b6===No Wikcion\u00e1rio===\u00b6{{b\u00edblia/mwl}}\u00b6\u00b6[[Categoria:Substantivo (Mirand\u00eas)]]",
    "lemma": "Jonas",
    "reference": "https://pt.wiktionary.org/wiki/Jonas#mwl",
    "forms": [],
    "pos": "Q6",
    "hyphen": "Jo|nas",
    "senses": [
      "# {{escopo|mwl|Cristianismo}} [[Jonas"
    ]
  }
}