{
  "URI": "https://lhenguabase.wikibase.cloud/entity/L131",
  "entry": {
    "wikitext": "={{-mwl-}}=\u00b6==Substantivo==\u00b6{{flex.mwl|ms=jornal|mp=jornales}}\u00b6{{ox\u00edtona|jor|nal|l\u00edngua=mwl}}, {{m}}\u00b6# [[jornal#Portugu\u00eas|jornal]]\u00b6\u00b6[[Categoria:Substantivo (Mirand\u00eas)]]\u00b6[[Categoria:Objeto (Mirand\u00eas)]]",
    "lemma": "jornal",
    "reference": "https://pt.wiktionary.org/wiki/jornal#mwl",
    "forms": [
      {
        "form": "jornal",
        "gram": [
          "Q12",
          "Q14"
        ]
      },
      {
        "form": "jornales",
        "gram": [
          "Q13",
          "Q14"
        ]
      }
    ],
    "pos": "Q6",
    "hyphen": "jor|nal",
    "gender": "Q14",
    "senses": [
      "# [[jornal"
    ]
  }
}