{
  "URI": "https://lhenguabase.wikibase.cloud/entity/L434",
  "entry": {
    "wikitext": "={{-mwl-}}=\u00b6==Substantivo==\u00b6'''j\u00fanio''', {{gram\u00e1tica|m}}\u00b6#[[junho]]\u00b6\u00b6==Ver tamb\u00e9m==\u00b6===No Wikcion\u00e1rio===\u00b6{{meses/mwl}}\u00b6\u00b6[[Categoria:Substantivo (Mirand\u00eas)]]\u00b6[[Categoria:M\u00eas (Mirand\u00eas)]]",
    "lemma": "j\u00fanio",
    "reference": "https://pt.wiktionary.org/wiki/j\u00fanio#mwl",
    "forms": [],
    "pos": "Q6",
    "senses": []
  }
}