{
  "URI": "https://lhenguabase.wikibase.cloud/entity/L1223",
  "entry": {
    "wikitext": "={{-mwl-}}=\u00b6==Substantivo==\u00b6{{proparox\u00edtona|J\u00fa|pi|ter|l\u00edngua=mwl}}, {{gram\u00e1tica|m|pr}}\u00b6# {{escopo|mwl|corpo celeste}} [[J\u00fapiter#{{pt}}|J\u00fapiter]]\u00b6# {{escopo|mwl|mitologia}} [[J\u00fapiter#{{pt}}|J\u00fapiter]]\u00b6\u00b6==Ver tamb\u00e9m==\u00b6===No Wikcion\u00e1rio===\u00b6{{sistema solar/mwl}}\u00b6\u00b6[[Categoria:Substantivo (Mirand\u00eas)]]\u00b6[[Categoria:Entrada com imagem (Mirand\u00eas)]]",
    "lemma": "J\u00fapiter",
    "reference": "https://pt.wiktionary.org/wiki/J\u00fapiter#mwl",
    "forms": [],
    "pos": "Q6",
    "hyphen": "J\u00fa|pi|ter",
    "senses": [
      "# {{escopo|mwl|corpo celeste}} [[J\u00fapiter"
    ]
  }
}