{
  "URI": "https://lhenguabase.wikibase.cloud/entity/L1232",
  "entry": {
    "wikitext": "={{-mwl-}}=\u00b6==Substantivo==\u00b6{{flex.mwl|fs=lagartixa|fp=lagartixas}}\u00b6{{parox\u00edtona|la|gar|ti|xa|l\u00edngua=mwl}}, {{g|f}}\u00b6# {{escopo|mwl|R\u00e9ptil}} [[lagartixa#Portugu\u00eas|lagartixa]]\u00b6\u00b6[[Categoria:Substantivo (Mirand\u00eas)]]\u00b6[[Categoria:Animal (Mirand\u00eas)]]\u00b6[[Categoria:Entrada com imagem (Mirand\u00eas)]]",
    "lemma": "lagartixa",
    "reference": "https://pt.wiktionary.org/wiki/lagartixa#mwl",
    "forms": [
      {
        "form": "lagartixa",
        "gram": [
          "Q12",
          "Q15"
        ]
      },
      {
        "form": "lagartixas",
        "gram": [
          "Q13",
          "Q15"
        ]
      }
    ],
    "pos": "Q6",
    "hyphen": "la|gar|ti|xa",
    "senses": [
      "# {{escopo|mwl|R\u00e9ptil}} [[lagartixa"
    ]
  }
}