{
  "URI": "https://lhenguabase.wikibase.cloud/entity/L883",
  "entry": {
    "wikitext": "={{-mwl-}}=\u00b6==Substantivo==\u00b6{{flex.mwl|fs=laranja|fp=laranjas}}\u00b6{{parox\u00edtona|la|ran|ja|l\u00edngua=mwl}}, {{gram\u00e1tica|f}}, (''sendin\u00eas'')\u00b6# {{escopo|mwl|Fruta}} [[laranja#Portugu\u00eas|laranja]]\u00b6\u00b6==={{-varort-}}===\u00b6* [[lharanja]] ''(raiano)''\u00b6\u00b6=={{etimologia|mwl}}==\u00b6: Influ\u00eancia do [[portugu\u00eas]] {{etimo|pt|laranja}} que veio do [[\u00e1rabe]] {{etimo|ar|\u0646\u0627\u0631\u0646\u062c}} ''(narandja)'' e este do [[persa]] {{etimo|fa|\u0646\u0627\u0631\u0646\u06af}} ''(narang)'' que, por sua vez, veio do [[s\u00e2nscrito]] {{etimo|sa|\u0928\u093e\u0930\u0919\u094d\u0917}} ''(n\u0101ra\u1e45ga)''.\u00b6\u00b6[[Categoria:Substantivo (Mirand\u00eas)]]\u00b6[[Categoria:Bot\u00e2nica (Mirand\u00eas)]]\u00b6[[Categoria:Entrada com imagem (Mirand\u00eas)]]\u00b6[[Categoria:Sendin\u00eas (Mirand\u00eas)]]",
    "lemma": "laranja",
    "reference": "https://pt.wiktionary.org/wiki/laranja#mwl",
    "forms": [
      {
        "form": "laranja",
        "gram": [
          "Q12",
          "Q15"
        ]
      },
      {
        "form": "laranjas",
        "gram": [
          "Q13",
          "Q15"
        ]
      }
    ],
    "pos": "Q6",
    "hyphen": "la|ran|ja",
    "senses": [
      "# {{escopo|mwl|Fruta}} [[laranja"
    ]
  }
}