{
  "URI": "https://lhenguabase.wikibase.cloud/entity/L864",
  "entry": {
    "wikitext": "={{-mwl-}}=\u00b6==Adjetivo==\u00b6{{flex.mwl|s=lebe|p=lebes}}\u00b6{{parox\u00edtona|le|be|l\u00edngua=mwl}}, {{gram\u00e1tica|2g}}\u00b6# [[leve]]\u00b6\u00b6===Formas alternativas===\u00b6* {{link idioma|lhebe|mwl}}\u00b6\u00b6==Nota==\u00b6* Grafia utilizada na variedade do Mirand\u00eas Sendin\u00eas. \u00b6\u00b6[[Categoria:Adjetivo (Mirand\u00eas)]]\u00b6[[Categoria:Sendin\u00eas (Mirand\u00eas)]]",
    "lemma": "lebe",
    "reference": "https://pt.wiktionary.org/wiki/lebe#mwl",
    "forms": [
      {
        "form": "lebe",
        "gram": [
          "Q12"
        ]
      },
      {
        "form": "lebes",
        "gram": [
          "Q13"
        ]
      }
    ],
    "pos": "Q8",
    "hyphen": "le|be",
    "senses": [
      "# [[leve]]"
    ]
  }
}