{
  "URI": "https://lhenguabase.wikibase.cloud/entity/L1216",
  "entry": {
    "wikitext": "={{-mwl-}}=\u00b6==Substantivo==\u00b6{{flex.mwl|ms=lhado|mp=lhados}}\u00b6{{parox\u00edtona|lha|do|l\u00edngua=mwl}}, {{m}}\u00b6# [[lado]]\u00b6\u00b6[[Categoria:Substantivo (Mirand\u00eas)]]",
    "lemma": "lhado",
    "reference": "https://pt.wiktionary.org/wiki/lhado#mwl",
    "forms": [
      {
        "form": "lhado",
        "gram": [
          "Q12",
          "Q14"
        ]
      },
      {
        "form": "lhados",
        "gram": [
          "Q13",
          "Q14"
        ]
      }
    ],
    "pos": "Q6",
    "hyphen": "lha|do",
    "gender": "Q14",
    "senses": [
      "# [[lado]]"
    ]
  }
}