{
  "URI": "https://lhenguabase.wikibase.cloud/entity/L915",
  "entry": {
    "wikitext": "={{-mwl-}}=\u00b6==Substantivo==\u00b6{{flex.mwl|fs=lhambr\u00e1ncia|fp=lhambr\u00e1ncias}}\u00b6{{proparox\u00edtona|lham|br\u00e1n|ci|a|l\u00edngua=mwl}}, {{f}}\u00b6# [[lembran\u00e7a]]\u00b6# [[mem\u00f3ria]]\u00b6\u00b6===Formas alternativas===\u00b6* {{link idioma|lhembr\u00e1ncia|mwl}}\u00b6\u00b6[[Categoria:Substantivo (Mirand\u00eas)]]",
    "lemma": "lhambr\u00e1ncia",
    "reference": "https://pt.wiktionary.org/wiki/lhambr\u00e1ncia#mwl",
    "forms": [
      {
        "form": "lhambr\u00e1ncia",
        "gram": [
          "Q12",
          "Q15"
        ]
      },
      {
        "form": "lhambr\u00e1ncias",
        "gram": [
          "Q13",
          "Q15"
        ]
      }
    ],
    "pos": "Q6",
    "hyphen": "lham|br\u00e1n|ci|a",
    "gender": "Q15",
    "senses": [
      "# [[lembran\u00e7a]]"
    ]
  }
}