{
  "URI": "https://lhenguabase.wikibase.cloud/entity/L1107",
  "entry": {
    "wikitext": "={{-mwl-}}=\u00b6==Substantivo==\u00b6{{flex.mwl|ms=lheitor|mp=lheitores|fs=lheitora|fp=lheitoras}}\u00b6{{ox\u00edtona|lhei|tor|l\u00edngua=mwl}}, {{m}}\u00b6# [[leitor]]\u00b6\u00b6[[Categoria:Substantivo (Mirand\u00eas)]]",
    "lemma": "lheitor",
    "reference": "https://pt.wiktionary.org/wiki/lheitor#mwl",
    "forms": [
      {
        "form": "lheitor",
        "gram": [
          "Q12",
          "Q14"
        ]
      },
      {
        "form": "lheitores",
        "gram": [
          "Q13",
          "Q14"
        ]
      },
      {
        "form": "lheitora",
        "gram": [
          "Q12",
          "Q15"
        ]
      },
      {
        "form": "lheitoras",
        "gram": [
          "Q13",
          "Q15"
        ]
      }
    ],
    "pos": "Q6",
    "hyphen": "lhei|tor",
    "gender": "Q14",
    "senses": [
      "# [[leitor]]"
    ]
  }
}