{
  "URI": "https://lhenguabase.wikibase.cloud/entity/L462",
  "entry": {
    "wikitext": "={{-mwl-}}=\u00b6==Substantivo==\u00b6{{flex.mwl|fs=lhei|fp=lheis}}\u00b6{{ox\u00edtona|lhei|l\u00edngua=mwl}}, {{f}}\u00b6# {{escopo|mwl|Direito}} [[lei]]:\u00b6#: ''[[r\u00edgido#{{mwl}}|R\u00edgidas]] '''lheis''' [[de#{{mwl}}|de]] {{l.s.|censura|{{mwl}}}} [[tentar#{{mwl}}|tent\u00f3run]] [[scunder]] [[ls]] {{link preto|eibento|mwl}}s, [[banir#{{mwl}}|banindo]] [[la#{{mwl}}|la]] [[m\u00e9dia#{{mwl}}|m\u00e9dia]] [[i#{{mwl}}|i]] ls {{l.s.|jornal|{{mwl}}}}es.'' <small>([[r\u00edgido|R\u00edgidas]] [[lei]]s [[de]] {{l.s.|censura}} [[tentar]]am [[esconder]] [[os]] [[acontecimento]]s, [[banir|banindo]] [[a#Artigo|a]] [[m\u00eddia]] [[e#Conjun\u00e7\u00e3o|e]] [[os]] {{o/a|jorna|is|l}}.)</small>\u00b6# lei, [[norma]], [[regra]]:\u00b6#: ''I {{link preto|tamien|mwl}} [[se#{{mwl}}|se]] [[conhecer#{{mwl}}|conhecie]] la '''lhei''' [[matem\u00e1tico#{{mwl}}|matem\u00e1tica]] que {{l.o.|\u00e7crebir|\u00e7cribe}} ls {{link preto|mobimiento|mwl}}s {{link preto|ouniformemente}} {{link preto|acelarado|mwl}}s.'' <small>([[e#Conjun\u00e7\u00e3o|E]] [[tamb\u00e9m]] [[se#Pronome|se]] {{o/a|conhece||r}} a lei {{o/a|matem\u00e1tic}} que {{o/a|descreve||r}} os [[movimento]]s {{link preto|uniformemente}} [[acelerado]]s.)</small>\u00b6\u00b6===Fraseologia===\u00b6* '''{{link preto|lhei marcial}}''': [[lei marcial]]\u00b6* '''{{link preto|lhei ourg\u00e1nica}}''': {{link preto|lei org\u00e2nica}}\u00b6* '''{{link preto|porjeto de lhei}}''': {{link preto|projeto de lei}}\u00b6\u00b6===Termos derivados===\u00b6{{verTamb\u00e9m.Ini}}\u00b6* {{link preto|decreto-lhei}}\u00b6{{verTamb\u00e9m.Fim}}\u00b6\u00b6=={{etimologia|mwl}}==\u00b6:Do [[latim]] {{etimo|la|lex}}.\u00b6\u00b6===Cognatos===\u00b6{{tradini|Cognatos de ''lhei''}}\u00b6* {{trad|an|lei}}\u00b6* {{trad|ast|llei}}\u00b6* {{trad|ca|llei}}\u00b6* {{trad|es|ley}}\u00b6* {{trad|fr|loi}}\u00b6{{tradmeio}}\u00b6* {{trad|gl|lei}}\u00b6* {{trad|lne|llei}}\u00b6* {{trad|oc|lei}}\u00b6* {{trad|pt|lei}}\u00b6* {{trad|rm|lescha}}\u00b6{{tradfim}}\u00b6\u00b6==Ver tamb\u00e9m==\u00b6===No Wikcion\u00e1rio===\u00b6{{verTamb\u00e9m.Ini}}\u00b6* {{link preto|abogado}}\u00b6* [[crime#{{mwl}}|crime]]\u00b6{{verTamb\u00e9m.NovaColuna|50}}\u00b6* {{link preto|dreito}}\u00b6* {{link preto|lhegal}}\u00b6{{verTamb\u00e9m.Fim}}\u00b6\u00b6[[Categoria:Substantivo (Mirand\u00eas)]]\u00b6[[Categoria:Monoss\u00edlabo (Mirand\u00eas)]]\u00b6[[Categoria:Direito (Mirand\u00eas)]]\u00b6[[Categoria:Cognato (Mirand\u00eas)]]",
    "lemma": "lhei",
    "reference": "https://pt.wiktionary.org/wiki/lhei#mwl",
    "forms": [
      {
        "form": "lhei",
        "gram": [
          "Q12",
          "Q15"
        ]
      },
      {
        "form": "lheis",
        "gram": [
          "Q13",
          "Q15"
        ]
      }
    ],
    "pos": "Q6",
    "hyphen": "lhei",
    "gender": "Q15",
    "senses": [
      "# {{escopo|mwl|Direito}} [[lei]]:"
    ]
  }
}