{
  "URI": "https://lhenguabase.wikibase.cloud/entity/L823",
  "entry": {
    "wikitext": "={{-mwl-}}=\u00b6==Substantivo==\u00b6{{flex.mwl|ms=lhibro|mp=lhibros}}\u00b6{{parox\u00edtona|lhi|bro|l\u00edngua=mwl}}, {{gram\u00e1tica|m}}\u00b6# [[livro]]\u00b6\u00b6==={{-varort-}}===\u00b6* [[libro#{{mwl}}|libro]]\u00b6\u00b6=={{etimologia|mwl}}==\u00b6{{etimo2|la|liber|mwl}}\u00b6\u00b6==Nota==\u00b6* Grafia utilizada em Central e Raiano, variedades do Mirand\u00eas\u00b6\u00b6[[Categoria:Substantivo (Mirand\u00eas)]]\u00b6[[Categoria:Entrada com imagem (Mirand\u00eas)]]",
    "lemma": "lhibro",
    "reference": "https://pt.wiktionary.org/wiki/lhibro#mwl",
    "forms": [
      {
        "form": "lhibro",
        "gram": [
          "Q12",
          "Q14"
        ]
      },
      {
        "form": "lhibros",
        "gram": [
          "Q13",
          "Q14"
        ]
      }
    ],
    "pos": "Q6",
    "hyphen": "lhi|bro",
    "senses": [
      "# [[livro]]"
    ]
  }
}