{
  "URI": "https://lhenguabase.wikibase.cloud/entity/L1572",
  "entry": {
    "wikitext": "={{-mwl-}}=\u00b6==Substantivo==\u00b6{{flex.mwl|fs=lhiebre|fp=lhiebres|fs-div={{grifar|lhie}}.bre|fp-div={{grifar|lhie}}.bres}}\u00b6'''{{grifar|lhie}}.bre''', {{gram\u00e1tica|f}}\u00b6# {{escopo|mwl|zoologia}} [[lebre]]\u00b6\u00b6===Formas alternativas===\u00b6* {{link idioma|liebre|mwl}}\u00b6\u00b6=={{Etimologia|mwl}}==\u00b6{{etimo2|la|lepore|mwl}}\u00b6\u00b6===Cognatos===\u00b6{{tradini|Cognatos de ''lhiebre''}}\u00b6* {{trad|ast|llebre}}\u00b6* {{trad|ca|llebre}}\u00b6* {{trad|es|liebre}}\u00b6* {{trad|fr|li\u00e8vre}}\u00b6* {{trad|gl|lebre}}\u00b6{{tradmeio}}\u00b6* {{trad|it|lepre}}\u00b6* {{trad|pt|lebre}}\u00b6* {{trad|rm|lieur}}\u00b6* {{trad|ro|iepure}}\u00b6* {{trad|wa|live}}\u00b6{{tradfim}}\u00b6\u00b6==Nota==\u00b6* Grafia utilizada nas variedades do Mirand\u00eas Central e Raiano.\u00b6\u00b6==Ver tamb\u00e9m==\u00b6===No Wikcion\u00e1rio===\u00b6{{verTamb\u00e9m.Ini}}\u00b6* [[coneilho]]\u00b6{{verTamb\u00e9m.Fim}}\u00b6\u00b6===Refer\u00eancias===\u00b6{{verTamb\u00e9m.Ini}}\u00b6* [http://www.mirandadodouro.com/dicionario/traducao-mirandes-portugues/lhiebre/ ''lhiebre'' no Dicion\u00e1rio de Mirand\u00eas (Portal de Miranda do Douro)]\u00b6{{verTamb\u00e9m.Fim}}\u00b6\u00b6[[Categoria:Substantivo (Mirand\u00eas)]]\u00b6[[Categoria:Diss\u00edlabo (Mirand\u00eas)]]\u00b6[[Categoria:Parox\u00edtona (Mirand\u00eas)]]\u00b6[[Categoria:Mam\u00edfero (Mirand\u00eas)]]\u00b6[[Categoria:Entrada com imagem (Mirand\u00eas)]]",
    "lemma": "lhiebre",
    "reference": "https://pt.wiktionary.org/wiki/lhiebre#mwl",
    "forms": [
      {
        "form": "lhiebre",
        "gram": [
          "Q12",
          "Q15"
        ]
      },
      {
        "form": "lhiebres",
        "gram": [
          "Q13",
          "Q15"
        ]
      }
    ],
    "pos": "Q6",
    "senses": [
      "# {{escopo|mwl|zoologia}} [[lebre]]"
    ]
  }
}