{
  "URI": "https://lhenguabase.wikibase.cloud/entity/L1098",
  "entry": {
    "wikitext": "={{-mwl-}}=\u00b6==Substantivo==\u00b6{{flex.mwl|fs=lhinha|fp=lhinhas}}\u00b6{{parox\u00edtona|lhi|nha|l\u00edngua=mwl}}, {{f}}\u00b6# [[linha]]\u00b6\u00b6[[Categoria:Substantivo (Mirand\u00eas)]]",
    "lemma": "lhinha",
    "reference": "https://pt.wiktionary.org/wiki/lhinha#mwl",
    "forms": [
      {
        "form": "lhinha",
        "gram": [
          "Q12",
          "Q15"
        ]
      },
      {
        "form": "lhinhas",
        "gram": [
          "Q13",
          "Q15"
        ]
      }
    ],
    "pos": "Q6",
    "hyphen": "lhi|nha",
    "gender": "Q15",
    "senses": [
      "# [[linha]]"
    ]
  }
}