{
  "URI": "https://lhenguabase.wikibase.cloud/entity/L510",
  "entry": {
    "wikitext": "={{-mwl-}}=\u00b6==Substantivo==\u00b6{{flex.pt|fs=lhiteratura|fp=lhiteraturas}}\u00b6{{parox\u00edtona|lhi|te|ra|tu|ra|l\u00edngua=mwl}}, {{gram\u00e1tica|f}}\u00b6# [[literatura]]\u00b6\u00b6=={{etimologia|mwl}}==\u00b6: Do [[latim]] ''literatura'', que vem de ''litera'', ([[letra]]).\u00b6\u00b6[[Categoria:Substantivo (Mirand\u00eas)]]\u00b6[[Categoria:Arte (Mirand\u00eas)]]\u00b6[[Categoria:Ci\u00eancia (Mirand\u00eas)]]\u00b6[[Categoria:Literatura (Mirand\u00eas)]]",
    "lemma": "lhiteratura",
    "reference": "https://pt.wiktionary.org/wiki/lhiteratura#mwl",
    "forms": [],
    "pos": "Q6",
    "hyphen": "lhi|te|ra|tu|ra",
    "senses": [
      "# [[literatura]]"
    ]
  }
}