{
  "URI": "https://lhenguabase.wikibase.cloud/entity/L352",
  "entry": {
    "wikitext": "={{-mwl-}}=\u00b6==Substantivo==\u00b6{{flex.mwl|ms=lhobo|mp=lhobos|fs=lhoba|fp=lhobas}}\u00b6{{parox\u00edtona|lho|bo|l\u00edngua=mwl}}, {{m}}\u00b6# [[lobo]]\u00b6\u00b6===Formas alternativas===\u00b6* {{link idioma|lobo|mwl}}\u00b6\u00b6=={{Etimologia|mwl}}==\u00b6{{etimo2|la|lupus|mwl}}\u00b6{{etimo2|ine-pro|*w\u013a\u0325k\u02b7os|mwl}}\u00b6\u00b6==Nota==\u00b6* Grafia utilizada nas variedades do Mirand\u00eas Central e Raiano.\u00b6\u00b6[[Categoria:Substantivo (Mirand\u00eas)]]\u00b6[[Categoria:Animal (Mirand\u00eas)]]\u00b6[[Categoria:Mam\u00edfero (Mirand\u00eas)]]\u00b6[[Categoria:Zoologia (Mirand\u00eas)]]\u00b6[[Categoria:Entrada com imagem (Mirand\u00eas)]]",
    "lemma": "lhobo",
    "reference": "https://pt.wiktionary.org/wiki/lhobo#mwl",
    "forms": [
      {
        "form": "lhobo",
        "gram": [
          "Q12",
          "Q14"
        ]
      },
      {
        "form": "lhobos",
        "gram": [
          "Q13",
          "Q14"
        ]
      },
      {
        "form": "lhoba",
        "gram": [
          "Q12",
          "Q15"
        ]
      },
      {
        "form": "lhobas",
        "gram": [
          "Q13",
          "Q15"
        ]
      }
    ],
    "pos": "Q6",
    "hyphen": "lho|bo",
    "gender": "Q14",
    "senses": [
      "# [[lobo]]"
    ]
  }
}