{
  "URI": "https://lhenguabase.wikibase.cloud/entity/L40",
  "entry": {
    "wikitext": "={{-mwl-}}=\u00b6==Substantivo==\u00b6{{parox\u00edtona|lho|bas|l\u00edngua=mwl}}, {{fp}}\u00b6# plural de '''[[lhoba]]'''\u00b6\u00b6[[Categoria:Forma de substantivo (Mirand\u00eas)]]",
    "lemma": "lhobas",
    "reference": "https://pt.wiktionary.org/wiki/lhobas#mwl",
    "forms": [],
    "pos": "Q6",
    "hyphen": "lho|bas",
    "senses": [
      "# plural de '''[[lhoba]]'''\u00b6\u00b6[[Categoria:Forma de substantivo (Mirand\u00eas)]]"
    ]
  }
}