{
  "URI": "https://lhenguabase.wikibase.cloud/entity/L336",
  "entry": {
    "wikitext": "={{-mwl-}}=\u00b6==Substantivo==\u00b6{{flex.mwl|ms=lhosango|mp=lhosangos}}\u00b6{{parox\u00edtona|lho|san|go|id=mwl}}, {{g|m}}\u00b6\u00b6# [[losango]]\u00b6\u00b6[[Categoria:Substantivo (Mirand\u00eas)]]",
    "lemma": "lhosango",
    "reference": "https://pt.wiktionary.org/wiki/lhosango#mwl",
    "forms": [
      {
        "form": "lhosango",
        "gram": [
          "Q12",
          "Q14"
        ]
      },
      {
        "form": "lhosangos",
        "gram": [
          "Q13",
          "Q14"
        ]
      }
    ],
    "pos": "Q6",
    "hyphen": "lho|san|go",
    "senses": [
      "# [[losango]]"
    ]
  }
}