{
  "URI": "https://lhenguabase.wikibase.cloud/entity/L767",
  "entry": {
    "wikitext": "={{-mwl-}}=\u00b6==Substantivo==\u00b6{{flex.mwl|fs=lh\u00e1grima|fp=lh\u00e1grimas}}\u00b6{{proparox\u00edtona|lh\u00e1|gri|ma|l\u00edngua=mwl}}, {{f}}\u00b6# [[l\u00e1grima]]\u00b6\u00b6[[Categoria:Substantivo (Mirand\u00eas)]]",
    "lemma": "lh\u00e1grima",
    "reference": "https://pt.wiktionary.org/wiki/lh\u00e1grima#mwl",
    "forms": [
      {
        "form": "lh\u00e1grima",
        "gram": [
          "Q12",
          "Q15"
        ]
      },
      {
        "form": "lh\u00e1grimas",
        "gram": [
          "Q13",
          "Q15"
        ]
      }
    ],
    "pos": "Q6",
    "hyphen": "lh\u00e1|gri|ma",
    "gender": "Q15",
    "senses": [
      "# [[l\u00e1grima]]"
    ]
  }
}