{
  "URI": "https://lhenguabase.wikibase.cloud/entity/L1516",
  "entry": {
    "wikitext": "={{-mwl-}}=\u00b6==Substantivo==\u00b6{{flex.mwl|fs=licion|fp=liciones}}\u00b6{{ox\u00edtona|li|cion|l\u00edngua=mwl}}, {{f}}\u00b6# [[li\u00e7\u00e3o]]\u00b6\u00b6[[Categoria:Substantivo (Mirand\u00eas)]]",
    "lemma": "licion",
    "reference": "https://pt.wiktionary.org/wiki/licion#mwl",
    "forms": [
      {
        "form": "licion",
        "gram": [
          "Q12",
          "Q15"
        ]
      },
      {
        "form": "liciones",
        "gram": [
          "Q13",
          "Q15"
        ]
      }
    ],
    "pos": "Q6",
    "hyphen": "li|cion",
    "gender": "Q15",
    "senses": [
      "# [[li\u00e7\u00e3o]]"
    ]
  }
}