{
  "URI": "https://lhenguabase.wikibase.cloud/entity/L537",
  "entry": {
    "wikitext": "={{-mwl-}}=\u00b6==Substantivo==\u00b6{{parox\u00edtona|lo|bas|l\u00edngua=mwl}}, {{fp}}\u00b6# plural de '''[[loba#{{mwl}}|loba]]'''\u00b6\u00b6[[Categoria:Forma de substantivo (Mirand\u00eas)]]\u00b6[[Categoria:Sendin\u00eas (Mirand\u00eas)]]",
    "lemma": "lobas",
    "reference": "https://pt.wiktionary.org/wiki/lobas#mwl",
    "forms": [],
    "pos": "Q6",
    "hyphen": "lo|bas",
    "senses": [
      "# plural de '''[[loba"
    ]
  }
}