{
  "URI": "https://lhenguabase.wikibase.cloud/entity/L236",
  "entry": {
    "wikitext": "={{-mwl-}}=\u00b6==Substantivo==\u00b6{{parox\u00edtona|lo|bos|l\u00edngua=mwl}}, {{mp}}\u00b6# plural de '''[[lobo#{{mwl}}|lobo]]'''\u00b6\u00b6[[Categoria:Forma de substantivo (Mirand\u00eas)]]\u00b6[[Categoria:Sendin\u00eas (Mirand\u00eas)]]",
    "lemma": "lobos",
    "reference": "https://pt.wiktionary.org/wiki/lobos#mwl",
    "forms": [],
    "pos": "Q6",
    "hyphen": "lo|bos",
    "senses": [
      "# plural de '''[[lobo"
    ]
  }
}