{
  "URI": "https://lhenguabase.wikibase.cloud/entity/L235",
  "entry": {
    "wikitext": "={{-mwl-}}=\u00b6==Substantivo==\u00b6{{parox\u00edtona|Lu|cas|id=mwl}}, {{gram\u00e1tica|pr|m|id=mwl}}\u00b6# {{escopo|mwl|Antrop\u00f4nimo}} [[Lucas#{{pt}}|Lucas]]\u00b6# {{escopo|mwl|Cristianismo}} [[Lucas#{{pt}}|Lucas]]\u00b6\u00b6=={{etimologia|mwl}}==\u00b6:{{etimo2|grc|\u039b\u03bf\u03c5\u03ba\u03ac\u03c2|mwl|Louk\u00e1s}} Significa ''o que ilumina''.\u00b6\u00b6==Ver tamb\u00e9m==\u00b6===No Wikcion\u00e1rio===\u00b6{{b\u00edblia/mwl}}\u00b6\u00b6[[Categoria:Substantivo (Mirand\u00eas)]]",
    "lemma": "Lucas",
    "reference": "https://pt.wiktionary.org/wiki/Lucas#mwl",
    "forms": [],
    "pos": "Q6",
    "hyphen": "Lu|cas",
    "senses": [
      "# {{escopo|mwl|Antrop\u00f4nimo}} [[Lucas"
    ]
  }
}