{
  "URI": "https://lhenguabase.wikibase.cloud/entity/L417",
  "entry": {
    "wikitext": "={{-mwl-}}=\u00b6==Substantivo==\u00b6{{flex.mwl|fs=luna|fp=lunas}}\u00b6{{parox\u00edtona|lu|na|l\u00edngua=mwl}}, {{gram\u00e1tica|f}}\u00b6# {{escopo|mwl|Astronomia}} [[lua]]\u00b6\u00b6===Formas alternativas===\u00b6* {{link idioma|lhuna|mwl}}\u00b6\u00b6=={{Etimologia|mwl}}==\u00b6: {{etimo2|la|luna|mwl}}\u00b6\u00b6==Nota==\u00b6* Grafia utilizada em Sendin\u00eas, uma das variedades do Mirand\u00eas.\u00b6\u00b6==Ver tamb\u00e9m==\u00b6===No Wikcion\u00e1rio===\u00b6{{sistema solar/mwl}}\u00b6\u00b6[[Categoria:Substantivo (Mirand\u00eas)]]\u00b6[[Categoria:Entrada com imagem (Mirand\u00eas)]]\u00b6[[Categoria:Corpo celeste (Mirand\u00eas)]]",
    "lemma": "luna",
    "reference": "https://pt.wiktionary.org/wiki/luna#mwl",
    "forms": [
      {
        "form": "luna",
        "gram": [
          "Q12",
          "Q15"
        ]
      },
      {
        "form": "lunas",
        "gram": [
          "Q13",
          "Q15"
        ]
      }
    ],
    "pos": "Q6",
    "hyphen": "lu|na",
    "senses": [
      "# {{escopo|mwl|Astronomia}} [[lua]]"
    ]
  }
}