{
  "URI": "https://lhenguabase.wikibase.cloud/entity/L975",
  "entry": {
    "wikitext": "={{-mwl-}}=\u00b6==Substantivo==\u00b6{{flex.mwl|fs=madressilba|fp=madressilbas}}\u00b6{{parox\u00edtona|ma|dres|sil|ba|l\u00edngua=mwl}}, {{f}}\u00b6# {{escopo|mwl|Planta}} [[madressilva]] (''[[species:Lonicera periclymenum|Lonicera periclymenum]]'')\u00b6\u00b6[[Categoria:Substantivo (Mirand\u00eas)]]\u00b6[[Categoria:Bot\u00e2nica (Mirand\u00eas)]]\u00b6[[Categoria:Entrada com imagem (Mirand\u00eas)]]",
    "lemma": "madressilba",
    "reference": "https://pt.wiktionary.org/wiki/madressilba#mwl",
    "forms": [
      {
        "form": "madressilba",
        "gram": [
          "Q12",
          "Q15"
        ]
      },
      {
        "form": "madressilbas",
        "gram": [
          "Q13",
          "Q15"
        ]
      }
    ],
    "pos": "Q6",
    "hyphen": "ma|dres|sil|ba",
    "gender": "Q15",
    "senses": [
      "# {{escopo|mwl|Planta}} [[madressilva]] (''[[species:Lonicera periclymenum|Lonicera periclymenum]]'')"
    ]
  }
}