{
  "URI": "https://lhenguabase.wikibase.cloud/entity/L194",
  "entry": {
    "wikitext": "={{-mwl-}}=\u00b6==Adv\u00e9rbio==\u00b6{{ox\u00edtona|mais|l\u00edngua=mwl}}\u00b6# [[mais#Portugu\u00eas|mais]]\u00b6\u00b6==Pronome==\u00b6{{ox\u00edtona|mais|l\u00edngua=mwl}}, ''indefinido''\u00b6# [[mais#Portugu\u00eas|mais]]\u00b6\u00b6==Substantivo==\u00b6{{ox\u00edtona|mais|l\u00edngua=mwl}}, {{gram\u00e1tica|m}}\u00b6# [[mais#Portugu\u00eas|mais]], sinal da [[adi\u00e7\u00e3o]] representado por [[+]]\u00b6\u00b6==Forma de substantivo==\u00b6{{ox\u00edtona|mais|l\u00edngua=mwl}}\u00b6# plural de '''[[mai#{{mwl}}|mai]]'''\u00b6\u00b6{{aviso.flex\u00e3o|mai}}\u00b6\u00b6===Sin\u00f3nimo<sup>1, 2</sup>===\u00b6* [[m\u00e1s]]\u00b6\u00b6[[Categoria:Adv\u00e9rbio (Mirand\u00eas)]]\u00b6[[Categoria:Pronome (Mirand\u00eas)]]\u00b6[[Categoria:Substantivo (Mirand\u00eas)]]\u00b6[[Categoria:Forma de substantivo (Mirand\u00eas)]]",
    "lemma": "mais",
    "reference": "https://pt.wiktionary.org/wiki/mais#mwl",
    "forms": [],
    "pos": "Q6",
    "hyphen": "mais",
    "senses": [
      "# [[mais"
    ]
  }
}