{
  "URI": "https://lhenguabase.wikibase.cloud/entity/L438",
  "entry": {
    "wikitext": "={{-mwl-}}=\u00b6==Substantivo==\u00b6{{flex.mwl|ms=majarico|mp=majaricos}}\u00b6{{parox\u00edtona|ma|ja|ri|co|l\u00edngua=mwl}}, {{m}}\u00b6# {{escopo|mwl|Planta}} [[manjerico]] (''[[Species:Ocimum minimum|Ocimum minimum]]'')\u00b6\u00b6\u00b6===Formas alternativas===\u00b6* {{link idioma|manjarico|mwl}}\u00b6\u00b6==Ver tamb\u00e9m==\u00b6===No Wikcion\u00e1rio===\u00b6{{verTamb\u00e9m.Ini}}\u00b6* [[majaricon]]\u00b6{{verTamb\u00e9m.Fim}}\u00b6\u00b6[[Categoria:Substantivo (Mirand\u00eas)]]\u00b6[[Categoria:Bot\u00e2nica (Mirand\u00eas)]]\u00b6[[Categoria:Entrada com imagem (Mirand\u00eas)]]",
    "lemma": "majarico",
    "reference": "https://pt.wiktionary.org/wiki/majarico#mwl",
    "forms": [
      {
        "form": "majarico",
        "gram": [
          "Q12",
          "Q14"
        ]
      },
      {
        "form": "majaricos",
        "gram": [
          "Q13",
          "Q14"
        ]
      }
    ],
    "pos": "Q6",
    "hyphen": "ma|ja|ri|co",
    "gender": "Q14",
    "senses": [
      "# {{escopo|mwl|Planta}} [[manjerico]] (''[[Species:Ocimum minimum|Ocimum minimum]]'')"
    ]
  }
}