{
  "URI": "https://lhenguabase.wikibase.cloud/entity/L606",
  "entry": {
    "wikitext": "={{-mwl-}}=\u00b6==Substantivo==\u00b6{{flex.mwl|ms=majarona|mp=majaronas}}\u00b6{{parox\u00edtona|ma|ja|ro|na|l\u00edngua=mwl}}, {{f}}\u00b6# {{escopo|mwl|Planta}} [[manjerona]] (''[[species:Origanum majorana|Origanum majorana]]'')\u00b6\u00b6===Formas alternativas===\u00b6* {{link idioma|manjarona|mwl}}\u00b6\u00b6==Ver tamb\u00e9m==\u00b6===No Wikcion\u00e1rio===\u00b6{{verTamb\u00e9m.Ini|G\u00e9nero ''Origanum''}}\u00b6* [[ouriegano]]\u00b6{{verTamb\u00e9m.Fim}}\u00b6\u00b6[[Categoria:Substantivo (Mirand\u00eas)]]\u00b6[[Categoria:Bot\u00e2nica (Mirand\u00eas)]]\u00b6[[Categoria:Entrada com imagem (Mirand\u00eas)]]",
    "lemma": "majarona",
    "reference": "https://pt.wiktionary.org/wiki/majarona#mwl",
    "forms": [
      {
        "form": "majarona",
        "gram": [
          "Q12",
          "Q14"
        ]
      },
      {
        "form": "majaronas",
        "gram": [
          "Q13",
          "Q14"
        ]
      }
    ],
    "pos": "Q6",
    "hyphen": "ma|ja|ro|na",
    "gender": "Q15",
    "senses": [
      "# {{escopo|mwl|Planta}} [[manjerona]] (''[[species:Origanum majorana|Origanum majorana]]'')"
    ]
  }
}