{
  "URI": "https://lhenguabase.wikibase.cloud/entity/L878",
  "entry": {
    "wikitext": "={{-mwl-}}=\u00b6==Adv\u00e9rbio==\u00b6{{parox\u00edtona|ma|nha|na|l\u00edngua=mwl}}\u00b6# [[amanh\u00e3]]\u00b6\u00b6==Substantivo==\u00b6{{flex.mwl|fs=manhana|fp=manhanas}}\u00b6'''manhana''', {{f}}\u00b6# o [[amanh\u00e3]]\u00b6# [[manh\u00e3]], periodo do dia\u00b6\u00b6[[Categoria:Adv\u00e9rbio (Mirand\u00eas)]]\u00b6[[Categoria:Substantivo (Mirand\u00eas)]]\u00b6[[Categoria:Tempo (Mirand\u00eas)]]",
    "lemma": "manhana",
    "reference": "https://pt.wiktionary.org/wiki/manhana#mwl",
    "forms": [
      {
        "form": "manhana",
        "gram": [
          "Q12",
          "Q15"
        ]
      },
      {
        "form": "manhanas",
        "gram": [
          "Q13",
          "Q15"
        ]
      }
    ],
    "pos": "Q6",
    "hyphen": "ma|nha|na",
    "gender": "Q15",
    "senses": [
      "# [[amanh\u00e3]]"
    ]
  }
}