{
  "URI": "https://lhenguabase.wikibase.cloud/entity/L1460",
  "entry": {
    "wikitext": "={{-mwl-}}=\u00b6==Adjetivo==\u00b6{{flex.mwl|ms=manual|mp=manuales}}\u00b6{{ox\u00edtona|ma|nu|al|l\u00edngua=mwl}}, {{m}}\u00b6# [[manual#Portugu\u00eas|manual]]\u00b6\u00b6==Substantivo==\u00b6{{flex.mwl|ms=manual|mp=manuales}}\u00b6{{ox\u00edtona|ma|nu|al|l\u00edngua=mwl}}, {{m}}\u00b6# [[manual#Portugu\u00eas|manual]]\u00b6\u00b6[[Categoria:Substantivo (Mirand\u00eas)]]\u00b6[[Categoria:Objeto (Mirand\u00eas)]]\u00b6[[Categoria:Adjetivo (Mirand\u00eas)]]",
    "lemma": "manual",
    "reference": "https://pt.wiktionary.org/wiki/manual#mwl",
    "forms": [
      {
        "form": "manual",
        "gram": [
          "Q12",
          "Q14"
        ]
      },
      {
        "form": "manuales",
        "gram": [
          "Q13",
          "Q14"
        ]
      }
    ],
    "pos": "Q6",
    "hyphen": "ma|nu|al",
    "gender": "Q14",
    "senses": [
      "# [[manual"
    ]
  }
}