{
  "URI": "https://lhenguabase.wikibase.cloud/entity/L1084",
  "entry": {
    "wikitext": "={{-mwl-}}=\u00b6==Substantivo==\u00b6{{flex.mwl|ms=mar|mp=mares}}\u00b6{{ox\u00edtona|mar|l\u00edngua=mwl}}, {{gram\u00e1tica|m}}\u00b6# [[mar#Portugu\u00eas|mar]]\u00b6\u00b6[[Categoria:Substantivo (Mirand\u00eas)]]\u00b6[[Categoria:Entrada com imagem (Mirand\u00eas)]]",
    "lemma": "mar",
    "reference": "https://pt.wiktionary.org/wiki/mar#mwl",
    "forms": [
      {
        "form": "mar",
        "gram": [
          "Q12",
          "Q14"
        ]
      },
      {
        "form": "mares",
        "gram": [
          "Q13",
          "Q14"
        ]
      }
    ],
    "pos": "Q6",
    "hyphen": "mar",
    "senses": [
      "# [[mar"
    ]
  }
}