{
  "URI": "https://lhenguabase.wikibase.cloud/entity/L968",
  "entry": {
    "wikitext": "={{-mwl-}}=\u00b6==Substantivo==\u00b6{{flex.pt|fs=marie-piendula|fp=maries-piendulas}}\u00b6'''marie-piendula'''\u00b6# [[papa-figos]], ''[[wikispecies:Oriolus oriolus|Oriolus oriolus]]''\u00b6\u00b6=={{etimologia|mwl}}==\u00b6: Cognata do galego ''[[marip\u00e9ndola#Galego|marip\u00e9ndola]]''.\u00b6\u00b6[[Categoria:Substantivo (Mirand\u00eas)]]\u00b6[[Categoria:Ave (Mirand\u00eas)]]",
    "lemma": "marie-piendula",
    "reference": "https://pt.wiktionary.org/wiki/marie-piendula#mwl",
    "forms": [],
    "pos": "Q6",
    "senses": [
      "# [[papa-figos]], ''[[wikispecies:Oriolus oriolus|Oriolus oriolus]]''"
    ]
  }
}