{
  "URI": "https://lhenguabase.wikibase.cloud/entity/L181",
  "entry": {
    "wikitext": "={{-mwl-}}=\u00b6==Substantivo==\u00b6{{flex.gl|fs=maronda|fp=marondas}}\u00b6{{parox\u00edtona|ma|ron|da|id=mwl}}, {{g|f}}\u00b6# [[maronda#{{pt}}|maronda]], [[ovelha]] em cio que \u00e9 levada ao [[mar\u00e3o]], ao [[carneiro]], para que [[emprenhar|emprenhe]]\u00b6\u00b6[[Categoria:Substantivo (Mirand\u00eas)]]",
    "lemma": "maronda",
    "reference": "https://pt.wiktionary.org/wiki/maronda#mwl",
    "forms": [],
    "pos": "Q6",
    "hyphen": "ma|ron|da",
    "senses": [
      "# [[maronda"
    ]
  }
}