{
  "URI": "https://lhenguabase.wikibase.cloud/entity/L1122",
  "entry": {
    "wikitext": "={{-mwl-}}=\u00b6==Substantivo==\u00b6{{ox\u00edtona|Ma|teus|id=mwl}}, {{gram\u00e1tica|pr|m|id=mwl}}\u00b6# {{escopo|mwl|Antrop\u00f4nimo}} [[Mateus#{{pt}}|Mateus]]\u00b6# {{escopo|mwl|Cristianismo}} Evangelho segundo Mateus ''(Eibangeilho segundo Mateus)'', primeiro livro do [[Novo Testamento]], da [[B\u00edblia]]\u00b6\u00b6=={{etimologia|mwl}}==\u00b6: Do {{etm|la|mwl}} {{etimo|la|Matthaeus}}, que veio do {{etm|grc|mwl}} {{etimo|grc|\u039c\u03b1\u03c4\u03b8\u03b1\u1fd6\u03bf\u03c2}} (Mattha\u00edos) que veio por sua vez do {{etm|hbo|mwl}} {{etimo|hbo|\u05de\u05ea\u05ea\u05d9\u05d4\u05d5}} (Matatyahu) ou {{etimo|hbo|\u05de\u05ea\u05d9\u05ea\u05d9\u05d4\u05d5}} (Matityahu). Significa ''presente, d\u00e1diva de Jeov\u00e1''.\u00b6\u00b6==Ver tamb\u00e9m==\u00b6===No Wikcion\u00e1rio===\u00b6{{b\u00edblia/mwl}}\u00b6\u00b6[[Categoria:Substantivo (Mirand\u00eas)]]",
    "lemma": "Mateus",
    "reference": "https://pt.wiktionary.org/wiki/Mateus#mwl",
    "forms": [],
    "pos": "Q6",
    "hyphen": "Ma|teus",
    "senses": [
      "# {{escopo|mwl|Antrop\u00f4nimo}} [[Mateus"
    ]
  }
}