{
  "URI": "https://lhenguabase.wikibase.cloud/entity/L259",
  "entry": {
    "wikitext": "={{-mwl-}}=\u00b6==Substantivo==\u00b6{{flex.mwl|fs=ma\u00e7aneira|fp=ma\u00e7aneiras}}\u00b6{{parox\u00edtona|ma|\u00e7a|nei|ra|l\u00edngua=mwl}}, {{f}}\u00b6# {{escopo|mwl|\u00c1rvore}} [[macieira]] (''[[species:Malus domestica|Malus domestica]]'')\u00b6\u00b6==Ver tamb\u00e9m==\u00b6===No Wikcion\u00e1rio===\u00b6{{verTamb\u00e9m.Ini}}\u00b6* [[ma\u00e7ana]]\u00b6{{verTamb\u00e9m.Fim}}\u00b6\u00b6[[Categoria:Substantivo (Mirand\u00eas)]]\u00b6[[Categoria:Bot\u00e2nica (Mirand\u00eas)]]",
    "lemma": "ma\u00e7aneira",
    "reference": "https://pt.wiktionary.org/wiki/ma\u00e7aneira#mwl",
    "forms": [
      {
        "form": "ma\u00e7aneira",
        "gram": [
          "Q12",
          "Q15"
        ]
      },
      {
        "form": "ma\u00e7aneiras",
        "gram": [
          "Q13",
          "Q15"
        ]
      }
    ],
    "pos": "Q6",
    "hyphen": "ma|\u00e7a|nei|ra",
    "gender": "Q15",
    "senses": [
      "# {{escopo|mwl|\u00c1rvore}} [[macieira]] (''[[species:Malus domestica|Malus domestica]]'')"
    ]
  }
}