{
  "URI": "https://lhenguabase.wikibase.cloud/entity/L1044",
  "entry": {
    "wikitext": "={{-mwl-}}=\u00b6==Adjetivo==\u00b6{{flex.mwl|s=melhor|p=melhores}}\u00b6{{ox\u00edtona|me|lhor|l\u00edngua=mwl}}, {{gram\u00e1tica|c2g}}\u00b6# [[melhor#Portugu\u00eas|melhor]]\u00b6\u00b6==Adv\u00e9rbio==\u00b6{{ox\u00edtona|me|lhor|l\u00edngua=mwl}}\u00b6# [[melhor#Portugu\u00eas|melhor]]\u00b6\u00b6==Substantivo==\u00b6{{flex.mwl|ms=melhor|mp=melhores}}\u00b6{{ox\u00edtona|me|lhor|l\u00edngua=mwl}}, {{gram\u00e1tica|m}}\u00b6# [[melhor#Portugu\u00eas|melhor]]\u00b6\u00b6[[Categoria:Adjetivo (Mirand\u00eas)]]\u00b6[[Categoria:Adv\u00e9rbio (Mirand\u00eas)]]\u00b6[[Categoria:Substantivo (Mirand\u00eas)]]",
    "lemma": "melhor",
    "reference": "https://pt.wiktionary.org/wiki/melhor#mwl",
    "forms": [
      {
        "form": "melhor",
        "gram": [
          "Q12"
        ]
      },
      {
        "form": "melhores",
        "gram": [
          "Q13"
        ]
      }
    ],
    "pos": "Q8",
    "hyphen": "me|lhor",
    "senses": [
      "# [[melhor"
    ]
  }
}