{
  "URI": "https://lhenguabase.wikibase.cloud/entity/L1100",
  "entry": {
    "wikitext": "={{-mwl-}}=\u00b6==Substantivo==\u00b6{{flex.mwl|ms=menist\u00e9rio|mp=menist\u00e9rios}}\u00b6{{parox\u00edtona|me|nis|t\u00e9|ri|o|l\u00edngua=mwl}}, {{m}}\u00b6# {{escopo|mwl|Pol\u00edtica}} [[minist\u00e9rio]]\u00b6\u00b6[[Categoria:Substantivo (Mirand\u00eas)]]",
    "lemma": "menist\u00e9rio",
    "reference": "https://pt.wiktionary.org/wiki/menist\u00e9rio#mwl",
    "forms": [
      {
        "form": "menist\u00e9rio",
        "gram": [
          "Q12",
          "Q14"
        ]
      },
      {
        "form": "menist\u00e9rios",
        "gram": [
          "Q13",
          "Q14"
        ]
      }
    ],
    "pos": "Q6",
    "hyphen": "me|nis|t\u00e9|ri|o",
    "gender": "Q14",
    "senses": [
      "# {{escopo|mwl|Pol\u00edtica}} [[minist\u00e9rio]]"
    ]
  }
}