{
  "URI": "https://lhenguabase.wikibase.cloud/entity/L506",
  "entry": {
    "wikitext": "={{-mwl-}}=\u00b6==Substantivo==\u00b6{{proparox\u00edtona|Mer|c\u00fa|ri|o|l\u00edngua=mwl}}, {{gram\u00e1tica|pr|m}}\u00b6# {{escopo|mwl|Astronomia}} [[Merc\u00fario#{{pt}}|Merc\u00fario]]\u00b6# {{escopo|mwl|Mitologia}} [[Merc\u00fario#{{pt}}|Merc\u00fario]]\u00b6\u00b6==={{PEPB|Sin\u00f3nimos|Sin\u00f4nimos|inline=1}}===\u00b6* [[Marc\u00fario]]\u00b6\u00b6==Ver tamb\u00e9m==\u00b6===No Wikcion\u00e1rio===\u00b6{{sistema solar/mwl}}\u00b6\u00b6[[Categoria:Substantivo (Mirand\u00eas)]]\u00b6[[Categoria:Entrada com imagem (Mirand\u00eas)]]",
    "lemma": "Merc\u00fario",
    "reference": "https://pt.wiktionary.org/wiki/Merc\u00fario#mwl",
    "forms": [],
    "pos": "Q6",
    "hyphen": "Mer|c\u00fa|ri|o",
    "senses": [
      "# {{escopo|mwl|Astronomia}} [[Merc\u00fario"
    ]
  }
}