{
  "URI": "https://lhenguabase.wikibase.cloud/entity/L1206",
  "entry": {
    "wikitext": "={{-mwl-}}=\u00b6==Substantivo==\u00b6{{flex.mwl|ms=mierlo|mp=mierlos}}\u00b6{{parox\u00edtona|mier|lo|l\u00edngua=mwl}}, {{m}}\u00b6# {{escopo|mwl|Ave}} [[melro]] (''[[species:Turdus merula|Turdus merula]]'')\u00b6\u00b6===Formas alternativas===\u00b6* {{link idioma|mielro|mwl}}\u00b6\u00b6[[Categoria:Substantivo (Mirand\u00eas)]]\u00b6[[Categoria:Animal (Mirand\u00eas)]]\u00b6[[Categoria:Zoologia (Mirand\u00eas)]]\u00b6[[Categoria:Entrada com imagem (Mirand\u00eas)]]",
    "lemma": "mierlo",
    "reference": "https://pt.wiktionary.org/wiki/mierlo#mwl",
    "forms": [
      {
        "form": "mierlo",
        "gram": [
          "Q12",
          "Q14"
        ]
      },
      {
        "form": "mierlos",
        "gram": [
          "Q13",
          "Q14"
        ]
      }
    ],
    "pos": "Q6",
    "hyphen": "mier|lo",
    "gender": "Q14",
    "senses": [
      "# {{escopo|mwl|Ave}} [[melro]] (''[[species:Turdus merula|Turdus merula]]'')"
    ]
  }
}