{
  "URI": "https://lhenguabase.wikibase.cloud/entity/L412",
  "entry": {
    "wikitext": "={{-mwl-}}=\u00b6==Numeral==\u00b6{{ox\u00edtona|mi|lhon|l\u00edngua=mwl}}, {{gram\u00e1tica|card}}\u00b6# [[milh\u00e3o]], representado pelo n\u00famero [[1000000]]\u00b6\u00b6==Substantivo==\u00b6{{flex.mwl|ms=milhon|mp=milhones}}\u00b6{{ox\u00edtona|mi|lhon|l\u00edngua=mwl}}, {{m}}\u00b6# [[milh\u00e3o]]\u00b6\u00b6==Ver tamb\u00e9m==\u00b6===No Wikcion\u00e1rio===\u00b6{{n\u00fameros/mwl}}\u00b6\u00b6[[Categoria:Numeral (Mirand\u00eas)]]\u00b6[[Categoria:Substantivo (Mirand\u00eas)]]",
    "lemma": "milhon",
    "reference": "https://pt.wiktionary.org/wiki/milhon#mwl",
    "forms": [
      {
        "form": "milhon",
        "gram": [
          "Q12",
          "Q14"
        ]
      },
      {
        "form": "milhones",
        "gram": [
          "Q13",
          "Q14"
        ]
      }
    ],
    "pos": "Q6",
    "hyphen": "mi|lhon",
    "gender": "Q14",
    "senses": [
      "# [[milh\u00e3o]], representado pelo n\u00famero [[1000000]]"
    ]
  }
}