{
  "URI": "https://lhenguabase.wikibase.cloud/entity/L1413",
  "entry": {
    "wikitext": "={{-mwl-}}=\u00b6==Substantivo==\u00b6{{flex.mwl|fs=mim\u00f3ria|fp=mim\u00f3rias}}\u00b6{{proparox\u00edtona|mi|m\u00f3|ri|a|l\u00edngua=mwl}}, {{f}}\u00b6# [[mem\u00f3ria]]\u00b6# [[lembran\u00e7a]]\u00b6\u00b6==Sin\u00f3nimo==\u00b6* [[lhembr\u00e1ncia]]\u00b6\u00b6[[Categoria:Substantivo (Mirand\u00eas)]]",
    "lemma": "mim\u00f3ria",
    "reference": "https://pt.wiktionary.org/wiki/mim\u00f3ria#mwl",
    "forms": [
      {
        "form": "mim\u00f3ria",
        "gram": [
          "Q12",
          "Q15"
        ]
      },
      {
        "form": "mim\u00f3rias",
        "gram": [
          "Q13",
          "Q15"
        ]
      }
    ],
    "pos": "Q6",
    "hyphen": "mi|m\u00f3|ri|a",
    "gender": "Q15",
    "senses": [
      "# [[mem\u00f3ria]]"
    ]
  }
}