{
  "URI": "https://lhenguabase.wikibase.cloud/entity/L1511",
  "entry": {
    "wikitext": "={{-mwl-}}=\u00b6==Substantivo==\u00b6{{parox\u00edtona|Mi|quei|as|id=mwl}}, {{pr}} {{m}}\u00b6# {{escopo|mwl|Antrop\u00f4nimo}} [[Miqueias#{{pt}}|Miqueias]]\u00b6# {{escopo|mwl|Cristianismo}} [[Miqueias#{{pt}}|Miqueias]]\u00b6\u00b6=={{Etimologia|mwl}}==\u00b6:{{etimo2|la|Michaeas|mwl|ponto=n\u00e3o}}, que veio do {{etm|grc|mwl}} {{etimo|grc|\u039c\u03b9\u03c7\u03b1\u03af\u03b1\u03c2}} (Mikha\u00edas) que, por sua vez, veio do {{etm|hbo|mwl}} {{etimo|hbo|\u05de\u05d9\u05db\u05d4}} (Mikah). Significa ''quem \u00e9 com Deus''.\u00b6\u00b6==Ver tamb\u00e9m==\u00b6===No Wikcion\u00e1rio===\u00b6{{b\u00edblia/mwl}}\u00b6\u00b6[[Categoria:Substantivo (Mirand\u00eas)]]",
    "lemma": "Miqueias",
    "reference": "https://pt.wiktionary.org/wiki/Miqueias#mwl",
    "forms": [],
    "pos": "Q6",
    "hyphen": "Mi|quei|as",
    "gender": "Q14",
    "senses": [
      "# {{escopo|mwl|Antrop\u00f4nimo}} [[Miqueias"
    ]
  }
}