{
  "URI": "https://lhenguabase.wikibase.cloud/entity/L711",
  "entry": {
    "wikitext": "={{-mwl-}}=\u00b6==Adjetivo==\u00b6{{flex.mwl|ms=mirand\u00e9s|mp=mirandeses|fs=mirandesa|fp=mirandesas|ms-div=mi.ran.{{grifar|d\u00e9s}}|mp-div=mi.ran.{{grifar|de}}.ses|fs-div=mi.ran.{{grifar|de}}.sa|fp-div=mi.ran.{{grifar|de}}.sas}}\u00b6'''mi.ran.{{grifar|d\u00e9s}}'''\u00b6# [[mirand\u00eas]], relativo a [[Miranda do Douro]] ([[Portugal]]):\u00b6#* ''Na bila hai muita culidade de la quemida, adonde se \u00e7taca la puosta '''mirandesa'''.''\u00b6# {{escopo|mwl|Lingu\u00edstica}} mirand\u00eas, relacionado com o [[idioma]] {{l.s.|mirand\u00eas}}\u00b6\u00b6===Verbetes derivados===\u00b6{{verTamb\u00e9m.Ini}}\u00b6* {{link preto|mirandesada|mwl}}\u00b6{{verTamb\u00e9m.Fim}}\u00b6\u00b6==Substantivo==\u00b6{{flex.mwl|ms=mirand\u00e9s|mp=mirandeses|fs=mirandesa|fp=mirandesas|ms-div=mi.ran.{{grifar|d\u00e9s}}|mp-div=mi.ran.{{grifar|de}}.ses|fs-div=mi.ran.{{grifar|de}}.sa|fp-div=mi.ran.{{grifar|de}}.sas}}\u00b6'''mi.ran.{{grifar|d\u00e9s}}''', {{gram\u00e1tica|m}}\u00b6# {{l.s.|mirand\u00eas}}, [[indiv\u00edduo]] [[natural]] ou [[habitante]] de [[Miranda do Douro]] ([[Portugal]]):\u00b6#* ''La lh\u00e9ngua '''mirandesa''' ye tamien falado por muitos '''mirandeses''' qu'eimigr\u00f3run pa las percipales cidades de l pa\u00ed\u00e7 \u00f3 qu'eimigr\u00f3run pa l strangeiro.'' <small>(A l\u00edngua mirandesa tamb\u00e9m \u00e9 falada por muitos mirandeses que imigraram para as principais partes do pa\u00eds ou que emigraram para o estrangeiro.)</small>\u00b6{{limpar}}\u00b6\u00b6{{flex.mwl|ms=mirand\u00e9s|ms-div=mi.ran.{{grifar|d\u00e9s}}}}\u00b6'''mi.ran.{{grifar|d\u00e9s}}''', {{gram\u00e1tica|m}}, {{s/p}}\u00b6# {{cont|2}} {{escopo|mwl|Lingu\u00edstica}} {{l.s.|mirand\u00eas}}, [[l\u00edngua]] mirandesa:\u00b6#* ''L '''mirand\u00e9s''' ye la lh\u00e9ngua de la quemunidade, quier nas rela\u00e7ones sociales i familiares, quier nas rela\u00e7ones de trabalho.'' <small>(O mirand\u00eas \u00e9 a l\u00edngua da comunidade, seja em rela\u00e7\u00f5es sociais e familiares, seja em rela\u00e7\u00f5es de trabalho.)</small>\u00b6\u00b6===Sin\u00f4nimos===\u00b6* De '''2''': [[lh\u00e9ngua]] mirandesa\u00b6\u00b6=={{etimologia|mwl}}==\u00b6: {{escopo|Morfologia}}  ''Miranda'' + {{etimo|mwl|-\u00e9s}}.\u00b6\u00b6==Ver tamb\u00e9m==\u00b6===No Wikcion\u00e1rio===\u00b6{{verTamb\u00e9m.Ini}}\u00b6* {{link preto|lhion\u00e9s}}\u00b6* {{link preto|sturiano}}\u00b6{{verTamb\u00e9m.Fim}}\u00b6\u00b6===Refer\u00eancias===\u00b6{{verTamb\u00e9m.Ini}}\u00b6* [http://www.mirandadodouro.com/dicionario/traducao-mirandes-portugues/mirand\u00eas/ ''mirand\u00eas'' no Dicion\u00e1rio de Mirand\u00eas (Portal de Miranda do Douro)]\u00b6{{verTamb\u00e9m.Fim}}\u00b6\u00b6[[Categoria:Adjetivo (Mirand\u00eas)]]\u00b6[[Categoria:Substantivo (Mirand\u00eas)]]\u00b6[[Categoria:Triss\u00edlabo (Mirand\u00eas)]]\u00b6[[Categoria:Ox\u00edtona (Mirand\u00eas)]]\u00b6[[Categoria:Gent\u00edlico (Mirand\u00eas)]]\u00b6[[Categoria:L\u00edngua (Mirand\u00eas)]]",
    "lemma": "mirand\u00e9s",
    "reference": "https://pt.wiktionary.org/wiki/mirand\u00e9s#mwl",
    "forms": [
      {
        "form": "mirand\u00e9s",
        "gram": [
          "Q12",
          "Q14"
        ]
      },
      {
        "form": "mirandeses",
        "gram": [
          "Q13",
          "Q14"
        ]
      },
      {
        "form": "mirandesa",
        "gram": [
          "Q12",
          "Q15"
        ]
      },
      {
        "form": "mirandesas",
        "gram": [
          "Q13",
          "Q15"
        ]
      }
    ],
    "pos": "Q8",
    "senses": [
      "# [[mirand\u00eas]], relativo a [[Miranda do Douro]] ([[Portugal]]):"
    ]
  }
}