{
  "URI": "https://lhenguabase.wikibase.cloud/entity/L33",
  "entry": {
    "wikitext": "={{-mwl-}}=\u00b6==Adjetivo==\u00b6{{flex.mwl|s=misarable|p=misarables}}\u00b6{{parox\u00edtona|mi|sa|ra|ble|l\u00edngua=mwl}}, {{c2g}}\u00b6# [[miser\u00e1vel]]\u00b6\u00b6[[Categoria:Adjetivo (Mirand\u00eas)]]",
    "lemma": "misarable",
    "reference": "https://pt.wiktionary.org/wiki/misarable#mwl",
    "forms": [
      {
        "form": "misarable",
        "gram": [
          "Q12"
        ]
      },
      {
        "form": "misarables",
        "gram": [
          "Q13"
        ]
      }
    ],
    "pos": "Q8",
    "hyphen": "mi|sa|ra|ble",
    "senses": [
      "# [[miser\u00e1vel]]\u00b6\u00b6[[Categoria:Adjetivo (Mirand\u00eas)]]"
    ]
  }
}