{
  "URI": "https://lhenguabase.wikibase.cloud/entity/L581",
  "entry": {
    "wikitext": "={{-mwl-}}=\u00b6==Substantivo==\u00b6{{flex.mwl|fs=missa|fp=missas}}\u00b6{{parox\u00edtona|mis|sa|l\u00edngua=mwl}}, {{f}}\u00b6# [[missa#Portugu\u00eas|missa]]\u00b6\u00b6[[Categoria:Substantivo (Mirand\u00eas)]]\u00b6[[Categoria:Religi\u00e3o (Mirand\u00eas)]]\u00b6[[Categoria:Cristianismo (Mirand\u00eas)]]",
    "lemma": "missa",
    "reference": "https://pt.wiktionary.org/wiki/missa#mwl",
    "forms": [
      {
        "form": "missa",
        "gram": [
          "Q12",
          "Q15"
        ]
      },
      {
        "form": "missas",
        "gram": [
          "Q13",
          "Q15"
        ]
      }
    ],
    "pos": "Q6",
    "hyphen": "mis|sa",
    "gender": "Q15",
    "senses": [
      "# [[missa"
    ]
  }
}