{
  "URI": "https://lhenguabase.wikibase.cloud/entity/L1207",
  "entry": {
    "wikitext": "={{-mwl-}}=\u00b6==Adjetivo==\u00b6{{flex.mwl|ms=moderno|mp=modernos|fs=moderna|fp=modernas}}\u00b6{{parox\u00edtona|mo|der|nb|l\u00edngua=mwl}}, {{m}}\u00b6# [[moderno#Portugu\u00eas|moderno]]\u00b6\u00b6[[Categoria:Adjetivo (Mirand\u00eas)]]",
    "lemma": "moderno",
    "reference": "https://pt.wiktionary.org/wiki/moderno#mwl",
    "forms": [
      {
        "form": "moderno",
        "gram": [
          "Q12",
          "Q14"
        ]
      },
      {
        "form": "modernos",
        "gram": [
          "Q13",
          "Q14"
        ]
      },
      {
        "form": "moderna",
        "gram": [
          "Q12",
          "Q15"
        ]
      },
      {
        "form": "modernas",
        "gram": [
          "Q13",
          "Q15"
        ]
      }
    ],
    "pos": "Q8",
    "hyphen": "mo|der|nb",
    "gender": "Q14",
    "senses": [
      "# [[moderno"
    ]
  }
}