{
  "URI": "https://lhenguabase.wikibase.cloud/entity/L534",
  "entry": {
    "wikitext": "={{-mwl-}}=\u00b6==Substantivo==\u00b6{{flex.mwl|ms=modo|mp=modos}}\u00b6{{parox\u00edtona|mo|do|l\u00edngua=mwl}}, {{m}}\u00b6# [[modo#Portugu\u00eas|modo]]\u00b6# [[maneira#Portugu\u00eas|maneira]]\u00b6\u00b6[[Categoria:Substantivo (Mirand\u00eas)]]",
    "lemma": "modo",
    "reference": "https://pt.wiktionary.org/wiki/modo#mwl",
    "forms": [
      {
        "form": "modo",
        "gram": [
          "Q12",
          "Q14"
        ]
      },
      {
        "form": "modos",
        "gram": [
          "Q13",
          "Q14"
        ]
      }
    ],
    "pos": "Q6",
    "hyphen": "mo|do",
    "gender": "Q14",
    "senses": [
      "# [[modo"
    ]
  }
}