{
  "URI": "https://lhenguabase.wikibase.cloud/entity/L1401",
  "entry": {
    "wikitext": "={{-mwl-}}=\u00b6[[Imagem:Opprebais_MV1aJPG.jpg|thumb|200px|moinho de vento]]\u00b6\u00b6==Substantivo==\u00b6{{flex.mwl|ms=molino|mp=molinos}}\u00b6{{parox\u00edtona|mo|li|no|l\u00edngua=mwl}}, {{m}}\u00b6# [[moinho]]\u00b6\u00b6[[Categoria:Substantivo (Mirand\u00eas)]]\u00b6[[Categoria:Entrada com imagem (Mirand\u00eas)]]",
    "lemma": "molino",
    "reference": "https://pt.wiktionary.org/wiki/molino#mwl",
    "forms": [
      {
        "form": "molino",
        "gram": [
          "Q12",
          "Q14"
        ]
      },
      {
        "form": "molinos",
        "gram": [
          "Q13",
          "Q14"
        ]
      }
    ],
    "pos": "Q6",
    "hyphen": "mo|li|no",
    "gender": "Q14",
    "senses": [
      "# [[moinho]]"
    ]
  }
}