{
  "URI": "https://lhenguabase.wikibase.cloud/entity/L1082",
  "entry": {
    "wikitext": "={{-mwl-}}=\u00b6[[Imagem:Autumn_Red_peaches.jpg|thumb|150px|morcones]]\u00b6\u00b6==Substantivo==\u00b6{{flex.mwl|ms=morcon|mp=morcones}}\u00b6{{ox\u00edtona|mor|con|l\u00edngua=mwl}}, {{m}}\u00b6# {{escopo|mwl|fruta}} [[p\u00eassego]]\u00b6# [[pessoa]] pouco desenrascada\u00b6\u00b6==Sin\u00f3nimos (de 1)==\u00b6* [[mortecon]]\u00b6* [[marcoton]]\u00b6* [[melecoton]]\u00b6* [[pierxigo]]\u00b6\u00b6==Ver tamb\u00e9m==\u00b6===No Wikcion\u00e1rio===\u00b6{{verTamb\u00e9m.Ini}}\u00b6* [[morconal]]\u00b6{{verTamb\u00e9m.NovaColuna}}\u00b6* [[morconeiro]]\u00b6{{verTamb\u00e9m.Fim}}\u00b6\u00b6[[Categoria:Substantivo (Mirand\u00eas)]]\u00b6[[Categoria:Bot\u00e2nica (Mirand\u00eas)]]\u00b6[[Categoria:Entrada com imagem (Mirand\u00eas)]]",
    "lemma": "morcon",
    "reference": "https://pt.wiktionary.org/wiki/morcon#mwl",
    "forms": [
      {
        "form": "morcon",
        "gram": [
          "Q12",
          "Q14"
        ]
      },
      {
        "form": "morcones",
        "gram": [
          "Q13",
          "Q14"
        ]
      }
    ],
    "pos": "Q6",
    "hyphen": "mor|con",
    "gender": "Q14",
    "senses": [
      "# {{escopo|mwl|fruta}} [[p\u00eassego]]"
    ]
  }
}