{
  "URI": "https://lhenguabase.wikibase.cloud/entity/L461",
  "entry": {
    "wikitext": "={{-mwl-}}=\u00b6[[Imagem:Amygdalus_persica_cv_Stellata.JPG|thumb|150px|morconal]]\u00b6\u00b6==Substantivo==\u00b6{{flex.mwl|ms=morconeiro|mp=morconeiros}}\u00b6{{parox\u00edtona|mor|co|nei|ro|l\u00edngua=mwl}}, {{m}}\u00b6# {{escopo|mwl|\u00e1rvore}} [[pessegueiro]]\u00b6\u00b6==Ver tamb\u00e9m==\u00b6===No Wikcion\u00e1rio===\u00b6{{verTamb\u00e9m.Ini}}\u00b6* [[morcon]]\u00b6{{verTamb\u00e9m.NovaColuna}}\u00b6* [[morconal]]\u00b6{{verTamb\u00e9m.Fim}}\u00b6\u00b6[[Categoria:Substantivo (Mirand\u00eas)]]\u00b6[[Categoria:Bot\u00e2nica (Mirand\u00eas)]]\u00b6[[Categoria:Entrada com imagem (Mirand\u00eas)]]",
    "lemma": "morconeiro",
    "reference": "https://pt.wiktionary.org/wiki/morconeiro#mwl",
    "forms": [
      {
        "form": "morconeiro",
        "gram": [
          "Q12",
          "Q14"
        ]
      },
      {
        "form": "morconeiros",
        "gram": [
          "Q13",
          "Q14"
        ]
      }
    ],
    "pos": "Q6",
    "hyphen": "mor|co|nei|ro",
    "gender": "Q14",
    "senses": [
      "# {{escopo|mwl|\u00e1rvore}} [[pessegueiro]]"
    ]
  }
}