{
  "URI": "https://lhenguabase.wikibase.cloud/entity/L982",
  "entry": {
    "wikitext": "={{-mwl-}}=\u00b6==Substantivo==\u00b6{{flex.mwl|fs=mosca|fp=moscas}}\u00b6{{parox\u00edtona|mos|ca|l\u00edngua=mwl}}, {{gram\u00e1tica|f}}\u00b6# {{escopo|mwl|Inseto}} [[mosca#Portugu\u00eas|mosca]]\u00b6# {{escopo|mwl|Inseto}} [[mosca#Portugu\u00eas|mosca]] [[dom\u00e9stica]] (''[[species:Musca domestica|Musca domestica]]'')\u00b6# [[mosca#Portugu\u00eas|mosca]] <sup>4</sup>\u00b6\u00b6==Ver tamb\u00e9m==\u00b6===No Wikcion\u00e1rio===\u00b6{{verTamb\u00e9m.Ini}}\u00b6* [[mosca carejeira]]\u00b6{{verTamb\u00e9m.Fim}}\u00b6\u00b6[[Categoria:Substantivo (Mirand\u00eas)]]\u00b6[[Categoria:Animal (Mirand\u00eas)]]\u00b6[[Categoria:Entrada com imagem (Mirand\u00eas)]]",
    "lemma": "mosca",
    "reference": "https://pt.wiktionary.org/wiki/mosca#mwl",
    "forms": [
      {
        "form": "mosca",
        "gram": [
          "Q12",
          "Q15"
        ]
      },
      {
        "form": "moscas",
        "gram": [
          "Q13",
          "Q15"
        ]
      }
    ],
    "pos": "Q6",
    "hyphen": "mos|ca",
    "senses": [
      "# {{escopo|mwl|Inseto}} [[mosca"
    ]
  }
}