{
  "URI": "https://lhenguabase.wikibase.cloud/entity/L1127",
  "entry": {
    "wikitext": "={{-mwl-}}=\u00b6==Substantivo==\u00b6{{flex.mwl|fs=muda|fp=mudas}}\u00b6{{parox\u00edtona|mu|da|l\u00edngua=mwl}}, {{f}}\u00b6# [[muda#Portugu\u00eas|muda]], [[mudan\u00e7a]]\u00b6\u00b6===Sin\u00f3nimo===\u00b6* [[mudan\u00e7a]]\u00b6\u00b6==Forma de adjetivo==\u00b6{{parox\u00edtona|mu|da|l\u00edngua=mwl}}\u00b6# feminino de '''[[mudo#{{mwl}}|mudo]]'''\u00b6\u00b6==Forma de substantivo==\u00b6{{parox\u00edtona|mu|da|l\u00edngua=mwl}}\u00b6# feminino de '''[[mudo#{{mwl}}|mudo]]'''\u00b6\u00b6[[Categoria:Substantivo (Mirand\u00eas)]]\u00b6[[Categoria:Forma de adjetivo (Mirand\u00eas)]]\u00b6[[Categoria:Forma de substantivo (Mirand\u00eas)]]",
    "lemma": "muda",
    "reference": "https://pt.wiktionary.org/wiki/muda#mwl",
    "forms": [
      {
        "form": "muda",
        "gram": [
          "Q12",
          "Q15"
        ]
      },
      {
        "form": "mudas",
        "gram": [
          "Q13",
          "Q15"
        ]
      }
    ],
    "pos": "Q6",
    "hyphen": "mu|da",
    "gender": "Q15",
    "senses": [
      "# [[muda"
    ]
  }
}