{
  "URI": "https://lhenguabase.wikibase.cloud/entity/L530",
  "entry": {
    "wikitext": "={{-mwl-}}=\u00b6==Substantivo==\u00b6{{flex.mwl|fs=mude\u00e7|fp=mudezes}}\u00b6{{ox\u00edtona|mu|de\u00e7|l\u00edngua=mwl}}, {{m}}\u00b6# [[mudez]]\u00b6\u00b6[[Categoria:Substantivo (Mirand\u00eas)]]",
    "lemma": "mude\u00e7",
    "reference": "https://pt.wiktionary.org/wiki/mude\u00e7#mwl",
    "forms": [
      {
        "form": "mude\u00e7",
        "gram": [
          "Q12",
          "Q15"
        ]
      },
      {
        "form": "mudezes",
        "gram": [
          "Q13",
          "Q15"
        ]
      }
    ],
    "pos": "Q6",
    "hyphen": "mu|de\u00e7",
    "gender": "Q14",
    "senses": [
      "# [[mudez]]"
    ]
  }
}