{
  "URI": "https://lhenguabase.wikibase.cloud/entity/L1562",
  "entry": {
    "wikitext": "={{-mwl-}}=\u00b6==Adjetivo==\u00b6{{flex.mwl|ms=mudo|mp=mudos|fs=muda|fp=mudas}}\u00b6{{parox\u00edtona|mu|do|l\u00edngua=mwl}}, {{m}}\u00b6# [[mudo#Portugu\u00eas|mudo]]\u00b6\u00b6==Substantivo==\u00b6{{flex.mwl|ms=mudo|mp=mudos|fs=muda|fp=mudas}}\u00b6{{parox\u00edtona|mu|do|l\u00edngua=mwl}}, {{m}}\u00b6# [[mudo#Portugu\u00eas|mudo]]\u00b6\u00b6[[Categoria:Substantivo (Mirand\u00eas)]]\u00b6[[Categoria:Adjetivo (Mirand\u00eas)]]",
    "lemma": "mudo",
    "reference": "https://pt.wiktionary.org/wiki/mudo#mwl",
    "forms": [
      {
        "form": "mudo",
        "gram": [
          "Q12",
          "Q14"
        ]
      },
      {
        "form": "mudos",
        "gram": [
          "Q13",
          "Q14"
        ]
      },
      {
        "form": "muda",
        "gram": [
          "Q12",
          "Q15"
        ]
      },
      {
        "form": "mudas",
        "gram": [
          "Q13",
          "Q15"
        ]
      }
    ],
    "pos": "Q6",
    "hyphen": "mu|do",
    "gender": "Q14",
    "senses": [
      "# [[mudo"
    ]
  }
}