{
  "URI": "https://lhenguabase.wikibase.cloud/entity/L280",
  "entry": {
    "wikitext": "={{-mwl-}}=\u00b6==Substantivo==\u00b6{{flex.mwl|ms=murcielago|mp=murcielagos}}\u00b6{{proparox\u00edtona|mur|cie|la|go|l\u00edngua=mwl}}, {{m}}\u00b6# {{escopo|mwl|Mam\u00edfero}} [[morcego]] (g\u00e9nero ''[[species:Chiroptera|Chiroptera]]'')\u00b6\u00b6===Formas alternativas===\u00b6* {{link idioma|murciegano|mwl}}\u00b6* {{link idioma|murciego|mwl}}\u00b6\u00b6[[Categoria:Substantivo (Mirand\u00eas)]]\u00b6[[Categoria:Animal (Mirand\u00eas)]]\u00b6[[Categoria:Entrada com imagem (Mirand\u00eas)]]",
    "lemma": "murcielago",
    "reference": "https://pt.wiktionary.org/wiki/murcielago#mwl",
    "forms": [
      {
        "form": "murcielago",
        "gram": [
          "Q12",
          "Q14"
        ]
      },
      {
        "form": "murcielagos",
        "gram": [
          "Q13",
          "Q14"
        ]
      }
    ],
    "pos": "Q6",
    "hyphen": "mur|cie|la|go",
    "gender": "Q14",
    "senses": [
      "# {{escopo|mwl|Mam\u00edfero}} [[morcego]] (g\u00e9nero ''[[species:Chiroptera|Chiroptera]]'')"
    ]
  }
}