{
  "URI": "https://lhenguabase.wikibase.cloud/entity/L1514",
  "entry": {
    "wikitext": "={{-mwl-}}=\u00b6==Substantivo==\u00b6{{flex.mwl|mp=m\u00e1ssimos}}\u00b6{{proparox\u00edtona|m\u00e1s|si|mos|l\u00edngua=mwl}}\u00b6# os [[m\u00e1ximo]]s, luzes do carro\u00b6\u00b6==Forma de substantivo==\u00b6{{proparox\u00edtona|m\u00e1s|si|mos|l\u00edngua=mwl}}\u00b6# plural de '''[[m\u00e1ssimo#{{mwl}}|m\u00e1ssimo]]'''\u00b6\u00b6[[Categoria:Substantivo (Mirand\u00eas)]]\u00b6[[Categoria:Forma de substantivo (Mirand\u00eas)]]\u00b6[[Categoria:Pluralia tantum (Mirand\u00eas)]]",
    "lemma": "m\u00e1ssimos",
    "reference": "https://pt.wiktionary.org/wiki/m\u00e1ssimos#mwl",
    "forms": [
      {
        "form": "m\u00e1ssimos",
        "gram": [
          "Q13",
          "Q14"
        ]
      }
    ],
    "pos": "Q6",
    "hyphen": "m\u00e1s|si|mos",
    "senses": [
      "# os [[m\u00e1ximo]]s, luzes do carro"
    ]
  }
}