{
  "URI": "https://lhenguabase.wikibase.cloud/entity/L396",
  "entry": {
    "wikitext": "={{-mwl-}}=\u00b6==Substantivo==\u00b6{{flex.mwl|ms=m\u00e9s|mp=meses}}\u00b6{{ox\u00edtona|m\u00e9s|l\u00edngua=mwl}}, {{m}}\u00b6# [[m\u00eas]]\u00b6\u00b6[[Categoria:Substantivo (Mirand\u00eas)]]\u00b6[[Categoria:Tempo (Mirand\u00eas)]]",
    "lemma": "m\u00e9s",
    "reference": "https://pt.wiktionary.org/wiki/m\u00e9s#mwl",
    "forms": [
      {
        "form": "m\u00e9s",
        "gram": [
          "Q12",
          "Q14"
        ]
      },
      {
        "form": "meses",
        "gram": [
          "Q13",
          "Q14"
        ]
      }
    ],
    "pos": "Q6",
    "hyphen": "m\u00e9s",
    "gender": "Q14",
    "senses": [
      "# [[m\u00eas]]"
    ]
  }
}