{
  "URI": "https://lhenguabase.wikibase.cloud/entity/L404",
  "entry": {
    "wikitext": "={{-mwl-}}=\u00b6==Substantivo==\u00b6{{flex.mwl|ms=m\u00ed\u00e7caro|mp=m\u00ed\u00e7caros}}\u00b6{{proparox\u00edtona|m\u00ed\u00e7|ca|ro|l\u00edngua=mwl}}, {{m}}\u00b6# {{escopo|mwl|Fungo}} [[cogumelo]] comest\u00edvel da esp\u00e9cie ''[[species:Tricholoma equestre|Tricholoma equestre]]''\u00b6\u00b6===Sin\u00f3nimo===\u00b6* [[tortulho#Mirand\u00eas|tortulho]]\u00b6\u00b6[[Categoria:Substantivo (Mirand\u00eas)]]\u00b6[[Categoria:Entrada com imagem (Mirand\u00eas)]]",
    "lemma": "m\u00ed\u00e7caro",
    "reference": "https://pt.wiktionary.org/wiki/m\u00ed\u00e7caro#mwl",
    "forms": [
      {
        "form": "m\u00ed\u00e7caro",
        "gram": [
          "Q12",
          "Q14"
        ]
      },
      {
        "form": "m\u00ed\u00e7caros",
        "gram": [
          "Q13",
          "Q14"
        ]
      }
    ],
    "pos": "Q6",
    "hyphen": "m\u00ed\u00e7|ca|ro",
    "gender": "Q14",
    "senses": [
      "# {{escopo|mwl|Fungo}} [[cogumelo]] comest\u00edvel da esp\u00e9cie ''[[species:Tricholoma equestre|Tricholoma equestre]]''"
    ]
  }
}