{
  "URI": "https://lhenguabase.wikibase.cloud/entity/L1252",
  "entry": {
    "wikitext": "={{-mwl-}}=\u00b6==Substantivo==\u00b6{{flex.mwl|ms=nacionalismo|mp=nacionalismos}}\u00b6{{parox\u00edtona|na|ci|o|na|lis|mo|id=mwl}}, {{gram\u00e1tica|m|id=mwl}}\u00b6# {{escopo|mwl|Pol\u00edtica}} [[nacionalismo#{{pt}}|nacionalismo]]\u00b6# {{escopo|mwl|Sentimento}} [[nacionalismo#{{pt}}|nacionalismo]]\u00b6# {{escopo|mwl|Militar}} [[nacionalismo#{{pt}}|nacionalismo]]\u00b6\u00b6[[Categoria:Substantivo (Mirand\u00eas)]]",
    "lemma": "nacionalismo",
    "reference": "https://pt.wiktionary.org/wiki/nacionalismo#mwl",
    "forms": [
      {
        "form": "nacionalismo",
        "gram": [
          "Q12",
          "Q14"
        ]
      },
      {
        "form": "nacionalismos",
        "gram": [
          "Q13",
          "Q14"
        ]
      }
    ],
    "pos": "Q6",
    "hyphen": "na|ci|o|na|lis|mo",
    "senses": [
      "# {{escopo|mwl|Pol\u00edtica}} [[nacionalismo"
    ]
  }
}