{
  "URI": "https://lhenguabase.wikibase.cloud/entity/L287",
  "entry": {
    "wikitext": "={{-mwl-}}=\u00b6==Substantivo==\u00b6{{flex.mwl|fs=nacion|fp=naciones}}\u00b6{{ox\u00edtona|na|cion|l\u00edngua=mwl}}, {{f}}\u00b6# [[na\u00e7\u00e3o]]\u00b6\u00b6===Formas alternativas===\u00b6* [[na\u00e7on]]\u00b6\u00b6=={{etimologia|mwl}}==\u00b6:Do {{etm|la|mwl}} {{etimo|la|natio}}.\u00b6\u00b6\u00b6={{-oc-}}=\u00b6==Substantivo==\u00b6{{flex.oc|fs=nacion|fp=nacions}}\u00b6'''nacion'''\u00b6# [[na\u00e7\u00e3o]]\u00b6\u00b6=={{etimologia|oc}}==\u00b6:Do {{etm|la|oc}} {{etimo|la|nationem}}, acusativo singular de [[natio]], [[nationis]].\u00b6\u00b6\u00b6[[Categoria:Substantivo (Mirand\u00eas)]]",
    "lemma": "nacion",
    "reference": "https://pt.wiktionary.org/wiki/nacion#mwl",
    "forms": [
      {
        "form": "nacion",
        "gram": [
          "Q12",
          "Q15"
        ]
      },
      {
        "form": "naciones",
        "gram": [
          "Q13",
          "Q15"
        ]
      }
    ],
    "pos": "Q6",
    "hyphen": "na|cion",
    "gender": "Q15",
    "senses": [
      "# [[na\u00e7\u00e3o]]"
    ]
  }
}