{
  "URI": "https://lhenguabase.wikibase.cloud/entity/L1403",
  "entry": {
    "wikitext": "={{-mwl-}}=\u00b6==Substantivo==\u00b6{{flex.mwl|s=nacional|p=nacionales}}\u00b6{{ox\u00edtona|na|ci|o|nal|l\u00edngua=mwl}}, {{gram\u00e1tica|c2g|id=mwl}}\u00b6# [[nacional#{{pt}}|nacional]]\u00b6\u00b6[[Categoria:Substantivo (Mirand\u00eas)]]",
    "lemma": "nacional",
    "reference": "https://pt.wiktionary.org/wiki/nacional#mwl",
    "forms": [
      {
        "form": "nacional",
        "gram": [
          "Q12"
        ]
      },
      {
        "form": "nacionales",
        "gram": [
          "Q13"
        ]
      }
    ],
    "pos": "Q6",
    "hyphen": "na|ci|o|nal",
    "senses": [
      "# [[nacional"
    ]
  }
}