{
  "URI": "https://lhenguabase.wikibase.cloud/entity/L400",
  "entry": {
    "wikitext": "={{-mwl-}}=\u00b6==Adv\u00e9rbio==\u00b6{{parox\u00edtona|na|da|l\u00edngua=mwl}}\u00b6# [[nada#{{pt}}|nada]]\u00b6\u00b6==Pronome==\u00b6{{parox\u00edtona|na|da|l\u00edngua=mwl}}, ''indefinido''\u00b6# [[nada#{{pt}}|nada]]\u00b6\u00b6==Substantivo==\u00b6{{parox\u00edtona|na|da|l\u00edngua=mwl}}, {{gram\u00e1tica|m}}\u00b6# [[nada#{{pt}}|nada]]\u00b6\u00b6[[Categoria:Substantivo (Mirand\u00eas)]]\u00b6[[Categoria:Adv\u00e9rbio (Mirand\u00eas)]]\u00b6[[Categoria:Pronome (Mirand\u00eas)]]",
    "lemma": "nada",
    "reference": "https://pt.wiktionary.org/wiki/nada#mwl",
    "forms": [],
    "pos": "Q6",
    "hyphen": "na|da",
    "senses": [
      "# [[nada"
    ]
  }
}