{
  "URI": "https://lhenguabase.wikibase.cloud/entity/L936",
  "entry": {
    "wikitext": "={{-mwl-}}=\u00b6==Substantivo==\u00b6{{flex.mwl|ms=nari\u00e7|mp=narizes}}\u00b6{{ox\u00edtona|na|ri\u00e7|l\u00edngua=mwl}}, {{m}}\u00b6# {{escopo|mwl|Anatomia}} [[nariz]]\u00b6\u00b6[[Categoria:Substantivo (Mirand\u00eas)]]\u00b6[[Categoria:Entrada com imagem (Mirand\u00eas)]]",
    "lemma": "nari\u00e7",
    "reference": "https://pt.wiktionary.org/wiki/nari\u00e7#mwl",
    "forms": [
      {
        "form": "nari\u00e7",
        "gram": [
          "Q12",
          "Q14"
        ]
      },
      {
        "form": "narizes",
        "gram": [
          "Q13",
          "Q14"
        ]
      }
    ],
    "pos": "Q6",
    "hyphen": "na|ri\u00e7",
    "gender": "Q14",
    "senses": [
      "# {{escopo|mwl|Anatomia}} [[nariz]]"
    ]
  }
}