{
  "URI": "https://lhenguabase.wikibase.cloud/entity/L661",
  "entry": {
    "wikitext": "={{-mwl-}}=\u00b6==Substantivo==\u00b6{{flex.mwl|fs=naturaleza|fp=naturalezas}}\u00b6{{parox\u00edtona|na|tu|ra|le|za|l\u00edngua=mwl}}, {{f}}\u00b6# [[natureza#Portugu\u00eas|natureza]]\u00b6\u00b6===Formas alternativas===\u00b6* {{link idioma|natureza|mwl}}\u00b6\u00b6[[Categoria:Substantivo (Mirand\u00eas)]]",
    "lemma": "naturaleza",
    "reference": "https://pt.wiktionary.org/wiki/naturaleza#mwl",
    "forms": [
      {
        "form": "naturaleza",
        "gram": [
          "Q12",
          "Q15"
        ]
      },
      {
        "form": "naturalezas",
        "gram": [
          "Q13",
          "Q15"
        ]
      }
    ],
    "pos": "Q6",
    "hyphen": "na|tu|ra|le|za",
    "gender": "Q15",
    "senses": [
      "# [[natureza"
    ]
  }
}