{
  "URI": "https://lhenguabase.wikibase.cloud/entity/L866",
  "entry": {
    "wikitext": "={{-mwl-}}=\u00b6==Adjetivo==\u00b6{{flex.mwl|s=natural|p=naturales}}\u00b6{{ox\u00edtona|na|tu|ral|l\u00edngua=mwl}}\u00b6# [[natural#Portugu\u00eas|natural]]\u00b6\u00b6==Substantivo==\u00b6{{flex.mwl|s=natural|p=naturales}}\u00b6{{ox\u00edtona|na|tu|ral|l\u00edngua=mwl}}\u00b6# [[natural#Portugu\u00eas|natural]]\u00b6\u00b6[[Categoria:Adjetivo (Mirand\u00eas)]]\u00b6[[Categoria:Substantivo (Mirand\u00eas)]]",
    "lemma": "natural",
    "reference": "https://pt.wiktionary.org/wiki/natural#mwl",
    "forms": [
      {
        "form": "natural",
        "gram": [
          "Q12"
        ]
      },
      {
        "form": "naturales",
        "gram": [
          "Q13"
        ]
      }
    ],
    "pos": "Q8",
    "hyphen": "na|tu|ral",
    "senses": [
      "# [[natural"
    ]
  }
}