{
  "URI": "https://lhenguabase.wikibase.cloud/entity/L542",
  "entry": {
    "wikitext": "={{-mwl-}}=\u00b6==Substantivo==\u00b6{{flex.mwl|fs=nebrina|fp=nebrinas}}\u00b6{{parox\u00edtona|ne|bri|na|l\u00edngua=mwl}}, {{gram\u00e1tica|f}}\u00b6# {{escopo|mwl|Meteorologia}} [[neblina]]\u00b6\u00b6===Formas alternativas===\u00b6* {{link idioma|nubrina|mwl}}\u00b6\u00b6[[Categoria:Substantivo (Mirand\u00eas)]]",
    "lemma": "nebrina",
    "reference": "https://pt.wiktionary.org/wiki/nebrina#mwl",
    "forms": [
      {
        "form": "nebrina",
        "gram": [
          "Q12",
          "Q15"
        ]
      },
      {
        "form": "nebrinas",
        "gram": [
          "Q13",
          "Q15"
        ]
      }
    ],
    "pos": "Q6",
    "hyphen": "ne|bri|na",
    "senses": [
      "# {{escopo|mwl|Meteorologia}} [[neblina]]"
    ]
  }
}