{
  "URI": "https://lhenguabase.wikibase.cloud/entity/L1386",
  "entry": {
    "wikitext": "={{-mwl-}}=\u00b6==Substantivo==\u00b6'''Nepal''', {{gram\u00e1tica|pr}}\u00b6# {{escopo|mwl|Pa\u00eds}} [[Nepal#Portugu\u00eas|Nepal]]\u00b6\u00b6=={{Etimologia|mwl}}==\u00b6{{etimo2|ne|\u0928\u0947\u092a\u093e\u0932|mwl}}\u00b6\u00b6==Ver tamb\u00e9m==\u00b6===No Wikcion\u00e1rio===\u00b6{{\u00c1sia/mwl}}\u00b6\u00b6[[Categoria:Substantivo (Mirand\u00eas)]]\u00b6[[Categoria:Entrada com imagem (Mirand\u00eas)]]",
    "lemma": "Nepal",
    "reference": "https://pt.wiktionary.org/wiki/Nepal#mwl",
    "forms": [],
    "pos": "Q6",
    "senses": [
      "# {{escopo|mwl|Pa\u00eds}} [[Nepal"
    ]
  }
}