{
  "URI": "https://lhenguabase.wikibase.cloud/entity/L1147",
  "entry": {
    "wikitext": "={{-mwl-}}=\u00b6==Adjetivo==\u00b6{{flex.mwl|ms=ne\u00e7airo|mp=ne\u00e7airos|fs=ne\u00e7aira|fp=ne\u00e7airas}}\u00b6{{parox\u00edtona|ne|\u00e7ai|ro|l\u00edngua=mwl}}, {{m}}\u00b6# [[necess\u00e1rio]]\u00b6\u00b6[[Categoria:Adjetivo (Mirand\u00eas)]]",
    "lemma": "ne\u00e7airo",
    "reference": "https://pt.wiktionary.org/wiki/ne\u00e7airo#mwl",
    "forms": [
      {
        "form": "ne\u00e7airo",
        "gram": [
          "Q12",
          "Q14"
        ]
      },
      {
        "form": "ne\u00e7airos",
        "gram": [
          "Q13",
          "Q14"
        ]
      },
      {
        "form": "ne\u00e7aira",
        "gram": [
          "Q12",
          "Q15"
        ]
      },
      {
        "form": "ne\u00e7airas",
        "gram": [
          "Q13",
          "Q15"
        ]
      }
    ],
    "pos": "Q8",
    "hyphen": "ne|\u00e7ai|ro",
    "gender": "Q14",
    "senses": [
      "# [[necess\u00e1rio]]"
    ]
  }
}