{
  "URI": "https://lhenguabase.wikibase.cloud/entity/L1295",
  "entry": {
    "wikitext": "={{-mwl-}}=\u00b6==Substantivo==\u00b6{{parox\u00edtona|nie|be|l\u00edngua=mwl}}, {{f}}\u00b6# {{escopo|mwl|Meteorologia}} [[neve]]\u00b6\u00b6[[Categoria:Substantivo (Mirand\u00eas)]]\u00b6[[Categoria:Meteorologia (Mirand\u00eas)]]",
    "lemma": "niebe",
    "reference": "https://pt.wiktionary.org/wiki/niebe#mwl",
    "forms": [],
    "pos": "Q6",
    "hyphen": "nie|be",
    "gender": "Q15",
    "senses": [
      "# {{escopo|mwl|Meteorologia}} [[neve]]"
    ]
  }
}