{
  "URI": "https://lhenguabase.wikibase.cloud/entity/L190",
  "entry": {
    "wikitext": "={{-mwl-}}=\u00b6==Substantivo==\u00b6{{flex.mwl|ms=nieto|mp=nietos}}\u00b6{{parox\u00edtona|nie|to|l\u00edngua=mwl}}, {{m}}\u00b6# [[neto#Portugu\u00eas|neto]]\u00b6\u00b6{{Predefini\u00e7\u00e3o:fam\u00edlia/mwl}}\u00b6\u00b6[[Categoria:Substantivo (Mirand\u00eas)]]\u00b6[[Categoria:Fam\u00edlia (Mirand\u00eas)]]",
    "lemma": "nieto",
    "reference": "https://pt.wiktionary.org/wiki/nieto#mwl",
    "forms": [
      {
        "form": "nieto",
        "gram": [
          "Q12",
          "Q14"
        ]
      },
      {
        "form": "nietos",
        "gram": [
          "Q13",
          "Q14"
        ]
      }
    ],
    "pos": "Q6",
    "hyphen": "nie|to",
    "gender": "Q14",
    "senses": [
      "# [[neto"
    ]
  }
}