{
  "URI": "https://lhenguabase.wikibase.cloud/entity/L1105",
  "entry": {
    "wikitext": "={{-mwl-}}=\u00b6==Substantivo==\u00b6{{flex.mwl|ms=notairo|mp=notairos|fs=notaira|fp=notairas}}\u00b6{{parox\u00edtona|no|tai|ro|l\u00edngua=mwl}}, {{m}}\u00b6# {{escopo|mwl|Profiss\u00e3o}} [[not\u00e1rio]]\u00b6\u00b6[[Categoria:Substantivo (Mirand\u00eas)]]",
    "lemma": "notairo",
    "reference": "https://pt.wiktionary.org/wiki/notairo#mwl",
    "forms": [
      {
        "form": "notairo",
        "gram": [
          "Q12",
          "Q14"
        ]
      },
      {
        "form": "notairos",
        "gram": [
          "Q13",
          "Q14"
        ]
      },
      {
        "form": "notaira",
        "gram": [
          "Q12",
          "Q15"
        ]
      },
      {
        "form": "notairas",
        "gram": [
          "Q13",
          "Q15"
        ]
      }
    ],
    "pos": "Q6",
    "hyphen": "no|tai|ro",
    "gender": "Q14",
    "senses": [
      "# {{escopo|mwl|Profiss\u00e3o}} [[not\u00e1rio]]"
    ]
  }
}