{
  "URI": "https://lhenguabase.wikibase.cloud/entity/L1123",
  "entry": {
    "wikitext": "={{-mwl-}}=\u00b6[[Imagem:2013%2C_Albuquerque%2C_View_S%2C_Rio_Grande_River_-_panoramio.jpg|thumb|150px|rio \u00e0 noite]]\u00b6\u00b6==Substantivo==\u00b6{{flex.mwl|fs=nuite|fp=nuites}}\u00b6{{parox\u00edtona|nui|te|l\u00edngua=mwl}}, {{f}}\u00b6# [[noite]]\u00b6\u00b6==Express\u00e3o==\u00b6* [[buonas nuites]]\u00b6\u00b6==Ant\u00f3nimo==\u00b6* [[die#Mirand\u00eas|die]]\u00b6\u00b6[[Categoria:Substantivo (Mirand\u00eas)]]\u00b6[[Categoria:Entrada com imagem (Mirand\u00eas)]]",
    "lemma": "nuite",
    "reference": "https://pt.wiktionary.org/wiki/nuite#mwl",
    "forms": [
      {
        "form": "nuite",
        "gram": [
          "Q12",
          "Q15"
        ]
      },
      {
        "form": "nuites",
        "gram": [
          "Q13",
          "Q15"
        ]
      }
    ],
    "pos": "Q6",
    "hyphen": "nui|te",
    "gender": "Q15",
    "senses": [
      "# [[noite]]"
    ]
  }
}