{
  "URI": "https://lhenguabase.wikibase.cloud/entity/L870",
  "entry": {
    "wikitext": "={{-mwl-}}=\u00b6==Forma de adjetivo==\u00b6{{parox\u00edtona|nuo|bas|l\u00edngua=mwl}}\u00b6# plural feminino de '''[[nuobo]]'''\u00b6\u00b6==Substantivo==\u00b6'''nuobas''' {{fp}}\u00b6# [[novas]], [[not\u00edcia]]s, [[novidade]]s\u00b6\u00b6[[Categoria:Forma de adjetivo (Mirand\u00eas)]]\u00b6[[Categoria:Substantivo (Mirand\u00eas)]]",
    "lemma": "nuobas",
    "reference": "https://pt.wiktionary.org/wiki/nuobas#mwl",
    "forms": [],
    "pos": "Q6",
    "hyphen": "nuo|bas",
    "senses": [
      "# plural feminino de '''[[nuobo]]'''"
    ]
  }
}