{
  "URI": "https://lhenguabase.wikibase.cloud/entity/L907",
  "entry": {
    "wikitext": "={{-mwl-}}=\u00b6==Substantivo==\u00b6{{flex.mwl|fs=nuora|fp=nuoras}}\u00b6{{parox\u00edtona|nuo|ra|l\u00edngua=mwl}}, {{f}}\u00b6# [[nora#Portugu\u00eas|nora]]\u00b6\u00b6{{Predefini\u00e7\u00e3o:fam\u00edlia/mwl}}\u00b6\u00b6[[Categoria:Substantivo (Mirand\u00eas)]]\u00b6[[Categoria:Fam\u00edlia (Mirand\u00eas)]]",
    "lemma": "nuora",
    "reference": "https://pt.wiktionary.org/wiki/nuora#mwl",
    "forms": [
      {
        "form": "nuora",
        "gram": [
          "Q12",
          "Q15"
        ]
      },
      {
        "form": "nuoras",
        "gram": [
          "Q13",
          "Q15"
        ]
      }
    ],
    "pos": "Q6",
    "hyphen": "nuo|ra",
    "gender": "Q15",
    "senses": [
      "# [[nora"
    ]
  }
}