{
  "URI": "https://lhenguabase.wikibase.cloud/entity/L1536",
  "entry": {
    "wikitext": "={{-mwl-}}=\u00b6==Substantivo==\u00b6{{flex.mwl|ms=Oseias|mp=Oseias}}\u00b6{{parox\u00edtona|O|sei|as|id=mwl}}, {{gram\u00e1tica|pr|m2n}}\u00b6# {{escopo|mwl|Antrop\u00f4nimo}} [[Oseias#{{pt}}|Oseias]]\u00b6# {{escopo|mwl|Cristianismo}} [[Oseias#{{pt}}|Oseias]]\u00b6\u00b6==Forma de substantivo==\u00b6{{parox\u00edtona|O|sei|as|id=mwl}}, {{gram\u00e1tica|pr|m2n}}\u00b6# plural de Oseias\u00b6\u00b6{{aviso.flex\u00e3o|Oseias}}\u00b6\u00b6=={{etimologia|mwl}}==\u00b6:{{etimo2|la|Osee|mwl|ponto=n\u00e3o}}, que veio do {{etm|grc|mwl}} {{etimo|grc|\u1f69\u03c3\u03b7\u03ad}} ''(O\u0331si\u0331\u00e9)'' e este do {{etm|hbo|mwl}} {{etimo|hbo|\u05d4\u05d5\u05e9\u05e2}} ''(Hoshe'ah)''. Significa ''Salva\u00e7\u00e3o do Senhor''.\u00b6\u00b6==Ver tamb\u00e9m==\u00b6===No Wikcion\u00e1rio===\u00b6{{b\u00edblia/mwl}}\u00b6\u00b6[[Categoria:Substantivo (Mirand\u00eas)]]\u00b6[[Categoria:Forma de substantivo (Mirand\u00eas)]]",
    "lemma": "Oseias",
    "reference": "https://pt.wiktionary.org/wiki/Oseias#mwl",
    "forms": [
      {
        "form": "Oseias",
        "gram": [
          "Q12",
          "Q14"
        ]
      },
      {
        "form": "Oseias",
        "gram": [
          "Q13",
          "Q14"
        ]
      }
    ],
    "pos": "Q6",
    "hyphen": "O|sei|as",
    "senses": [
      "# {{escopo|mwl|Antrop\u00f4nimo}} [[Oseias"
    ]
  }
}