{
  "URI": "https://lhenguabase.wikibase.cloud/entity/L1348",
  "entry": {
    "wikitext": "={{-mwl-}}=\u00b6==Substantivo==\u00b6{{flex.mwl|ms=oubino|mp=oubinos}}\u00b6{{parox\u00edtona|ou|bi|no|l\u00edngua=mwl}}, {{m}}\u00b6# [[ovino]]\u00b6\u00b6[[Categoria:Substantivo (Mirand\u00eas)]]\u00b6[[Categoria:Animal (Mirand\u00eas)]]\u00b6[[Categoria:Zoologia (Mirand\u00eas)]]",
    "lemma": "oubino",
    "reference": "https://pt.wiktionary.org/wiki/oubino#mwl",
    "forms": [
      {
        "form": "oubino",
        "gram": [
          "Q12",
          "Q14"
        ]
      },
      {
        "form": "oubinos",
        "gram": [
          "Q13",
          "Q14"
        ]
      }
    ],
    "pos": "Q6",
    "hyphen": "ou|bi|no",
    "gender": "Q14",
    "senses": [
      "# [[ovino]]"
    ]
  }
}