{
  "URI": "https://lhenguabase.wikibase.cloud/entity/L1049",
  "entry": {
    "wikitext": "={{-mwl-}}=\u00b6==Substantivo==\u00b6{{flex.mwl|fs=oubjetebidade|fp=oubjetebidades}}\u00b6{{parox\u00edtona|ou|bje|te|bi|da|de|l\u00edngua=mwl}}, {{f}}\u00b6# [[objetividade]]\u00b6\u00b6===Formas alternativas===\u00b6* {{link idioma|oujetebidade|mwl}}\u00b6\u00b6[[Categoria:Substantivo (Mirand\u00eas)]]",
    "lemma": "oubjetebidade",
    "reference": "https://pt.wiktionary.org/wiki/oubjetebidade#mwl",
    "forms": [
      {
        "form": "oubjetebidade",
        "gram": [
          "Q12",
          "Q15"
        ]
      },
      {
        "form": "oubjetebidades",
        "gram": [
          "Q13",
          "Q15"
        ]
      }
    ],
    "pos": "Q6",
    "hyphen": "ou|bje|te|bi|da|de",
    "gender": "Q15",
    "senses": [
      "# [[objetividade]]"
    ]
  }
}