{
  "URI": "https://lhenguabase.wikibase.cloud/entity/L1190",
  "entry": {
    "wikitext": "={{-mwl-}}=\u00b6==Adjetivo==\u00b6{{flex.mwl|ms=oubjetibo|mp=oubjetibos|fs=oubjetiba|fp=oubjetibas}}\u00b6{{parox\u00edtona|ou|bje|ti|bo|l\u00edngua=mwl}}, {{m}}\u00b6# [[objetivo]]\u00b6\u00b6==Substantivo==\u00b6{{flex.mwl|ms=oubjetibo|mp=oubjetibos}}\u00b6{{parox\u00edtona|ou|bje|ti|bo|l\u00edngua=mwl}}, {{m}}\u00b6# [[objetivo]]\u00b6\u00b6===Formas alternativas===\u00b6* {{link idioma|oujetibo|mwl}} \u00b6==Ver tamb\u00e9m==\u00b6===No Wikcion\u00e1rio===\u00b6{{verTamb\u00e9m.Ini}}\u00b6* [[oubjetebidade]]\u00b6{{verTamb\u00e9m.NovaColuna}}\u00b6* [[oubjeto]]\u00b6{{verTamb\u00e9m.Fim}}\u00b6\u00b6[[Categoria:Substantivo (Mirand\u00eas)]]\u00b6[[Categoria:Adjetivo (Mirand\u00eas)]]",
    "lemma": "oubjetibo",
    "reference": "https://pt.wiktionary.org/wiki/oubjetibo#mwl",
    "forms": [
      {
        "form": "oubjetibo",
        "gram": [
          "Q12",
          "Q14"
        ]
      },
      {
        "form": "oubjetibos",
        "gram": [
          "Q13",
          "Q14"
        ]
      }
    ],
    "pos": "Q6",
    "hyphen": "ou|bje|ti|bo",
    "gender": "Q14",
    "senses": [
      "# [[objetivo]]"
    ]
  }
}