{
  "URI": "https://lhenguabase.wikibase.cloud/entity/L1310",
  "entry": {
    "wikitext": "={{-mwl-}}=\u00b6==Substantivo==\u00b6{{flex.mwl|fs=oubjetiba|fp=oubjetibas}}\u00b6{{parox\u00edtona|ou|bje|ti|ba|l\u00edngua=mwl}}, {{f}}\u00b6# {{escopo|mwl|Objeto}} [[objetiva]]\u00b6\u00b6==Forma de adjetivo==\u00b6{{parox\u00edtona|ou|bje|ti|ba|l\u00edngua=mwl}}\u00b6# feminino de '''[[oubjetibo#{{mwl}}|oubjetibo]]'''\u00b6\u00b6[[Categoria:Forma de adjetivo (Mirand\u00eas)]]\u00b6[[Categoria:Substantivo (Mirand\u00eas)]]",
    "lemma": "oubjetiba",
    "reference": "https://pt.wiktionary.org/wiki/oubjetiba#mwl",
    "forms": [
      {
        "form": "oubjetiba",
        "gram": [
          "Q12",
          "Q15"
        ]
      },
      {
        "form": "oubjetibas",
        "gram": [
          "Q13",
          "Q15"
        ]
      }
    ],
    "pos": "Q6",
    "hyphen": "ou|bje|ti|ba",
    "gender": "Q15",
    "senses": [
      "# {{escopo|mwl|Objeto}} [[objetiva]]"
    ]
  }
}