{
  "URI": "https://lhenguabase.wikibase.cloud/entity/L930",
  "entry": {
    "wikitext": "={{-mwl-}}=\u00b6==Substantivo==\u00b6{{flex.mwl|fs=oubrigacion|fp=oubrigaciones}}\u00b6{{ox\u00edtona|ou|bri|ga|cion|l\u00edngua=mwl}}, {{f}}\u00b6# [[obriga\u00e7\u00e3o]]\u00b6\u00b6===Formas alternativas===\u00b6* {{link idioma|oubriga\u00e7on|mwl}}\u00b6\u00b6[[Categoria:Substantivo (Mirand\u00eas)]]",
    "lemma": "oubrigacion",
    "reference": "https://pt.wiktionary.org/wiki/oubrigacion#mwl",
    "forms": [
      {
        "form": "oubrigacion",
        "gram": [
          "Q12",
          "Q15"
        ]
      },
      {
        "form": "oubrigaciones",
        "gram": [
          "Q13",
          "Q15"
        ]
      }
    ],
    "pos": "Q6",
    "hyphen": "ou|bri|ga|cion",
    "gender": "Q15",
    "senses": [
      "# [[obriga\u00e7\u00e3o]]"
    ]
  }
}