{
  "URI": "https://lhenguabase.wikibase.cloud/entity/L478",
  "entry": {
    "wikitext": "={{-mwl-}}=\u00b6[[Imagem:Big_eucalyptys_at_Boyce_Thompson.jpg|thumb|150px|eucalipto]]\u00b6\u00b6==Substantivo==\u00b6{{flex.mwl|ms=oucalitro|mp=oucalitros}}\u00b6{{parox\u00edtona|ou|ca|li|tro|l\u00edngua=mwl}}, {{m}}\u00b6# {{escopo|mwl|\u00c1rvore}} [[eucalipto]] (g\u00e9nero ''[[species:Eucalyptus|Eucalyptus]]'')\u00b6\u00b6===Formas alternativas===\u00b6* {{link idioma|oucalito|mwl}}\u00b6\u00b6[[Categoria:Substantivo (Mirand\u00eas)]]\u00b6[[Categoria:Bot\u00e2nica (Mirand\u00eas)]]\u00b6[[Categoria:Entrada com imagem (Mirand\u00eas)]]",
    "lemma": "oucalitro",
    "reference": "https://pt.wiktionary.org/wiki/oucalitro#mwl",
    "forms": [
      {
        "form": "oucalitro",
        "gram": [
          "Q12",
          "Q14"
        ]
      },
      {
        "form": "oucalitros",
        "gram": [
          "Q13",
          "Q14"
        ]
      }
    ],
    "pos": "Q6",
    "hyphen": "ou|ca|li|tro",
    "gender": "Q14",
    "senses": [
      "# {{escopo|mwl|\u00c1rvore}} [[eucalipto]] (g\u00e9nero ''[[species:Eucalyptus|Eucalyptus]]'')"
    ]
  }
}