{
  "URI": "https://lhenguabase.wikibase.cloud/entity/L23",
  "entry": {
    "wikitext": "={{-mwl-}}=\u00b6==Adjetivo==\u00b6{{flex.mwl|s=oufecial|p=oufeciales}}\u00b6{{ox\u00edtona|ou|fe|ci|al|l\u00edngua=mwl}}, {{c2g}}\u00b6# [[oficial]]\u00b6\u00b6==Substantivo==\u00b6{{flex.mwl|s=oufecial|p=oufeciales}}\u00b6{{ox\u00edtona|ou|fe|ci|al|l\u00edngua=mwl}}, {{c2g}}\u00b6# {{escopo|mwl|Militar}} [[oficial]], patente militar\u00b6\u00b6[[Categoria:Adjetivo (Mirand\u00eas)]]\u00b6[[Categoria:Substantivo (Mirand\u00eas)]]",
    "lemma": "oufecial",
    "reference": "https://pt.wiktionary.org/wiki/oufecial#mwl",
    "forms": [
      {
        "form": "oufecial",
        "gram": [
          "Q12"
        ]
      },
      {
        "form": "oufeciales",
        "gram": [
          "Q13"
        ]
      }
    ],
    "pos": "Q8",
    "hyphen": "ou|fe|ci|al",
    "senses": [
      "# [[oficial]]\u00b6\u00b6"
    ]
  }
}