{
  "URI": "https://lhenguabase.wikibase.cloud/entity/L1061",
  "entry": {
    "wikitext": "={{-mwl-}}=\u00b6==Adjetivo==\u00b6{{flex.mwl|ms=oujetibo|mp=oujetibos|fs=oujetiba|fp=oujetibas}}\u00b6{{parox\u00edtona|ou|je|ti|bo|l\u00edngua=mwl}}, {{m}}\u00b6# [[objetivo]]\u00b6\u00b6==Substantivo==\u00b6{{flex.mwl|ms=oujetibo|mp=oujetibos}}\u00b6{{parox\u00edtona|ou|je|ti|bo|l\u00edngua=mwl}}, {{m}}\u00b6# [[objetivo]]\u00b6\u00b6===Formas alternativas===\u00b6* {{link idioma|oubjetibo|mwl}} \u00b6==Ver tamb\u00e9m==\u00b6===No Wikcion\u00e1rio===\u00b6{{verTamb\u00e9m.Ini}}\u00b6* [[oujetebidade]]\u00b6{{verTamb\u00e9m.NovaColuna}}\u00b6* [[oujeto]]\u00b6{{verTamb\u00e9m.Fim}}\u00b6\u00b6[[Categoria:Substantivo (Mirand\u00eas)]]\u00b6[[Categoria:Adjetivo (Mirand\u00eas)]]",
    "lemma": "oujetibo",
    "reference": "https://pt.wiktionary.org/wiki/oujetibo#mwl",
    "forms": [
      {
        "form": "oujetibo",
        "gram": [
          "Q12",
          "Q14"
        ]
      },
      {
        "form": "oujetibos",
        "gram": [
          "Q13",
          "Q14"
        ]
      },
      {
        "form": "oujetiba",
        "gram": [
          "Q12",
          "Q15"
        ]
      },
      {
        "form": "oujetibas",
        "gram": [
          "Q13",
          "Q15"
        ]
      }
    ],
    "pos": "Q8",
    "hyphen": "ou|je|ti|bo",
    "gender": "Q14",
    "senses": [
      "# [[objetivo]]"
    ]
  }
}