{
  "URI": "https://lhenguabase.wikibase.cloud/entity/L1449",
  "entry": {
    "wikitext": "={{-mwl-}}=\u00b6==Substantivo==\u00b6{{flex.mwl|fs=oujetiba|fp=oujetibas}}\u00b6{{parox\u00edtona|ou|je|ti|ba|l\u00edngua=mwl}}, {{f}}\u00b6# {{escopo|mwl|Objeto}} [[objetiva]]\u00b6\u00b6===Formas alternativas===\u00b6* {{link idioma|oubjetiba|mwl}}\u00b6\u00b6==Forma de adjetivo==\u00b6{{parox\u00edtona|ou|je|ti|ba|l\u00edngua=mwl}}\u00b6# feminino de '''[[oujetibo#{{mwl}}|oujetibo]]'''\u00b6\u00b6[[Categoria:Forma de adjetivo (Mirand\u00eas)]]\u00b6[[Categoria:Substantivo (Mirand\u00eas)]]",
    "lemma": "oujetiba",
    "reference": "https://pt.wiktionary.org/wiki/oujetiba#mwl",
    "forms": [
      {
        "form": "oujetiba",
        "gram": [
          "Q12",
          "Q15"
        ]
      },
      {
        "form": "oujetibas",
        "gram": [
          "Q13",
          "Q15"
        ]
      }
    ],
    "pos": "Q6",
    "hyphen": "ou|je|ti|ba",
    "gender": "Q15",
    "senses": [
      "# {{escopo|mwl|Objeto}} [[objetiva]]"
    ]
  }
}