{
  "URI": "https://lhenguabase.wikibase.cloud/entity/L779",
  "entry": {
    "wikitext": "={{-mwl-}}=\u00b6[[Imagem:Olympic_rings_without_rims.svg|thumb|200px|s\u00edmbolo ol\u00edmpico]]\u00b6\u00b6==Adjetivo==\u00b6{{flex.mwl|ms= oul\u00edmpico|mp= oul\u00edmpicos|fs= oul\u00edmpica|fp= oul\u00edmpicas}}\u00b6{{proparox\u00edtona|ou|l\u00edm|pi|co|l\u00edngua=mwl}}, {{m}}\u00b6# [[ol\u00edmpico]]\u00b6\u00b6[[Categoria:Adjetivo (Mirand\u00eas)]]",
    "lemma": "oul\u00edmpico",
    "reference": "https://pt.wiktionary.org/wiki/oul\u00edmpico#mwl",
    "forms": [
      {
        "form": " oul\u00edmpico",
        "gram": [
          "Q12",
          "Q14"
        ]
      },
      {
        "form": " oul\u00edmpicos",
        "gram": [
          "Q13",
          "Q14"
        ]
      },
      {
        "form": " oul\u00edmpica",
        "gram": [
          "Q12",
          "Q15"
        ]
      },
      {
        "form": " oul\u00edmpicas",
        "gram": [
          "Q13",
          "Q15"
        ]
      }
    ],
    "pos": "Q8",
    "hyphen": "ou|l\u00edm|pi|co",
    "gender": "Q14",
    "senses": [
      "# [[ol\u00edmpico]]"
    ]
  }
}