{
  "URI": "https://lhenguabase.wikibase.cloud/entity/L1075",
  "entry": {
    "wikitext": "={{-mwl-}}=\u00b6==Adjetivo==\u00b6{{flex.mwl|ms=ounibersitairo|mp=ounibersitairos|fs=ounibersitaira|fp=ounibersitairas}}\u00b6{{parox\u00edtona|ou|ni|ber|si|tai|ro|l\u00edngua=mwl}}, {{m}}\u00b6# [[universit\u00e1rio]], relativo \u00e0 [[universidade]]\u00b6\u00b6==Substantivo==\u00b6{{flex.mwl|ms=ounibersitairo|mp=ounibersitairos|fs=ounibersitaira|fp=ounibersitairas}}\u00b6{{parox\u00edtona|ou|ni|ber|si|tai|ro|l\u00edngua=mwl}}, {{m}}\u00b6# [[universit\u00e1rio]], estudante da universidade\u00b6\u00b6==Ver tamb\u00e9m==\u00b6===No Wikcion\u00e1rio===\u00b6{{verTamb\u00e9m.Ini}}\u00b6* [[ounibersidade]]\u00b6{{verTamb\u00e9m.Fim}}\u00b6\u00b6[[Categoria:Substantivo (Mirand\u00eas)]]\u00b6[[Categoria:Adjetivo (Mirand\u00eas)]]\u00b6[[Categoria:Educa\u00e7\u00e3o (Mirand\u00eas)]]",
    "lemma": "ounibersitairo",
    "reference": "https://pt.wiktionary.org/wiki/ounibersitairo#mwl",
    "forms": [
      {
        "form": "ounibersitairo",
        "gram": [
          "Q12",
          "Q14"
        ]
      },
      {
        "form": "ounibersitairos",
        "gram": [
          "Q13",
          "Q14"
        ]
      },
      {
        "form": "ounibersitaira",
        "gram": [
          "Q12",
          "Q15"
        ]
      },
      {
        "form": "ounibersitairas",
        "gram": [
          "Q13",
          "Q15"
        ]
      }
    ],
    "pos": "Q8",
    "hyphen": "ou|ni|ber|si|tai|ro",
    "gender": "Q14",
    "senses": [
      "# [[universit\u00e1rio]], relativo \u00e0 [[universidade]]"
    ]
  }
}