{
  "URI": "https://lhenguabase.wikibase.cloud/entity/L253",
  "entry": {
    "wikitext": "={{-mwl-}}=\u00b6==Substantivo==\u00b6{{flex.mwl|fs=ounidade|fp=ounidades}}\u00b6{{parox\u00edtona|ou|ni|da|de|l\u00edngua=mwl}}, {{f}}\u00b6# [[unidade]]\u00b6# o [[n\u00famero]] [[um]]\u00b6\u00b6==Ver tamb\u00e9m==\u00b6===No Wikcion\u00e1rio===\u00b6{{verTamb\u00e9m.Ini}}\u00b6* [[ounidade de medida]]\u00b6{{verTamb\u00e9m.Fim}}\u00b6\u00b6[[Categoria:Substantivo (Mirand\u00eas)]]",
    "lemma": "ounidade",
    "reference": "https://pt.wiktionary.org/wiki/ounidade#mwl",
    "forms": [
      {
        "form": "ounidade",
        "gram": [
          "Q12",
          "Q15"
        ]
      },
      {
        "form": "ounidades",
        "gram": [
          "Q13",
          "Q15"
        ]
      }
    ],
    "pos": "Q6",
    "hyphen": "ou|ni|da|de",
    "gender": "Q15",
    "senses": [
      "# [[unidade]]"
    ]
  }
}