{
  "URI": "https://lhenguabase.wikibase.cloud/entity/L679",
  "entry": {
    "wikitext": "={{-mwl-}}=\u00b6==Substantivo==\u00b6{{flex.mwl|fs=ounta\u00e7a|fp=ounta\u00e7as}}\u00b6{{parox\u00edtona|oun|ta|\u00e7a|l\u00edngua=mwl}}, {{f}}\u00b6# [[gordura]]\u00b6\u00b6[[Categoria:Substantivo (Mirand\u00eas)]]",
    "lemma": "ounta\u00e7a",
    "reference": "https://pt.wiktionary.org/wiki/ounta\u00e7a#mwl",
    "forms": [
      {
        "form": "ounta\u00e7a",
        "gram": [
          "Q12",
          "Q15"
        ]
      },
      {
        "form": "ounta\u00e7as",
        "gram": [
          "Q13",
          "Q15"
        ]
      }
    ],
    "pos": "Q6",
    "hyphen": "oun|ta|\u00e7a",
    "gender": "Q15",
    "senses": [
      "# [[gordura]]"
    ]
  }
}