{
  "URI": "https://lhenguabase.wikibase.cloud/entity/L233",
  "entry": {
    "wikitext": "={{-mwl-}}=\u00b6==Substantivo==\u00b6{{flex.mwl|fs=oupara\u00e7on|fp=oupara\u00e7ones}}\u00b6{{ox\u00edtona|ou|pa|ra|\u00e7on|l\u00edngua=mwl}}\u00b6# [[opera\u00e7\u00e3o]]\u00b6\u00b6===Tradu\u00e7\u00e3o===\u00b6{{tradini}}\u00b6* {{trad|de|Operation}}\u00b6* {{trad|ar|\u0639\u0645\u0644\u064a\u0629}} (amaliya)\u00b6* {{trad|bs|operacija}}\u00b6* {{trad|ca|operaci\u00f3}}\u00b6* {{trad|cs|operace}}\u00b6* {{trad|da|operation}}\u00b6* {{trad|sk|oper\u00e1cia}}\u00b6* {{trad|sl|operacija}}\u00b6* {{trad|es|operaci\u00f3n}}\u00b6* {{trad|eo|operacio}}\u00b6* {{trad|fi|operaatio}}\u00b6* {{trad|fr|op\u00e9ration}}\u00b6* {{trad|nl|operatie}}\u00b6{{tradmeio}}\u00b6* {{trad|en|operation}}\u00b6* {{trad|id|operasi}}\u00b6* {{trad|it|operazione}}\u00b6* {{trad|ja|\u30aa\u30da\u30ec\u30fc\u30b7\u30e7\u30f3}}\u00b6* {{trad|lt|operacija}}\u00b6* {{trad|nb|operasjon}}\u00b6* {{trad|fa|\u0639\u0645\u0644}}\u00b6* {{trad|pl|operacja}}\u00b6* {{trad|pt|opera\u00e7\u00e3o}}\u00b6* {{trad|ru|\u043e\u043f\u0435\u0440\u0430\u0446\u0438\u044f}}\u00b6* {{trad|scn|upirazzioni}}\u00b6* {{trad|sv|operation}}\u00b6* {{trad|uk|\u043e\u043f\u0435\u0440\u0430\u0446\u0456\u044f}}\u00b6{{tradfim}}\u00b6\u00b6=={{etimologia|mwl}}==\u00b6: Do latim ''operatio, -onis''.\u00b6\u00b6[[Categoria:Substantivo (Mirand\u00eas)]]\u00b6[[Categoria:Matem\u00e1tica (Mirand\u00eas)]]\u00b6[[Categoria:Medicina (Mirand\u00eas)]]\u00b6[[Categoria:Militar (Mirand\u00eas)]]",
    "lemma": "oupara\u00e7on",
    "reference": "https://pt.wiktionary.org/wiki/oupara\u00e7on#mwl",
    "forms": [
      {
        "form": "oupara\u00e7on",
        "gram": [
          "Q12",
          "Q15"
        ]
      },
      {
        "form": "oupara\u00e7ones",
        "gram": [
          "Q13",
          "Q15"
        ]
      }
    ],
    "pos": "Q6",
    "hyphen": "ou|pa|ra|\u00e7on",
    "senses": [
      "# [[opera\u00e7\u00e3o]]"
    ]
  }
}