{
  "URI": "https://lhenguabase.wikibase.cloud/entity/L1291",
  "entry": {
    "wikitext": "={{-mwl-}}=\u00b6==Substantivo==\u00b6{{flex.mwl|fs=ouportenidade|fp=ouportenidades}}\u00b6{{parox\u00edtona|ou|por|te|ni|da|de|l\u00edngua=mwl}}, {{f}}\u00b6# [[oportunidade]]\u00b6\u00b6[[Categoria:Substantivo (Mirand\u00eas)]]",
    "lemma": "ouportenidade",
    "reference": "https://pt.wiktionary.org/wiki/ouportenidade#mwl",
    "forms": [
      {
        "form": "ouportenidade",
        "gram": [
          "Q12",
          "Q15"
        ]
      },
      {
        "form": "ouportenidades",
        "gram": [
          "Q13",
          "Q15"
        ]
      }
    ],
    "pos": "Q6",
    "hyphen": "ou|por|te|ni|da|de",
    "gender": "Q15",
    "senses": [
      "# [[oportunidade]]"
    ]
  }
}