{
  "URI": "https://lhenguabase.wikibase.cloud/entity/L476",
  "entry": {
    "wikitext": "={{-mwl-}}=\u00b6==Substantivo==\u00b6{{flex.mwl|s=ouportunista|p=ouportunistas}}\u00b6{{parox\u00edtona|ou|por|tu|nis|ta|l\u00edngua=mwl}}, {{c2g}}\u00b6# [[oportunista]]\u00b6\u00b6[[Categoria:Substantivo (Mirand\u00eas)]]",
    "lemma": "ouportunista",
    "reference": "https://pt.wiktionary.org/wiki/ouportunista#mwl",
    "forms": [
      {
        "form": "ouportunista",
        "gram": [
          "Q12"
        ]
      },
      {
        "form": "ouportunistas",
        "gram": [
          "Q13"
        ]
      }
    ],
    "pos": "Q6",
    "hyphen": "ou|por|tu|nis|ta",
    "senses": [
      "# [[oportunista]]"
    ]
  }
}