{
  "URI": "https://lhenguabase.wikibase.cloud/entity/L895",
  "entry": {
    "wikitext": "={{-mwl-}}=\u00b6==Adjetivo==\u00b6{{flex.mwl|s=oural|p=ourales}}\u00b6{{parox\u00edtona|ou|ral|l\u00edngua=mwl}}, {{g|c2g}}\u00b6# [[oral]]\u00b6\u00b6[[Categoria:Adjetivo (Mirand\u00eas)]]",
    "lemma": "oural",
    "reference": "https://pt.wiktionary.org/wiki/oural#mwl",
    "forms": [
      {
        "form": "oural",
        "gram": [
          "Q12"
        ]
      },
      {
        "form": "ourales",
        "gram": [
          "Q13"
        ]
      }
    ],
    "pos": "Q8",
    "hyphen": "ou|ral",
    "senses": [
      "# [[oral]]"
    ]
  }
}