{
  "URI": "https://lhenguabase.wikibase.cloud/entity/L1073",
  "entry": {
    "wikitext": "={{-mwl-}}=\u00b6==Substantivo==\u00b6{{flex.mwl|fs=oureilha|fp=oureilhas}}\u00b6{{parox\u00edtona|ou|rei|lha|l\u00edngua=mwl}}, {{f}}\u00b6# {{escopo|mwl|Anatomia}} [[orelha]]\u00b6\u00b6[[Categoria:Substantivo (Mirand\u00eas)]]\u00b6[[Categoria:Entrada com imagem (Mirand\u00eas)]]",
    "lemma": "oureilha",
    "reference": "https://pt.wiktionary.org/wiki/oureilha#mwl",
    "forms": [
      {
        "form": "oureilha",
        "gram": [
          "Q12",
          "Q15"
        ]
      },
      {
        "form": "oureilhas",
        "gram": [
          "Q13",
          "Q15"
        ]
      }
    ],
    "pos": "Q6",
    "hyphen": "ou|rei|lha",
    "gender": "Q15",
    "senses": [
      "# {{escopo|mwl|Anatomia}} [[orelha]]"
    ]
  }
}