{
  "URI": "https://lhenguabase.wikibase.cloud/entity/L416",
  "entry": {
    "wikitext": "={{-mwl-}}=\u00b6==Substantivo==\u00b6'''Our\u00e9lio''', {{pr}} {{m}}\u00b6# [[Aur\u00e9lio]]\u00b6\u00b6=={{etimologia|mwl}}==\u00b6:Do [[latim]] {{etimo|la|Aurelius}}. Significa ''dourado''.\u00b6\u00b6[[Categoria:Substantivo (Mirand\u00eas)]]\u00b6[[Categoria:Antrop\u00f4nimo (Mirand\u00eas)]]\u00b6[[Categoria:Entrada de \u00e9timo latino (Mirand\u00eas)]]",
    "lemma": "Our\u00e9lio",
    "reference": "https://pt.wiktionary.org/wiki/Our\u00e9lio#mwl",
    "forms": [],
    "pos": "Q6",
    "gender": "Q14",
    "senses": [
      "# [[Aur\u00e9lio]]"
    ]
  }
}