{
  "URI": "https://lhenguabase.wikibase.cloud/entity/L230",
  "entry": {
    "wikitext": "={{-mwl-}}=\u00b6==Substantivo==\u00b6{{flex.mwl|fs=ousteridade|fp=ousteridades}}\u00b6{{parox\u00edtona|ous|te|ri|da|de|l\u00edngua=mwl}}, {{f}}\u00b6# [[austeridade]]\u00b6\u00b6==Ver tamb\u00e9m==\u00b6===No Wikcion\u00e1rio===\u00b6{{verTamb\u00e9m.Ini}}\u00b6* [[oustero]]\u00b6{{verTamb\u00e9m.Fim}}\u00b6\u00b6[[Categoria:Substantivo (Mirand\u00eas)]]",
    "lemma": "ousteridade",
    "reference": "https://pt.wiktionary.org/wiki/ousteridade#mwl",
    "forms": [
      {
        "form": "ousteridade",
        "gram": [
          "Q12",
          "Q15"
        ]
      },
      {
        "form": "ousteridades",
        "gram": [
          "Q13",
          "Q15"
        ]
      }
    ],
    "pos": "Q6",
    "hyphen": "ous|te|ri|da|de",
    "gender": "Q15",
    "senses": [
      "# [[austeridade]]"
    ]
  }
}