{
  "URI": "https://lhenguabase.wikibase.cloud/entity/L243",
  "entry": {
    "wikitext": "={{-mwl-}}=\u00b6==Substantivo==\u00b6{{flex.mwl|fs=outarquie|fp=outarquies}}\u00b6{{ox\u00edtona|ou|tar|quie|l\u00edngua=mwl}}, {{f}}\u00b6# [[autarquia]]\u00b6\u00b6[[Categoria:Substantivo (Mirand\u00eas)]]\u00b6[[Categoria:Pol\u00edtica (Mirand\u00eas)]]",
    "lemma": "outarquie",
    "reference": "https://pt.wiktionary.org/wiki/outarquie#mwl",
    "forms": [
      {
        "form": "outarquie",
        "gram": [
          "Q12",
          "Q15"
        ]
      },
      {
        "form": "outarquies",
        "gram": [
          "Q13",
          "Q15"
        ]
      }
    ],
    "pos": "Q6",
    "hyphen": "ou|tar|quie",
    "gender": "Q15",
    "senses": [
      "# [[autarquia]]"
    ]
  }
}