{
  "URI": "https://lhenguabase.wikibase.cloud/entity/L856",
  "entry": {
    "wikitext": "={{-mwl-}}=\u00b6==Substantivo==\u00b6{{flex.mwl|ms=outonho|mp=outonhos}}\u00b6{{parox\u00edtona|ou|to|nho|l\u00edngua=mwl}}, {{m}}\u00b6# [[outono]]\u00b6\u00b6===Formas alternativas===\u00b6* {{link idioma|ourtonho|mwl}}\u00b6\u00b6==={{Etimologia|mwl}}===\u00b6: Do [[latim]] {{etimo|la|autumnus}}.\u00b6\u00b6==Ver tamb\u00e9m==\u00b6{{esta\u00e7\u00f5es do ano/mwl}}\u00b6\u00b6[[Categoria:Substantivo (Mirand\u00eas)]]\u00b6[[Categoria:Esta\u00e7\u00e3o do ano (Mirand\u00eas)]]\u00b6[[Categoria:Entrada com etimologia (Mirand\u00eas)]]\u00b6[[Categoria:Entrada de \u00e9timo latino (Mirand\u00eas)]]",
    "lemma": "outonho",
    "reference": "https://pt.wiktionary.org/wiki/outonho#mwl",
    "forms": [
      {
        "form": "outonho",
        "gram": [
          "Q12",
          "Q14"
        ]
      },
      {
        "form": "outonhos",
        "gram": [
          "Q13",
          "Q14"
        ]
      }
    ],
    "pos": "Q6",
    "hyphen": "ou|to|nho",
    "gender": "Q14",
    "senses": [
      "# [[outono]]"
    ]
  }
}