{
  "URI": "https://lhenguabase.wikibase.cloud/entity/L57",
  "entry": {
    "wikitext": "={{-mwl-}}=\u00b6==Adjetivo==\u00b6{{flex.mwl|ms=out\u00e1rquico|mp=out\u00e1rquicos|fs=out\u00e1rquica|fp=out\u00e1rquicas}}\u00b6{{proparox\u00edtona|ou|t\u00e1r|qui|co|l\u00edngua=mwl}}, {{m}}\u00b6# [[aut\u00e1rquico]], [[relativo]] \u00e0 [[autarquia]]\u00b6\u00b6[[Categoria:Adjetivo (Mirand\u00eas)]]",
    "lemma": "out\u00e1rquico",
    "reference": "https://pt.wiktionary.org/wiki/out\u00e1rquico#mwl",
    "forms": [
      {
        "form": "out\u00e1rquico",
        "gram": [
          "Q12",
          "Q14"
        ]
      },
      {
        "form": "out\u00e1rquicos",
        "gram": [
          "Q13",
          "Q14"
        ]
      },
      {
        "form": "out\u00e1rquica",
        "gram": [
          "Q12",
          "Q15"
        ]
      },
      {
        "form": "out\u00e1rquicas",
        "gram": [
          "Q13",
          "Q15"
        ]
      }
    ],
    "pos": "Q8",
    "hyphen": "ou|t\u00e1r|qui|co",
    "gender": "Q14",
    "senses": [
      "# [[aut\u00e1rquico]], [[relativo]] \u00e0 [[autarquia]]\u00b6\u00b6[[Categoria:Adjetivo (Mirand\u00eas)]]"
    ]
  }
}