{
  "URI": "https://lhenguabase.wikibase.cloud/entity/L579",
  "entry": {
    "wikitext": "={{-mwl-}}=\u00b6==Substantivo==\u00b6{{flex.mwl|fs=paixon|fp=paixones}}\u00b6{{ox\u00edtona|pai|xon|l\u00edngua=mwl}}, {{f}}\u00b6# [[paix\u00e3o]]\u00b6\u00b6===Formas alternativas===\u00b6* {{link idioma|peixon|mwl}}\u00b6\u00b6[[Categoria:Substantivo (Mirand\u00eas)]]",
    "lemma": "paixon",
    "reference": "https://pt.wiktionary.org/wiki/paixon#mwl",
    "forms": [
      {
        "form": "paixon",
        "gram": [
          "Q12",
          "Q15"
        ]
      },
      {
        "form": "paixones",
        "gram": [
          "Q13",
          "Q15"
        ]
      }
    ],
    "pos": "Q6",
    "hyphen": "pai|xon",
    "gender": "Q15",
    "senses": [
      "# [[paix\u00e3o]]"
    ]
  }
}