{
  "URI": "https://lhenguabase.wikibase.cloud/entity/L617",
  "entry": {
    "wikitext": "={{-mwl-}}=\u00b6==Substantivo==\u00b6{{flex.mwl|fs=pantasma|fp=pantasmas}}\u00b6{{parox\u00edtona|pan|tas|ma|id=mwl}}, {{g|f}}\u00b6# [[fantasma]]\u00b6\u00b6[[Categoria:Substantivo (Mirand\u00eas)]]",
    "lemma": "pantasma",
    "reference": "https://pt.wiktionary.org/wiki/pantasma#mwl",
    "forms": [
      {
        "form": "pantasma",
        "gram": [
          "Q12",
          "Q15"
        ]
      },
      {
        "form": "pantasmas",
        "gram": [
          "Q13",
          "Q15"
        ]
      }
    ],
    "pos": "Q6",
    "hyphen": "pan|tas|ma",
    "senses": [
      "# [[fantasma]]"
    ]
  }
}