{
  "URI": "https://lhenguabase.wikibase.cloud/entity/L852",
  "entry": {
    "wikitext": "={{-mwl-}}=\u00b6==Substantivo==\u00b6{{flex.mwl|ms=papa|mp=papas}}\u00b6{{parox\u00edtona|pa|pa|l\u00edngua=mwl}}, {{gram\u00e1tica|m}}\u00b6# {{escopo|mwl|Religi\u00e3o}} [[papa#Portugu\u00eas|papa]]\u00b6\u00b6[[Categoria:Substantivo (Mirand\u00eas)]]",
    "lemma": "papa",
    "reference": "https://pt.wiktionary.org/wiki/papa#mwl",
    "forms": [
      {
        "form": "papa",
        "gram": [
          "Q12",
          "Q14"
        ]
      },
      {
        "form": "papas",
        "gram": [
          "Q13",
          "Q14"
        ]
      }
    ],
    "pos": "Q6",
    "hyphen": "pa|pa",
    "senses": [
      "# {{escopo|mwl|Religi\u00e3o}} [[papa"
    ]
  }
}