{
  "URI": "https://lhenguabase.wikibase.cloud/entity/L1057",
  "entry": {
    "wikitext": "={{-mwl-}}=\u00b6==Substantivo==\u00b6{{flex.mwl|ms=parro|mp=parros}}\u00b6{{parox\u00edtona|id=mwl|par|ro}}\u00b6# {{escopo|mwl|Ave}} [[pato]]\u00b6\u00b6==Ver tamb\u00e9m==\u00b6===No Wikcion\u00e1rio===\u00b6{{verTamb\u00e9m.Ini}}\u00b6* [[parro brabo]]\u00b6{{verTamb\u00e9m.Fim}}\u00b6\u00b6[[Categoria:Substantivo (Mirand\u00eas)]]\u00b6[[Categoria:Animal (Mirand\u00eas)]]\u00b6[[Categoria:Entrada com imagem (Mirand\u00eas)]]",
    "lemma": "parro",
    "reference": "https://pt.wiktionary.org/wiki/parro#mwl",
    "forms": [
      {
        "form": "parro",
        "gram": [
          "Q12",
          "Q14"
        ]
      },
      {
        "form": "parros",
        "gram": [
          "Q13",
          "Q14"
        ]
      }
    ],
    "pos": "Q6",
    "senses": [
      "# {{escopo|mwl|Ave}} [[pato]]"
    ]
  }
}