{
  "URI": "https://lhenguabase.wikibase.cloud/entity/L3",
  "entry": {
    "wikitext": "={{-mwl-}}=\u00b6==Adjetivo==\u00b6{{flex.mwl|ms=passibo|mp=passibos|fs=passiba|fp=passibas}}\u00b6{{parox\u00edtona|pas|si|bo|l\u00edngua=mwl}}\u00b6# [[passivo]]\u00b6\u00b6==Substantivo==\u00b6{{flex.mwl|ms=passibo|mp=passibos}}\u00b6{{parox\u00edtona|pas|si|bo|l\u00edngua=mwl}}\u00b6# {{escopo|mwl|Economia}} [[passivo]], o que as [[empresa]]s devem\u00b6\u00b6=={{etimologia|mwl}}==\u00b6:Do latim ''passivus''.\u00b6\u00b6==Ant\u00f3nimo==\u00b6* [[atibo]]\u00b6\u00b6[[Categoria:Adjetivo (Mirand\u00eas)]]\u00b6[[Categoria:Substantivo (Mirand\u00eas)]]\u00b6[[Categoria:Sexualidade (Mirand\u00eas)]]",
    "lemma": "passibo",
    "reference": "https://pt.wiktionary.org/wiki/passibo#mwl",
    "forms": [
      {
        "form": "passibo",
        "gram": [
          "Q12",
          "Q14"
        ]
      },
      {
        "form": "passibos",
        "gram": [
          "Q13",
          "Q14"
        ]
      },
      {
        "form": "passiba",
        "gram": [
          "Q12",
          "Q15"
        ]
      },
      {
        "form": "passibas",
        "gram": [
          "Q13",
          "Q15"
        ]
      }
    ],
    "pos": "Q8",
    "hyphen": "pas|si|bo",
    "senses": [
      "# [[passivo]]\u00b6\u00b6"
    ]
  }
}