{
  "URI": "https://lhenguabase.wikibase.cloud/entity/L1237",
  "entry": {
    "wikitext": "={{-mwl-}}=\u00b6==Substantivo==\u00b6{{flex.mwl|ms=peito|mp=peitos}}\u00b6{{parox\u00edtona|pei|to|l\u00edngua=mwl}}, {{gram\u00e1tica|m}}\u00b6# [[peito#Portugu\u00eas|peito]]\u00b6\u00b6[[Categoria:Substantivo (Mirand\u00eas)]]\u00b6[[Categoria:Anatomia (Mirand\u00eas)]]",
    "lemma": "peito",
    "reference": "https://pt.wiktionary.org/wiki/peito#mwl",
    "forms": [
      {
        "form": "peito",
        "gram": [
          "Q12",
          "Q14"
        ]
      },
      {
        "form": "peitos",
        "gram": [
          "Q13",
          "Q14"
        ]
      }
    ],
    "pos": "Q6",
    "hyphen": "pei|to",
    "senses": [
      "# [[peito"
    ]
  }
}