{
  "URI": "https://lhenguabase.wikibase.cloud/entity/L334",
  "entry": {
    "wikitext": "={{-mwl-}}=\u00b6==Substantivo==\u00b6{{flex.mwl|ms=peligro|mp=peligros}}\u00b6{{parox\u00edtona|pe|li|gro|l\u00edngua=mwl}}, {{m}}\u00b6# [[perigo]]\u00b6\u00b6[[Categoria:Substantivo (Mirand\u00eas)]]",
    "lemma": "peligro",
    "reference": "https://pt.wiktionary.org/wiki/peligro#mwl",
    "forms": [
      {
        "form": "peligro",
        "gram": [
          "Q12",
          "Q14"
        ]
      },
      {
        "form": "peligros",
        "gram": [
          "Q13",
          "Q14"
        ]
      }
    ],
    "pos": "Q6",
    "hyphen": "pe|li|gro",
    "gender": "Q14",
    "senses": [
      "# [[perigo]]"
    ]
  }
}