{
  "URI": "https://lhenguabase.wikibase.cloud/entity/L576",
  "entry": {
    "wikitext": "={{-mwl-}}=\u00b6==Substantivo==\u00b6{{flex.mwl|ms=penheiro|mp=penheiros}}\u00b6{{parox\u00edtona|pe|nhei|ro|l\u00edngua=mwl}}, {{m}}\u00b6# {{escopo|mwl|\u00c1rvore}} [[pinheiro]]\u00b6\u00b6==Sin\u00f3nimos==\u00b6* {{link idioma|pinho|mwl}}\u00b6* {{link idioma|pino|mwl}}\u00b6\u00b6==Ver tamb\u00e9m==\u00b6===No Wikcion\u00e1rio===\u00b6{{verTamb\u00e9m.Ini}}\u00b6* [[penheiral]]\u00b6{{verTamb\u00e9m.Fim}}\u00b6\u00b6[[Categoria:Substantivo (Mirand\u00eas)]]\u00b6[[Categoria:Bot\u00e2nica (Mirand\u00eas)]]\u00b6[[Categoria:Entrada com imagem (Mirand\u00eas)]]",
    "lemma": "penheiro",
    "reference": "https://pt.wiktionary.org/wiki/penheiro#mwl",
    "forms": [
      {
        "form": "penheiro",
        "gram": [
          "Q12",
          "Q14"
        ]
      },
      {
        "form": "penheiros",
        "gram": [
          "Q13",
          "Q14"
        ]
      }
    ],
    "pos": "Q6",
    "hyphen": "pe|nhei|ro",
    "gender": "Q14",
    "senses": [
      "# {{escopo|mwl|\u00c1rvore}} [[pinheiro]]"
    ]
  }
}