{
  "URI": "https://lhenguabase.wikibase.cloud/entity/L422",
  "entry": {
    "wikitext": "={{-mwl-}}=\u00b6==Substantivo==\u00b6{{flex.mwl|s=persidente|p=persidentes}}\u00b6{{parox\u00edtona|per|si|den|te|l\u00edngua=mwl}}, {{c2g}}\u00b6# [[presidente]]\u00b6\u00b6[[Categoria:Substantivo (Mirand\u00eas)]]\u00b6[[Categoria:Pol\u00edtica (Mirand\u00eas)]]",
    "lemma": "persidente",
    "reference": "https://pt.wiktionary.org/wiki/persidente#mwl",
    "forms": [
      {
        "form": "persidente",
        "gram": [
          "Q12"
        ]
      },
      {
        "form": "persidentes",
        "gram": [
          "Q13"
        ]
      }
    ],
    "pos": "Q6",
    "hyphen": "per|si|den|te",
    "senses": [
      "# [[presidente]]"
    ]
  }
}