{
  "URI": "https://lhenguabase.wikibase.cloud/entity/L699",
  "entry": {
    "wikitext": "={{-mwl-}}=\u00b6==Substantivo==\u00b6{{flex.mwl|fs=pert\u00e9ncia|fp=pert\u00e9ncias}}\u00b6{{proparox\u00edtona|per|t\u00e9n|ci|a|l\u00edngua=mwl}}, {{f}}\u00b6# [[perten\u00e7a]]\u00b6# [[propriedade]]\u00b6# ser [[parte]] de\u00b6# formar parte de\u00b6\u00b6[[Categoria:Substantivo (Mirand\u00eas)]]",
    "lemma": "pert\u00e9ncia",
    "reference": "https://pt.wiktionary.org/wiki/pert\u00e9ncia#mwl",
    "forms": [
      {
        "form": "pert\u00e9ncia",
        "gram": [
          "Q12",
          "Q15"
        ]
      },
      {
        "form": "pert\u00e9ncias",
        "gram": [
          "Q13",
          "Q15"
        ]
      }
    ],
    "pos": "Q6",
    "hyphen": "per|t\u00e9n|ci|a",
    "gender": "Q15",
    "senses": [
      "# [[perten\u00e7a]]"
    ]
  }
}