{
  "URI": "https://lhenguabase.wikibase.cloud/entity/L621",
  "entry": {
    "wikitext": "={{-mwl-}}=\u00b6==Adjetivo==\u00b6{{flex.mwl|ms=pesado|mp=pesados|fs=pesada|fp=pesadas}}\u00b6{{parox\u00edtona|pe|sa|do|l\u00edngua=mwl}}\u00b6# [[pesado#Portugu\u00eas|pesado]]\u00b6\u00b6[[Categoria:Adjetivo (Mirand\u00eas)]]",
    "lemma": "pesado",
    "reference": "https://pt.wiktionary.org/wiki/pesado#mwl",
    "forms": [
      {
        "form": "pesado",
        "gram": [
          "Q12",
          "Q14"
        ]
      },
      {
        "form": "pesados",
        "gram": [
          "Q13",
          "Q14"
        ]
      },
      {
        "form": "pesada",
        "gram": [
          "Q12",
          "Q15"
        ]
      },
      {
        "form": "pesadas",
        "gram": [
          "Q13",
          "Q15"
        ]
      }
    ],
    "pos": "Q8",
    "hyphen": "pe|sa|do",
    "senses": [
      "# [[pesado"
    ]
  }
}