{
  "URI": "https://lhenguabase.wikibase.cloud/entity/L296",
  "entry": {
    "wikitext": "={{-mwl-}}=\u00b6==Substantivo==\u00b6{{flex.mwl|fs=pessona|fp=pessonas}}\u00b6{{parox\u00edtona|pes|so|na|l\u00edngua=mwl}}, {{f}}\u00b6# [[pessoa]]\u00b6\u00b6==Sin\u00f3nimo==\u00b6* [[persona]]\u00b6\u00b6[[Categoria:Substantivo (Mirand\u00eas)]]",
    "lemma": "pessona",
    "reference": "https://pt.wiktionary.org/wiki/pessona#mwl",
    "forms": [
      {
        "form": "pessona",
        "gram": [
          "Q12",
          "Q15"
        ]
      },
      {
        "form": "pessonas",
        "gram": [
          "Q13",
          "Q15"
        ]
      }
    ],
    "pos": "Q6",
    "hyphen": "pes|so|na",
    "gender": "Q15",
    "senses": [
      "# [[pessoa]]"
    ]
  }
}