{
  "URI": "https://lhenguabase.wikibase.cloud/entity/L724",
  "entry": {
    "wikitext": "={{-mwl-}}=\u00b6==Substantivo==\u00b6{{ox\u00edtona|Plu|ton|l\u00edngua=mwl}}, {{gram\u00e1tica|m|pr}}\u00b6# {{escopo|mwl|corpo celeste}} [[Plut\u00e3o#{{pt}}|Plut\u00e3o]]\u00b6# {{escopo|mwl|mitologia}} [[Plut\u00e3o#{{pt}}|Plut\u00e3o]]\u00b6\u00b6==Ver tamb\u00e9m==\u00b6===No Wikcion\u00e1rio===\u00b6{{sistema solar/mwl}}\u00b6\u00b6[[Categoria:Substantivo (Mirand\u00eas)]]\u00b6[[Categoria:Entrada com imagem (Mirand\u00eas)]]",
    "lemma": "Pluton",
    "reference": "https://pt.wiktionary.org/wiki/Pluton#mwl",
    "forms": [],
    "pos": "Q6",
    "hyphen": "Plu|ton",
    "senses": [
      "# {{escopo|mwl|corpo celeste}} [[Plut\u00e3o"
    ]
  }
}