{
  "URI": "https://lhenguabase.wikibase.cloud/entity/L95",
  "entry": {
    "wikitext": "={{-mwl-}}=\u00b6==Substantivo==\u00b6{{flex.mwl|ms=pobamiento|mp=pobamientos}}\u00b6{{parox\u00edtona|po|ba|mien|to|l\u00edngua=mwl}}, {{m}}\u00b6# [[povoamento]], acto de [[povoar]]\u00b6\u00b6[[Categoria:Substantivo (Mirand\u00eas)]]",
    "lemma": "pobamiento",
    "reference": "https://pt.wiktionary.org/wiki/pobamiento#mwl",
    "forms": [
      {
        "form": "pobamiento",
        "gram": [
          "Q12",
          "Q14"
        ]
      },
      {
        "form": "pobamientos",
        "gram": [
          "Q13",
          "Q14"
        ]
      }
    ],
    "pos": "Q6",
    "hyphen": "po|ba|mien|to",
    "gender": "Q14",
    "senses": [
      "# [[povoamento]], acto de [[povoar]]"
    ]
  }
}