{
  "URI": "https://lhenguabase.wikibase.cloud/entity/L813",
  "entry": {
    "wikitext": "={{-mwl-}}=\u00b6==Substantivo==\u00b6{{flex.mwl|ms=pobo|mp=pobos}}\u00b6{{parox\u00edtona|po|bo|l\u00edngua=mwl}}, {{m}}\u00b6# [[povo]]\u00b6\u00b6[[Categoria:Substantivo (Mirand\u00eas)]]",
    "lemma": "pobo",
    "reference": "https://pt.wiktionary.org/wiki/pobo#mwl",
    "forms": [
      {
        "form": "pobo",
        "gram": [
          "Q12",
          "Q14"
        ]
      },
      {
        "form": "pobos",
        "gram": [
          "Q13",
          "Q14"
        ]
      }
    ],
    "pos": "Q6",
    "hyphen": "po|bo",
    "gender": "Q14",
    "senses": [
      "# [[povo]]"
    ]
  }
}