{
  "URI": "https://lhenguabase.wikibase.cloud/entity/L788",
  "entry": {
    "wikitext": "={{-mwl-}}=\u00b6==Substantivo==\u00b6{{flex.mwl|fs=porb\u00edncia|fp=porb\u00edncias}}\u00b6{{proparox\u00edtona|por|b\u00edn|ci|a|l\u00edngua=mwl}}, {{f}}\u00b6# [[prov\u00edncia]]\u00b6\u00b6[[Categoria:Substantivo (Mirand\u00eas)]]",
    "lemma": "porb\u00edncia",
    "reference": "https://pt.wiktionary.org/wiki/porb\u00edncia#mwl",
    "forms": [
      {
        "form": "porb\u00edncia",
        "gram": [
          "Q12",
          "Q15"
        ]
      },
      {
        "form": "porb\u00edncias",
        "gram": [
          "Q13",
          "Q15"
        ]
      }
    ],
    "pos": "Q6",
    "hyphen": "por|b\u00edn|ci|a",
    "gender": "Q15",
    "senses": [
      "# [[prov\u00edncia]]"
    ]
  }
}