{
  "URI": "https://lhenguabase.wikibase.cloud/entity/L446",
  "entry": {
    "wikitext": "={{-mwl-}}=\u00b6==Substantivo==\u00b6{{parox\u00edtona|por|mo|\u00e7o|nes|l\u00edngua=mwl}}\u00b6# plural de '''[[pormo\u00e7on]]'''\u00b6\u00b6[[Categoria:Substantivo (Mirand\u00eas)]]",
    "lemma": "pormo\u00e7ones",
    "reference": "https://pt.wiktionary.org/wiki/pormo\u00e7ones#mwl",
    "forms": [],
    "pos": "Q6",
    "hyphen": "por|mo|\u00e7o|nes",
    "senses": [
      "# plural de '''[[pormo\u00e7on]]'''"
    ]
  }
}