{
  "URI": "https://lhenguabase.wikibase.cloud/entity/L1407",
  "entry": {
    "wikitext": "={{-mwl-}}=\u00b6==Substantivo==\u00b6{{flex.mwl|ms=pornome|mp=pornomes}}\u00b6{{parox\u00edtona|por|no|me|l\u00edngua=mwl}}, {{m}}\u00b6# {{escopo|mwl|Gram\u00e1tica}} [[pronome]]\u00b6\u00b6==Ver tamb\u00e9m==\u00b6===No Wikcion\u00e1rio===\u00b6{{verTamb\u00e9m.Ini}}\u00b6* [[pornome relatibo]]\u00b6{{verTamb\u00e9m.Fim}}\u00b6\u00b6[[Categoria:Substantivo (Mirand\u00eas)]]",
    "lemma": "pornome",
    "reference": "https://pt.wiktionary.org/wiki/pornome#mwl",
    "forms": [
      {
        "form": "pornome",
        "gram": [
          "Q12",
          "Q14"
        ]
      },
      {
        "form": "pornomes",
        "gram": [
          "Q13",
          "Q14"
        ]
      }
    ],
    "pos": "Q6",
    "hyphen": "por|no|me",
    "gender": "Q14",
    "senses": [
      "# {{escopo|mwl|Gram\u00e1tica}} [[pronome]]"
    ]
  }
}