{
  "URI": "https://lhenguabase.wikibase.cloud/entity/L1530",
  "entry": {
    "wikitext": "={{-mwl-}}=\u00b6==Substantivo==\u00b6{{flex.mwl|fs=prima|fp=primas}}\u00b6{{parox\u00edtona|pri|ma|l\u00edngua=mwl}}, {{gram\u00e1tica|f}}\u00b6# [[prima#Portugu\u00eas|prima]]\u00b6\u00b6==Ver tamb\u00e9m==\u00b6===No Wikcion\u00e1rio===\u00b6{{fam\u00edlia/mwl}}\u00b6\u00b6[[Categoria:Substantivo (Mirand\u00eas)]]\u00b6[[Categoria:Fam\u00edlia (Mirand\u00eas)]]",
    "lemma": "prima",
    "reference": "https://pt.wiktionary.org/wiki/prima#mwl",
    "forms": [
      {
        "form": "prima",
        "gram": [
          "Q12",
          "Q15"
        ]
      },
      {
        "form": "primas",
        "gram": [
          "Q13",
          "Q15"
        ]
      }
    ],
    "pos": "Q6",
    "hyphen": "pri|ma",
    "senses": [
      "# [[prima"
    ]
  }
}