{
  "URI": "https://lhenguabase.wikibase.cloud/entity/L1004",
  "entry": {
    "wikitext": "={{-mwl-}}=\u00b6==Substantivo==\u00b6{{flex.mwl|s=probe|p=probes}}\u00b6{{parox\u00edtona|pro|be|l\u00edngua=mwl}}, {{c2g}}\u00b6# [[pobre]]\u00b6\u00b6[[Categoria:Substantivo (Mirand\u00eas)]]",
    "lemma": "probe",
    "reference": "https://pt.wiktionary.org/wiki/probe#mwl",
    "forms": [
      {
        "form": "probe",
        "gram": [
          "Q12"
        ]
      },
      {
        "form": "probes",
        "gram": [
          "Q13"
        ]
      }
    ],
    "pos": "Q6",
    "hyphen": "pro|be",
    "senses": [
      "# [[pobre]]"
    ]
  }
}