{
  "URI": "https://lhenguabase.wikibase.cloud/entity/L104",
  "entry": {
    "wikitext": "={{-mwl-}}=\u00b6==Substantivo==\u00b6{{flex.mwl|ms=pr\u00e9cio|mp=pr\u00e9cios}}\u00b6{{proparox\u00edtona|pr\u00e9|ci|o|l\u00edngua=mwl}}, {{m}}\u00b6# {{escopo|mwl|Economia}} [[pre\u00e7o]]\u00b6\u00b6[[Categoria:Substantivo  (Mirand\u00eas)]]",
    "lemma": "pr\u00e9cio",
    "reference": "https://pt.wiktionary.org/wiki/pr\u00e9cio#mwl",
    "forms": [
      {
        "form": "pr\u00e9cio",
        "gram": [
          "Q12",
          "Q14"
        ]
      },
      {
        "form": "pr\u00e9cios",
        "gram": [
          "Q13",
          "Q14"
        ]
      }
    ],
    "pos": "Q6",
    "hyphen": "pr\u00e9|ci|o",
    "gender": "Q14",
    "senses": [
      "# {{escopo|mwl|Economia}} [[pre\u00e7o]]"
    ]
  }
}