{
  "URI": "https://lhenguabase.wikibase.cloud/entity/L1308",
  "entry": {
    "wikitext": "={{-mwl-}}=\u00b6==Substantivo==\u00b6{{flex.mwl|ms=punto|mp=puntos}}\u00b6{{parox\u00edtona|pun|to|l\u00edngua=mwl}}, {{m}}\u00b6# [[ponto]]\u00b6\u00b6[[Categoria:Substantivo (Mirand\u00eas)]]",
    "lemma": "punto",
    "reference": "https://pt.wiktionary.org/wiki/punto#mwl",
    "forms": [
      {
        "form": "punto",
        "gram": [
          "Q12",
          "Q14"
        ]
      },
      {
        "form": "puntos",
        "gram": [
          "Q13",
          "Q14"
        ]
      }
    ],
    "pos": "Q6",
    "hyphen": "pun|to",
    "gender": "Q14",
    "senses": [
      "# [[ponto]]"
    ]
  }
}