{
  "URI": "https://lhenguabase.wikibase.cloud/entity/L179",
  "entry": {
    "wikitext": "={{-mwl-}}=\u00b6==Substantivo==\u00b6{{flex.mwl|ms=puolo|mp=puolos}}\u00b6{{parox\u00edtona|puo|lo|l\u00edngua=mwl}}, {{m}}\u00b6# [[p\u00f3]]\u00b6\u00b6[[Categoria:Substantivo (Mirand\u00eas)]]",
    "lemma": "puolo",
    "reference": "https://pt.wiktionary.org/wiki/puolo#mwl",
    "forms": [
      {
        "form": "puolo",
        "gram": [
          "Q12",
          "Q14"
        ]
      },
      {
        "form": "puolos",
        "gram": [
          "Q13",
          "Q14"
        ]
      }
    ],
    "pos": "Q6",
    "hyphen": "puo|lo",
    "gender": "Q14",
    "senses": [
      "# [[p\u00f3]]"
    ]
  }
}