{
  "URI": "https://lhenguabase.wikibase.cloud/entity/L408",
  "entry": {
    "wikitext": "={{-mwl-}}=\u00b6==Substantivo==\u00b6{{flex.mwl|fs=puorta|fp=puortas}}\u00b6{{parox\u00edtona|puor|ta|l\u00edngua=mwl}}, {{f}}\u00b6# {{escopo|mwl|arquitetura}} [[porta]]\u00b6\u00b6[[Categoria:Substantivo (Mirand\u00eas)]]\u00b6[[Categoria:Entrada com imagem (Mirand\u00eas)]]",
    "lemma": "puorta",
    "reference": "https://pt.wiktionary.org/wiki/puorta#mwl",
    "forms": [
      {
        "form": "puorta",
        "gram": [
          "Q12",
          "Q15"
        ]
      },
      {
        "form": "puortas",
        "gram": [
          "Q13",
          "Q15"
        ]
      }
    ],
    "pos": "Q6",
    "hyphen": "puor|ta",
    "gender": "Q15",
    "senses": [
      "# {{escopo|mwl|arquitetura}} [[porta]]"
    ]
  }
}