{
  "URI": "https://lhenguabase.wikibase.cloud/entity/L316",
  "entry": {
    "wikitext": "={{-mwl-}}=\u00b6==Adjetivo==\u00b6{{flex.mwl|ms=purfeito|mp=purfeitos|fs=purfeita|fp=purfeitas}}\u00b6{{parox\u00edtona|pur|fei|to|l\u00edngua=mwl}}, {{m}}\u00b6# [[perfeito]]\u00b6\u00b6[[Categoria:Adjetivo (Mirand\u00eas)]]",
    "lemma": "purfeito",
    "reference": "https://pt.wiktionary.org/wiki/purfeito#mwl",
    "forms": [
      {
        "form": "purfeito",
        "gram": [
          "Q12",
          "Q14"
        ]
      },
      {
        "form": "purfeitos",
        "gram": [
          "Q13",
          "Q14"
        ]
      },
      {
        "form": "purfeita",
        "gram": [
          "Q12",
          "Q15"
        ]
      },
      {
        "form": "purfeitas",
        "gram": [
          "Q13",
          "Q15"
        ]
      }
    ],
    "pos": "Q8",
    "hyphen": "pur|fei|to",
    "gender": "Q14",
    "senses": [
      "# [[perfeito]]"
    ]
  }
}