{
  "URI": "https://lhenguabase.wikibase.cloud/entity/L1120",
  "entry": {
    "wikitext": "={{-mwl-}}=\u00b6==Adjetivo==\u00b6{{flex.mwl|ms=quemobido|mp=quemobidos|fs=quemobida|fp=quemobidas}}\u00b6{{parox\u00edtona|que|mo|bi|do|l\u00edngua=mwl}}, {{m}}\u00b6# [[comovido]]\u00b6\u00b6[[Categoria:Adjetivo (Mirand\u00eas)]]",
    "lemma": "quemobido",
    "reference": "https://pt.wiktionary.org/wiki/quemobido#mwl",
    "forms": [
      {
        "form": "quemobido",
        "gram": [
          "Q12",
          "Q14"
        ]
      },
      {
        "form": "quemobidos",
        "gram": [
          "Q13",
          "Q14"
        ]
      },
      {
        "form": "quemobida",
        "gram": [
          "Q12",
          "Q15"
        ]
      },
      {
        "form": "quemobidas",
        "gram": [
          "Q13",
          "Q15"
        ]
      }
    ],
    "pos": "Q8",
    "hyphen": "que|mo|bi|do",
    "gender": "Q14",
    "senses": [
      "# [[comovido]]"
    ]
  }
}