{
  "URI": "https://lhenguabase.wikibase.cloud/entity/L264",
  "entry": {
    "wikitext": "={{-mwl-}}=\u00b6==Substantivo==\u00b6{{flex.mwl|ms=quetobielho|mp=quetobielhos}}\u00b6{{parox\u00edtona|que|to|bie|lho|l\u00edngua=mwl}}, {{m}}\u00b6# {{escopo|mwl|Anatomia}} [[cotovelo]]\u00b6\u00b6[[Categoria:Substantivo (Mirand\u00eas)]]\u00b6[[Categoria:Entrada com imagem (Mirand\u00eas)]]",
    "lemma": "quetobielho",
    "reference": "https://pt.wiktionary.org/wiki/quetobielho#mwl",
    "forms": [
      {
        "form": "quetobielho",
        "gram": [
          "Q12",
          "Q14"
        ]
      },
      {
        "form": "quetobielhos",
        "gram": [
          "Q13",
          "Q14"
        ]
      }
    ],
    "pos": "Q6",
    "hyphen": "que|to|bie|lho",
    "gender": "Q14",
    "senses": [
      "# {{escopo|mwl|Anatomia}} [[cotovelo]]"
    ]
  }
}