{
  "URI": "https://lhenguabase.wikibase.cloud/entity/L1095",
  "entry": {
    "wikitext": "={{-mwl-}}=\u00b6==Substantivo==\u00b6{{proparox\u00edtona|Qu\u00e9|ni|a|l\u00edngua=mwl}}\u00b6# {{escopo|mwl|Geografia}} [[Qu\u00e9nia#Portugu\u00eas|Qu\u00e9nia]]\u00b6\u00b6==Ver tamb\u00e9m==\u00b6===No Wikcion\u00e1rio===\u00b6{{\u00c1frica/mwl}}\u00b6\u00b6[[Categoria:Substantivo (Mirand\u00eas)]]\u00b6[[Categoria:Pa\u00eds (Mirand\u00eas)]]\u00b6[[Categoria:Entrada com imagem (Mirand\u00eas)]]",
    "lemma": "Qu\u00e9nia",
    "reference": "https://pt.wiktionary.org/wiki/Qu\u00e9nia#mwl",
    "forms": [],
    "pos": "Q6",
    "hyphen": "Qu\u00e9|ni|a",
    "senses": [
      "# {{escopo|mwl|Geografia}} [[Qu\u00e9nia"
    ]
  }
}