{
  "URI": "https://lhenguabase.wikibase.cloud/entity/L752",
  "entry": {
    "wikitext": "={{-mwl-}}=\u00b6==Substantivo==\u00b6{{flex.mwl|ms=rabanete|mp=rabanetes}}\u00b6{{parox\u00edtona|ra|ba|ne|te|l\u00edngua=mwl}}, {{gram\u00e1tica|m}}\u00b6# {{escopo|mwl|Bot\u00e2nica}} [[rabanete#{{pt}}|rabanete]]\u00b6\u00b6[[Categoria:Substantivo (Mirand\u00eas)]]\u00b6[[Categoria:Entrada com imagem (Mirand\u00eas)]]",
    "lemma": "rabanete",
    "reference": "https://pt.wiktionary.org/wiki/rabanete#mwl",
    "forms": [
      {
        "form": "rabanete",
        "gram": [
          "Q12",
          "Q14"
        ]
      },
      {
        "form": "rabanetes",
        "gram": [
          "Q13",
          "Q14"
        ]
      }
    ],
    "pos": "Q6",
    "hyphen": "ra|ba|ne|te",
    "senses": [
      "# {{escopo|mwl|Bot\u00e2nica}} [[rabanete"
    ]
  }
}