{
  "URI": "https://lhenguabase.wikibase.cloud/entity/L595",
  "entry": {
    "wikitext": "={{-mwl-}}=\u00b6==Adjetivo==\u00b6{{flex.mwl|ms=rabioso|mp=rabiosos|fs=rabiosa|fp=rabiosas}}\u00b6{{parox\u00edtona|ra|bi|o|so|l\u00edngua=mwl}}, {{m}}\u00b6# [[raivoso]], [[zangado]]\u00b6\u00b6===Sin\u00f3nimo===\u00b6* [[raibado]]\u00b6\u00b6==Ver tamb\u00e9m==\u00b6===No Wikcion\u00e1rio===\u00b6{{verTamb\u00e9m.Ini}}\u00b6* [[r\u00e1bia]]\u00b6{{verTamb\u00e9m.Fim}}\u00b6\u00b6[[Categoria:Adjetivo (Mirand\u00eas)]]",
    "lemma": "rabioso",
    "reference": "https://pt.wiktionary.org/wiki/rabioso#mwl",
    "forms": [
      {
        "form": "rabioso",
        "gram": [
          "Q12",
          "Q14"
        ]
      },
      {
        "form": "rabiosos",
        "gram": [
          "Q13",
          "Q14"
        ]
      },
      {
        "form": "rabiosa",
        "gram": [
          "Q12",
          "Q15"
        ]
      },
      {
        "form": "rabiosas",
        "gram": [
          "Q13",
          "Q15"
        ]
      }
    ],
    "pos": "Q8",
    "hyphen": "ra|bi|o|so",
    "gender": "Q14",
    "senses": [
      "# [[raivoso]], [[zangado]]"
    ]
  }
}