{
  "URI": "https://lhenguabase.wikibase.cloud/entity/L1250",
  "entry": {
    "wikitext": "={{-mwl-}}=\u00b6==Substantivo==\u00b6{{flex.mwl|ms=rapa\u00e7|mp=rapazes|fs=rapaza|fp=rapazas}}\u00b6{{ox\u00edtona|ra|pa\u00e7|l\u00edngua=mwl}}, {{m}}\u00b6# [[rapaz]]\u00b6# [[namorado]]\u00b6\u00b6===Sin\u00f3nimo===\u00b6* [[mo\u00e7o]]\u00b6\u00b6[[Categoria:Substantivo (Mirand\u00eas)]]",
    "lemma": "rapa\u00e7",
    "reference": "https://pt.wiktionary.org/wiki/rapa\u00e7#mwl",
    "forms": [
      {
        "form": "rapa\u00e7",
        "gram": [
          "Q12",
          "Q14"
        ]
      },
      {
        "form": "rapazes",
        "gram": [
          "Q13",
          "Q14"
        ]
      },
      {
        "form": "rapaza",
        "gram": [
          "Q12",
          "Q15"
        ]
      },
      {
        "form": "rapazas",
        "gram": [
          "Q13",
          "Q15"
        ]
      }
    ],
    "pos": "Q6",
    "hyphen": "ra|pa\u00e7",
    "gender": "Q14",
    "senses": [
      "# [[rapaz]]"
    ]
  }
}