{
  "URI": "https://lhenguabase.wikibase.cloud/entity/L1487",
  "entry": {
    "wikitext": "={{-mwl-}}=\u00b6==Substantivo==\u00b6{{flex.mwl|ms=rato|mp=ratos}}\u00b6{{parox\u00edtona|ra|to|l\u00edngua=mwl}}, {{gram\u00e1tica|m}}\u00b6# {{escopo|mwl|mam\u00edfero}} [[rato#Portugu\u00eas|rato]] (''[[species:Mus musculus|Mus musculus]]'')\u00b6\u00b6[[Categoria:Substantivo (Mirand\u00eas)]]\u00b6[[Categoria:Animal (Mirand\u00eas)]]\u00b6[[Categoria:Entrada com imagem (Mirand\u00eas)]]",
    "lemma": "rato",
    "reference": "https://pt.wiktionary.org/wiki/rato#mwl",
    "forms": [
      {
        "form": "rato",
        "gram": [
          "Q12",
          "Q14"
        ]
      },
      {
        "form": "ratos",
        "gram": [
          "Q13",
          "Q14"
        ]
      }
    ],
    "pos": "Q6",
    "hyphen": "ra|to",
    "senses": [
      "# {{escopo|mwl|mam\u00edfero}} [[rato"
    ]
  }
}