{
  "URI": "https://lhenguabase.wikibase.cloud/entity/L1414",
  "entry": {
    "wikitext": "={{-mwl-}}=\u00b6==Substantivo==\u00b6{{flex.mwl|fs=rebista|fp=rebistas}}\u00b6{{parox\u00edtona|re|bis|ta|l\u00edngua=mwl}}, {{gram\u00e1tica|f}}\u00b6# [[revista]]\u00b6\u00b6[[Categoria:Substantivo (Mirand\u00eas)]]\u00b6[[Categoria:Objeto (Mirand\u00eas)]]",
    "lemma": "rebista",
    "reference": "https://pt.wiktionary.org/wiki/rebista#mwl",
    "forms": [
      {
        "form": "rebista",
        "gram": [
          "Q12",
          "Q15"
        ]
      },
      {
        "form": "rebistas",
        "gram": [
          "Q13",
          "Q15"
        ]
      }
    ],
    "pos": "Q6",
    "hyphen": "re|bis|ta",
    "senses": [
      "# [[revista]]"
    ]
  }
}