{
  "URI": "https://lhenguabase.wikibase.cloud/entity/L1312",
  "entry": {
    "wikitext": "={{-mwl-}}=\u00b6==Substantivo==\u00b6{{flex.mwl|ms=rebo|mp=rebos}}\u00b6{{parox\u00edtona|re|bo|id=mwl}}, {{gram\u00e1tica|m}}\u00b6# [[rebo#Portugu\u00eas|rebo]], pedra pequena\u00b6\u00b6=={{etimologia|mwl}}==\u00b6: Confronte-se com o [[asturiano]] ''[[reble#Asturiano|reble]]''.\u00b6\u00b6[[Categoria:Substantivo (Mirand\u00eas)]]",
    "lemma": "rebo",
    "reference": "https://pt.wiktionary.org/wiki/rebo#mwl",
    "forms": [
      {
        "form": "rebo",
        "gram": [
          "Q12",
          "Q14"
        ]
      },
      {
        "form": "rebos",
        "gram": [
          "Q13",
          "Q14"
        ]
      }
    ],
    "pos": "Q6",
    "hyphen": "re|bo",
    "senses": [
      "# [[rebo"
    ]
  }
}