{
  "URI": "https://lhenguabase.wikibase.cloud/entity/L90",
  "entry": {
    "wikitext": "={{-mwl-}}=\u00b6==Substantivo==\u00b6{{flex.mwl|fs=rede|fp=redes}}\u00b6{{parox\u00edtona|re|des|id=mwl}}, {{gram\u00e1tica|fp|id=mwl}}\u00b6# plural de [[rede#{{mwl}}|rede]]\t\u00b6\u00b6{{aviso.flex\u00e3o|rede|id=mwl}}\u00b6\u00b6[[Categoria:Forma de substantivo (Mirand\u00eas)]]",
    "lemma": "redes",
    "reference": "https://pt.wiktionary.org/wiki/redes#mwl",
    "forms": [
      {
        "form": "rede",
        "gram": [
          "Q12",
          "Q15"
        ]
      },
      {
        "form": "redes",
        "gram": [
          "Q13",
          "Q15"
        ]
      }
    ],
    "pos": "Q6",
    "hyphen": "re|des",
    "senses": [
      "# plural de [[rede"
    ]
  }
}