{
  "URI": "https://lhenguabase.wikibase.cloud/entity/L140",
  "entry": {
    "wikitext": "={{-mwl-}}=\u00b6==Substantivo==\u00b6{{flex.mwl|fs=regra|fp=regras}}\u00b6{{parox\u00edtona|re|gra|l\u00edngua=mwl}}, {{gram\u00e1tica|f|id=mwl}}\u00b6# [[regra#{{pt}}|regra]]\u00b6\u00b6[[Categoria:Substantivo (Mirand\u00eas)]]",
    "lemma": "regra",
    "reference": "https://pt.wiktionary.org/wiki/regra#mwl",
    "forms": [
      {
        "form": "regra",
        "gram": [
          "Q12",
          "Q15"
        ]
      },
      {
        "form": "regras",
        "gram": [
          "Q13",
          "Q15"
        ]
      }
    ],
    "pos": "Q6",
    "hyphen": "re|gra",
    "senses": [
      "# [[regra"
    ]
  }
}