{
  "URI": "https://lhenguabase.wikibase.cloud/entity/L101",
  "entry": {
    "wikitext": "={{-mwl-}}=\u00b6==Substantivo==\u00b6{{flex.mwl|ms=rei|mp=reis|fs=reina|fp=reinas}}\u00b6{{ox\u00edtona|rei|l\u00edngua=mwl}}, {{gram\u00e1tica|m|id=mwl}}\u00b6# {{escopo|pt|Pol\u00edtica|profiss\u00e3o}} [[rei#{{pt}}|rei]]\u00b6\u00b6[[Categoria:Substantivo (Mirand\u00eas)]]\u00b6[[Categoria:Entrada com imagem (Mirand\u00eas)]]",
    "lemma": "rei",
    "reference": "https://pt.wiktionary.org/wiki/rei#mwl",
    "forms": [
      {
        "form": "rei",
        "gram": [
          "Q12",
          "Q14"
        ]
      },
      {
        "form": "reis",
        "gram": [
          "Q13",
          "Q14"
        ]
      },
      {
        "form": "reina",
        "gram": [
          "Q12",
          "Q15"
        ]
      },
      {
        "form": "reinas",
        "gram": [
          "Q13",
          "Q15"
        ]
      }
    ],
    "pos": "Q6",
    "hyphen": "rei",
    "senses": [
      "# {{escopo|pt|Pol\u00edtica|profiss\u00e3o}} [[rei"
    ]
  }
}