{
  "URI": "https://lhenguabase.wikibase.cloud/entity/L323",
  "entry": {
    "wikitext": "={{-mwl-}}=\u00b6==Substantivo==\u00b6{{flex.mwl|fs=rejist\u00e9ncia|fp=rejist\u00e9ncias}}\u00b6{{proparox\u00edtona|re|jis|t\u00e9n|ci|a|l\u00edngua=mwl}}, {{f}}\u00b6# [[resist\u00eancia]]\u00b6\u00b6===Formas alternativas===\u00b6* {{link idioma|rejisten\u00e7a|mwl}}\u00b6\u00b6==Ver tamb\u00e9m==\u00b6===No Wikcion\u00e1rio===\u00b6{{verTamb\u00e9m.Ini}}\u00b6* [[rejistir]]\u00b6{{verTamb\u00e9m.NovaColuna}}\u00b6* [[rejistente ]]\u00b6{{verTamb\u00e9m.Fim}}\u00b6\u00b6[[Categoria:Substantivo (Mirand\u00eas)]]\u00b6[[Categoria:Pol\u00edtica (Mirand\u00eas)]]",
    "lemma": "rejist\u00e9ncia",
    "reference": "https://pt.wiktionary.org/wiki/rejist\u00e9ncia#mwl",
    "forms": [
      {
        "form": "rejist\u00e9ncia",
        "gram": [
          "Q12",
          "Q15"
        ]
      },
      {
        "form": "rejist\u00e9ncias",
        "gram": [
          "Q13",
          "Q15"
        ]
      }
    ],
    "pos": "Q6",
    "hyphen": "re|jis|t\u00e9n|ci|a",
    "gender": "Q15",
    "senses": [
      "# [[resist\u00eancia]]"
    ]
  }
}