{
  "URI": "https://lhenguabase.wikibase.cloud/entity/L1471",
  "entry": {
    "wikitext": "={{-mwl-}}=\u00b6==Substantivo==\u00b6{{flex.mwl|fs=rela\u00e7on|fp=rela\u00e7ones}}\u00b6{{ox\u00edtona|re|la|\u00e7on|l\u00edngua=mwl}}, {{g|f}}\u00b6# [[rela\u00e7\u00e3o]]\u00b6\u00b6===Sin\u00f3nimo===\u00b6* [[relacion#Mirand\u00eas|relacion]]\u00b6\u00b6[[Categoria:Substantivo (Mirand\u00eas)]]",
    "lemma": "rela\u00e7on",
    "reference": "https://pt.wiktionary.org/wiki/rela\u00e7on#mwl",
    "forms": [
      {
        "form": "rela\u00e7on",
        "gram": [
          "Q12",
          "Q15"
        ]
      },
      {
        "form": "rela\u00e7ones",
        "gram": [
          "Q13",
          "Q15"
        ]
      }
    ],
    "pos": "Q6",
    "hyphen": "re|la|\u00e7on",
    "senses": [
      "# [[rela\u00e7\u00e3o]]"
    ]
  }
}