{
  "URI": "https://lhenguabase.wikibase.cloud/entity/L1234",
  "entry": {
    "wikitext": "={{-mwl-}}=\u00b6==Adjetivo==\u00b6{{flex.mwl|ms=relatibo|mp=relatibos|fs=relatiba|fp=relatibas}}\u00b6{{parox\u00edtona|re|la|ti|bo|l\u00edngua=mwl}}, {{m}}\u00b6# [[relativo]]\u00b6\u00b6[[Categoria:Adjetivo (Mirand\u00eas)]]",
    "lemma": "relatibo",
    "reference": "https://pt.wiktionary.org/wiki/relatibo#mwl",
    "forms": [
      {
        "form": "relatibo",
        "gram": [
          "Q12",
          "Q14"
        ]
      },
      {
        "form": "relatibos",
        "gram": [
          "Q13",
          "Q14"
        ]
      },
      {
        "form": "relatiba",
        "gram": [
          "Q12",
          "Q15"
        ]
      },
      {
        "form": "relatibas",
        "gram": [
          "Q13",
          "Q15"
        ]
      }
    ],
    "pos": "Q8",
    "hyphen": "re|la|ti|bo",
    "gender": "Q14",
    "senses": [
      "# [[relativo]]"
    ]
  }
}