{
  "URI": "https://lhenguabase.wikibase.cloud/entity/L832",
  "entry": {
    "wikitext": "={{-mwl-}}=\u00b6==Substantivo==\u00b6{{flex.mwl|ms=renacimiento|mp=renacimientos}}\u00b6{{parox\u00edtona|re|na|ci|mien|to|l\u00edngua=mwl}}, {{m}}\u00b6# [[renascimento]]\u00b6\u00b6==Ver tamb\u00e9m==\u00b6===No Wikcion\u00e1rio===\u00b6{{verTamb\u00e9m.Ini}}\u00b6* [[nacimiento]]\u00b6{{verTamb\u00e9m.Fim}}\u00b6\u00b6[[Categoria:Substantivo (Mirand\u00eas)]]",
    "lemma": "renacimiento",
    "reference": "https://pt.wiktionary.org/wiki/renacimiento#mwl",
    "forms": [
      {
        "form": "renacimiento",
        "gram": [
          "Q12",
          "Q14"
        ]
      },
      {
        "form": "renacimientos",
        "gram": [
          "Q13",
          "Q14"
        ]
      }
    ],
    "pos": "Q6",
    "hyphen": "re|na|ci|mien|to",
    "gender": "Q14",
    "senses": [
      "# [[renascimento]]"
    ]
  }
}