{
  "URI": "https://lhenguabase.wikibase.cloud/entity/L69",
  "entry": {
    "wikitext": "={{-mwl-}}=\u00b6==Substantivo==\u00b6{{flex.mwl|ms=resultado|mp=resultados}}\u00b6{{parox\u00edtona|re|sul|ta|do|l\u00edngua=mwl}}, {{gram\u00e1tica|m}}\u00b6# [[resultado#Portugu\u00eas|resultado]]\u00b6\u00b6[[Categoria:Substantivo (Mirand\u00eas)]]",
    "lemma": "resultado",
    "reference": "https://pt.wiktionary.org/wiki/resultado#mwl",
    "forms": [
      {
        "form": "resultado",
        "gram": [
          "Q12",
          "Q14"
        ]
      },
      {
        "form": "resultados",
        "gram": [
          "Q13",
          "Q14"
        ]
      }
    ],
    "pos": "Q6",
    "hyphen": "re|sul|ta|do",
    "senses": [
      "# [[resultado"
    ]
  }
}