{
  "URI": "https://lhenguabase.wikibase.cloud/entity/L674",
  "entry": {
    "wikitext": "={{-mwl-}}=\u00b6==Substantivo==\u00b6{{flex.mwl|s=retratista|p=retratistas}}\u00b6{{parox\u00edtona|re|tra|tis|ta|l\u00edngua=mwl}}, {{c2g}}\u00b6# [[fot\u00f3grafo]]\u00b6\u00b6[[Categoria:Substantivo (Mirand\u00eas)]]",
    "lemma": "retratista",
    "reference": "https://pt.wiktionary.org/wiki/retratista#mwl",
    "forms": [
      {
        "form": "retratista",
        "gram": [
          "Q12"
        ]
      },
      {
        "form": "retratistas",
        "gram": [
          "Q13"
        ]
      }
    ],
    "pos": "Q6",
    "hyphen": "re|tra|tis|ta",
    "senses": [
      "# [[fot\u00f3grafo]]"
    ]
  }
}