{
  "URI": "https://lhenguabase.wikibase.cloud/entity/L374",
  "entry": {
    "wikitext": "={{-mwl-}}=\u00b6==Substantivo==\u00b6{{flex.mwl|fs=rola|fp=rolas}}\u00b6{{parox\u00edtona|ro|la|l\u00edngua=mwl}}, {{g|f}}\u00b6# {{escopo|mwl|Ave}} [[rola#Portugu\u00eas|rola]]\u00b6\u00b6===Formas alternativas===\u00b6* {{link idioma|rolha|mwl}}\u00b6\u00b6==Nota==\u00b6* Grafia utilizada na variedade do Mirand\u00eas Sendin\u00eas.\u00b6\u00b6[[Categoria:Substantivo (Mirand\u00eas)]]\u00b6[[Categoria:Animal (Mirand\u00eas)]]\u00b6[[Categoria:Entrada com imagem (Mirand\u00eas)]]",
    "lemma": "rola",
    "reference": "https://pt.wiktionary.org/wiki/rola#mwl",
    "forms": [
      {
        "form": "rola",
        "gram": [
          "Q12",
          "Q15"
        ]
      },
      {
        "form": "rolas",
        "gram": [
          "Q13",
          "Q15"
        ]
      }
    ],
    "pos": "Q6",
    "hyphen": "ro|la",
    "senses": [
      "# {{escopo|mwl|Ave}} [[rola"
    ]
  }
}