{
  "URI": "https://lhenguabase.wikibase.cloud/entity/L1191",
  "entry": {
    "wikitext": "={{-mwl-}}=\u00b6==Substantivo==\u00b6{{flex.mwl|fs=roseira|fp=roseiras}}\u00b6{{parox\u00edtona|ro|sei|ra|l\u00edngua=mwl}}, {{gram\u00e1tica|f|id=mwl}}\u00b6# {{escopo|mwl|Bot\u00e2nica|planta}} [[roseira#{{mwl}}|roseira]]\u00b6\u00b6[[Categoria:Substantivo (Mirand\u00eas)]]\u00b6[[Categoria:Entrada com imagem (Mirand\u00eas)]]",
    "lemma": "roseira",
    "reference": "https://pt.wiktionary.org/wiki/roseira#mwl",
    "forms": [
      {
        "form": "roseira",
        "gram": [
          "Q12",
          "Q15"
        ]
      },
      {
        "form": "roseiras",
        "gram": [
          "Q13",
          "Q15"
        ]
      }
    ],
    "pos": "Q6",
    "hyphen": "ro|sei|ra",
    "senses": [
      "# {{escopo|mwl|Bot\u00e2nica|planta}} [[roseira"
    ]
  }
}