{
  "URI": "https://lhenguabase.wikibase.cloud/entity/L589",
  "entry": {
    "wikitext": "={{-mwl-}}=\u00b6==Substantivo==\u00b6{{flex.mwl|fs=rucerrei\u00e7on|fp=rucerrei\u00e7ones}}\u00b6{{ox\u00edtona|ru|cer|rei|\u00e7on|l\u00edngua=mwl}}, {{f}}\u00b6# [[ressurrei\u00e7\u00e3o]]\u00b6\u00b6[[Categoria:Substantivo (Mirand\u00eas)]]\u00b6[[Categoria:Religi\u00e3o (Mirand\u00eas)]]",
    "lemma": "rucerrei\u00e7on",
    "reference": "https://pt.wiktionary.org/wiki/rucerrei\u00e7on#mwl",
    "forms": [
      {
        "form": "rucerrei\u00e7on",
        "gram": [
          "Q12",
          "Q15"
        ]
      },
      {
        "form": "rucerrei\u00e7ones",
        "gram": [
          "Q13",
          "Q15"
        ]
      }
    ],
    "pos": "Q6",
    "hyphen": "ru|cer|rei|\u00e7on",
    "gender": "Q15",
    "senses": [
      "# [[ressurrei\u00e7\u00e3o]]"
    ]
  }
}