{
  "URI": "https://lhenguabase.wikibase.cloud/entity/L390",
  "entry": {
    "wikitext": "={{-mwl-}}=\u00b6==Substantivo==\u00b6{{flex.mwl|fs=rue|fp=rues}}\u00b6{{parox\u00edtona|ru|e|l\u00edngua=mwl}}, {{f}}\u00b6# [[rua]]\u00b6\u00b6[[Categoria:Substantivo (Mirand\u00eas)]]\u00b6[[Categoria:Entrada com imagem (Mirand\u00eas)]]",
    "lemma": "rue",
    "reference": "https://pt.wiktionary.org/wiki/rue#mwl",
    "forms": [
      {
        "form": "rue",
        "gram": [
          "Q12",
          "Q15"
        ]
      },
      {
        "form": "rues",
        "gram": [
          "Q13",
          "Q15"
        ]
      }
    ],
    "pos": "Q6",
    "hyphen": "ru|e",
    "gender": "Q15",
    "senses": [
      "# [[rua]]"
    ]
  }
}