{
  "URI": "https://lhenguabase.wikibase.cloud/entity/L937",
  "entry": {
    "wikitext": "={{-mwl-}}=\u00b6==Substantivo==\u00b6{{flex.mwl|fs=r\u00e1bia|fp=r\u00e1bias}}\u00b6{{proparox\u00edtona|r\u00e1|bi|a|l\u00edngua=mwl}}, {{f}}\u00b6# [[raiva]]\u00b6\u00b6===Formas alternativas===\u00b6* {{link idioma|raiba|mwl}}\u00b6\u00b6==Ver tamb\u00e9m==\u00b6===No Wikcion\u00e1rio===\u00b6{{verTamb\u00e9m.Ini}}\u00b6* [[rabioso]]\u00b6{{verTamb\u00e9m.Fim}}\u00b6\u00b6[[Categoria:Substantivo (Mirand\u00eas)]]",
    "lemma": "r\u00e1bia",
    "reference": "https://pt.wiktionary.org/wiki/r\u00e1bia#mwl",
    "forms": [
      {
        "form": "r\u00e1bia",
        "gram": [
          "Q12",
          "Q15"
        ]
      },
      {
        "form": "r\u00e1bias",
        "gram": [
          "Q13",
          "Q15"
        ]
      }
    ],
    "pos": "Q6",
    "hyphen": "r\u00e1|bi|a",
    "gender": "Q15",
    "senses": [
      "# [[raiva]]"
    ]
  }
}