{
  "URI": "https://lhenguabase.wikibase.cloud/entity/L1128",
  "entry": {
    "wikitext": "={{-mwl-}}=\u00b6==Substantivo==\u00b6{{flex.mwl|fs=sabedorie|fp=sabedories}}\u00b6{{ox\u00edtona|sa|be|do|rie|l\u00edngua=mwl}}, {{f}}\u00b6# [[sabedoria]]\u00b6\u00b6[[Categoria:Substantivo (Mirand\u00eas)]]",
    "lemma": "sabedorie",
    "reference": "https://pt.wiktionary.org/wiki/sabedorie#mwl",
    "forms": [
      {
        "form": "sabedorie",
        "gram": [
          "Q12",
          "Q15"
        ]
      },
      {
        "form": "sabedories",
        "gram": [
          "Q13",
          "Q15"
        ]
      }
    ],
    "pos": "Q6",
    "hyphen": "sa|be|do|rie",
    "gender": "Q15",
    "senses": [
      "# [[sabedoria]]"
    ]
  }
}