{
  "URI": "https://lhenguabase.wikibase.cloud/entity/L531",
  "entry": {
    "wikitext": "={{-mwl-}}=\u00b6==Substantivo==\u00b6{{flex.mwl|ms=salairo|mp=salairos}}\u00b6{{parox\u00edtona|sa|lai|ro|l\u00edngua=mwl}}, {{m}}\u00b6# {{escopo|mwl|Economia}} [[sal\u00e1rio]]\u00b6\u00b6[[Categoria:Substantivo (Mirand\u00eas)]]",
    "lemma": "salairo",
    "reference": "https://pt.wiktionary.org/wiki/salairo#mwl",
    "forms": [
      {
        "form": "salairo",
        "gram": [
          "Q12",
          "Q14"
        ]
      },
      {
        "form": "salairos",
        "gram": [
          "Q13",
          "Q14"
        ]
      }
    ],
    "pos": "Q6",
    "hyphen": "sa|lai|ro",
    "gender": "Q14",
    "senses": [
      "# {{escopo|mwl|Economia}} [[sal\u00e1rio]]"
    ]
  }
}