{
  "URI": "https://lhenguabase.wikibase.cloud/entity/L273",
  "entry": {
    "wikitext": "={{-mwl-}}=\u00b6==Adjetivo==\u00b6{{flex.mwl|s=salbaige|p=salbaiges}}\u00b6{{parox\u00edtona|sal|bai|ge|l\u00edngua=mwl}}, {{c2g}}\u00b6# [[selvagem]]\u00b6\u00b6[[Categoria:Adjetivo (Mirand\u00eas)]]",
    "lemma": "salbaige",
    "reference": "https://pt.wiktionary.org/wiki/salbaige#mwl",
    "forms": [
      {
        "form": "salbaige",
        "gram": [
          "Q12"
        ]
      },
      {
        "form": "salbaiges",
        "gram": [
          "Q13"
        ]
      }
    ],
    "pos": "Q8",
    "hyphen": "sal|bai|ge",
    "senses": [
      "# [[selvagem]]"
    ]
  }
}