{
  "URI": "https://lhenguabase.wikibase.cloud/entity/L995",
  "entry": {
    "wikitext": "={{-mwl-}}=\u00b6==Adjetivo==\u00b6{{flex.mwl|ms=salido|mp=salidos|fs=salida|fp=salidas}}\u00b6{{parox\u00edtona|sa|li|do|l\u00edngua=mwl}}, {{m}}\u00b6# [[publicado]]\u00b6\u00b6[[Categoria:Adjetivo (Mirand\u00eas)]]",
    "lemma": "salido",
    "reference": "https://pt.wiktionary.org/wiki/salido#mwl",
    "forms": [
      {
        "form": "salido",
        "gram": [
          "Q12",
          "Q14"
        ]
      },
      {
        "form": "salidos",
        "gram": [
          "Q13",
          "Q14"
        ]
      },
      {
        "form": "salida",
        "gram": [
          "Q12",
          "Q15"
        ]
      },
      {
        "form": "salidas",
        "gram": [
          "Q13",
          "Q15"
        ]
      }
    ],
    "pos": "Q8",
    "hyphen": "sa|li|do",
    "gender": "Q14",
    "senses": [
      "# [[publicado]]"
    ]
  }
}