{
  "URI": "https://lhenguabase.wikibase.cloud/entity/L1472",
  "entry": {
    "wikitext": "={{-mwl-}}=\u00b6==Substantivo==\u00b6{{flex.mwl|fs=salida|fp=salidas}}\u00b6{{parox\u00edtona|sa|li|da|l\u00edngua=mwl}}, {{f}}\u00b6# [[sa\u00edda]]\u00b6\u00b6==Ant\u00f3nimo==\u00b6* [[antrada]]\u00b6\u00b6==Forma de adjetivo==\u00b6{{parox\u00edtona|sa|li|da|l\u00edngua=mwl}}\u00b6# feminino de '''[[salido#{{mwl}}|salido]]'''\u00b6\u00b6[[Categoria:Forma de adjetivo (Mirand\u00eas)]]\u00b6[[Categoria:Substantivo (Mirand\u00eas)]]",
    "lemma": "salida",
    "reference": "https://pt.wiktionary.org/wiki/salida#mwl",
    "forms": [
      {
        "form": "salida",
        "gram": [
          "Q12",
          "Q15"
        ]
      },
      {
        "form": "salidas",
        "gram": [
          "Q13",
          "Q15"
        ]
      }
    ],
    "pos": "Q6",
    "hyphen": "sa|li|da",
    "gender": "Q15",
    "senses": [
      "# [[sa\u00edda]]"
    ]
  }
}