{
  "URI": "https://lhenguabase.wikibase.cloud/entity/L1167",
  "entry": {
    "wikitext": "={{-mwl-}}=\u00b6==Substantivo==\u00b6{{parox\u00edtona|Sal|mos|id=mwl}}, {{pr}}\u00b6# {{escopo|mwl|Cristianismo}} [[Salmos#{{pt}}|Salmos]]\u00b6\u00b6==Ver tamb\u00e9m==\u00b6===No Wikcion\u00e1rio===\u00b6{{b\u00edblia/mwl}}\u00b6\u00b6[[Categoria:Substantivo (Mirand\u00eas)]]",
    "lemma": "Salmos",
    "reference": "https://pt.wiktionary.org/wiki/Salmos#mwl",
    "forms": [],
    "pos": "Q6",
    "hyphen": "Sal|mos",
    "senses": [
      "# {{escopo|mwl|Cristianismo}} [[Salmos"
    ]
  }
}