{
  "URI": "https://lhenguabase.wikibase.cloud/entity/L1205",
  "entry": {
    "wikitext": "={{-mwl-}}=\u00b6==Substantivo==\u00b6{{parox\u00edtona|Sa|tur|nb|id=mwl}}, {{gram\u00e1tica|pr|m|id=mwl}}\u00b6# {{escopo|mwl|mitologia}} [[Saturno#{{pt}}|Saturno]]\u00b6# {{escopo|mwl|corpo celeste|corpo celeste}} [[Saturno#{{pt}}|Saturno]]\u00b6\u00b6==Ver tamb\u00e9m==\u00b6===No Wikcion\u00e1rio===\u00b6{{sistema solar/mwl}}\u00b6\u00b6[[Categoria:Substantivo (Mirand\u00eas)]]\u00b6[[Categoria:Cognato (Mirand\u00eas)]]\u00b6[[Categoria:Entrada com imagem (Mirand\u00eas)]]",
    "lemma": "Saturno",
    "reference": "https://pt.wiktionary.org/wiki/Saturno#mwl",
    "forms": [],
    "pos": "Q6",
    "hyphen": "Sa|tur|nb",
    "senses": [
      "# {{escopo|mwl|mitologia}} [[Saturno"
    ]
  }
}