{
  "URI": "https://lhenguabase.wikibase.cloud/entity/L987",
  "entry": {
    "wikitext": "={{-mwl-}}=\u00b6==Substantivo==\u00b6{{flex.mwl|fs=scoba|fp=scobas}}\u00b6{{parox\u00edtona|sco|ba|l\u00edngua=mwl}}, {{f}}\u00b6# {{escopo|mwl|Planta}} [[giesta]] (Cytisus striatus)\u00b6\u00b6==Ver tamb\u00e9m==\u00b6===No Wikcion\u00e1rio===\u00b6{{verTamb\u00e9m.Ini}}\u00b6* [[scoba branca]]\u00b6{{verTamb\u00e9m.Fim}}\u00b6\u00b6[[Categoria:Substantivo (Mirand\u00eas)]]\u00b6[[Categoria:Bot\u00e2nica (Mirand\u00eas)]]\u00b6[[Categoria:Entrada com imagem (Mirand\u00eas)]]",
    "lemma": "scoba",
    "reference": "https://pt.wiktionary.org/wiki/scoba#mwl",
    "forms": [
      {
        "form": "scoba",
        "gram": [
          "Q12",
          "Q15"
        ]
      },
      {
        "form": "scobas",
        "gram": [
          "Q13",
          "Q15"
        ]
      }
    ],
    "pos": "Q6",
    "hyphen": "sco|ba",
    "gender": "Q15",
    "senses": [
      "# {{escopo|mwl|Planta}} [[giesta]] (Cytisus striatus)"
    ]
  }
}