{
  "URI": "https://lhenguabase.wikibase.cloud/entity/L1321",
  "entry": {
    "wikitext": "={{-mwl-}}=\u00b6==Substantivo==\u00b6{{flex.mwl|fs=scoba branca|fp=scobas brancas}}\u00b6'''scoba branca''', {{f}}\u00b6# {{escopo|mwl|Planta}} [[giesta-branca]] (Cytisus multiflorus)\u00b6\u00b6==Ver tamb\u00e9m==\u00b6===No Wikcion\u00e1rio===\u00b6{{verTamb\u00e9m.Ini}}\u00b6* [[scoba]]\u00b6{{verTamb\u00e9m.Fim}}\u00b6\u00b6[[Categoria:Substantivo (Mirand\u00eas)]]\u00b6[[Categoria:Bot\u00e2nica (Mirand\u00eas)]]\u00b6[[Categoria:Entrada com imagem (Mirand\u00eas)]]",
    "lemma": "scoba branca",
    "reference": "https://pt.wiktionary.org/wiki/scoba_branca#mwl",
    "forms": [
      {
        "form": "scoba branca",
        "gram": [
          "Q12",
          "Q15"
        ]
      },
      {
        "form": "scobas brancas",
        "gram": [
          "Q13",
          "Q15"
        ]
      }
    ],
    "pos": "Q6",
    "gender": "Q15",
    "senses": [
      "# {{escopo|mwl|Planta}} [[giesta-branca]] (Cytisus multiflorus)"
    ]
  }
}