{
  "URI": "https://lhenguabase.wikibase.cloud/entity/L1064",
  "entry": {
    "wikitext": "={{-mwl-}}=\u00b6==Substantivo==\u00b6{{flex.mwl|ms=screbidor|mp=screbidores|fs=screbidora|fp=screbidoras}}\u00b6{{ox\u00edtona|scre|bi|dor|l\u00edngua=mwl}}, {{m}}\u00b6# {{escopo|mwl|Profiss\u00e3o}} [[escritor]]\u00b6\u00b6==Sin\u00f3nimo==\u00b6* [[scritor]]\u00b6\u00b6[[Categoria:Substantivo (Mirand\u00eas)]]",
    "lemma": "screbidor",
    "reference": "https://pt.wiktionary.org/wiki/screbidor#mwl",
    "forms": [
      {
        "form": "screbidor",
        "gram": [
          "Q12",
          "Q14"
        ]
      },
      {
        "form": "screbidores",
        "gram": [
          "Q13",
          "Q14"
        ]
      },
      {
        "form": "screbidora",
        "gram": [
          "Q12",
          "Q15"
        ]
      },
      {
        "form": "screbidoras",
        "gram": [
          "Q13",
          "Q15"
        ]
      }
    ],
    "pos": "Q6",
    "hyphen": "scre|bi|dor",
    "gender": "Q14",
    "senses": [
      "# {{escopo|mwl|Profiss\u00e3o}} [[escritor]]"
    ]
  }
}