{
  "URI": "https://lhenguabase.wikibase.cloud/entity/L1409",
  "entry": {
    "wikitext": "={{-mwl-}}=\u00b6==Substantivo==\u00b6{{flex.mwl|ms=scrit\u00f3rio|mp=scrit\u00f3rios}}\u00b6{{proparox\u00edtona|scri|t\u00f3|ri|o|l\u00edngua=mwl}}, {{m}}\u00b6# [[escrit\u00f3rio]]\u00b6\u00b6[[Categoria:Substantivo (Mirand\u00eas)]]",
    "lemma": "scrit\u00f3rio",
    "reference": "https://pt.wiktionary.org/wiki/scrit\u00f3rio#mwl",
    "forms": [
      {
        "form": "scrit\u00f3rio",
        "gram": [
          "Q12",
          "Q14"
        ]
      },
      {
        "form": "scrit\u00f3rios",
        "gram": [
          "Q13",
          "Q14"
        ]
      }
    ],
    "pos": "Q6",
    "hyphen": "scri|t\u00f3|ri|o",
    "gender": "Q14",
    "senses": [
      "# [[escrit\u00f3rio]]"
    ]
  }
}