{
  "URI": "https://lhenguabase.wikibase.cloud/entity/L1532",
  "entry": {
    "wikitext": "={{-mwl-}}=\u00b6==Substantivo==\u00b6{{flex.mwl|ms=scritor|mp=scritores|fs=scritora|fp=scritoras}}\u00b6{{ox\u00edtona|scri|tor|l\u00edngua=mwl}}, {{m}}\u00b6# {{escopo|mwl|Profiss\u00e3o}} [[escritor]]\u00b6\u00b6==Sin\u00f3nimo==\u00b6* [[screbidor]]\u00b6\u00b6[[Categoria:Substantivo (Mirand\u00eas)]]",
    "lemma": "scritor",
    "reference": "https://pt.wiktionary.org/wiki/scritor#mwl",
    "forms": [
      {
        "form": "scritor",
        "gram": [
          "Q12",
          "Q14"
        ]
      },
      {
        "form": "scritores",
        "gram": [
          "Q13",
          "Q14"
        ]
      },
      {
        "form": "scritora",
        "gram": [
          "Q12",
          "Q15"
        ]
      },
      {
        "form": "scritoras",
        "gram": [
          "Q13",
          "Q15"
        ]
      }
    ],
    "pos": "Q6",
    "hyphen": "scri|tor",
    "gender": "Q14",
    "senses": [
      "# {{escopo|mwl|Profiss\u00e3o}} [[escritor]]"
    ]
  }
}