{
  "URI": "https://lhenguabase.wikibase.cloud/entity/L26",
  "entry": {
    "wikitext": "={{-mwl-}}=\u00b6==Substantivo==\u00b6{{flex.mwl|fs=scuola|fp=scuolas}}\u00b6{{parox\u00edtona|scuo|la|l\u00edngua=mwl}}, {{f}}\u00b6# {{escopo|mwl|Educa\u00e7\u00e3o}} [[escola]]\u00b6\u00b6[[Categoria:Substantivo (Mirand\u00eas)]]\u00b6[[Categoria:Entrada com imagem (Mirand\u00eas)]]",
    "lemma": "scuola",
    "reference": "https://pt.wiktionary.org/wiki/scuola#mwl",
    "forms": [
      {
        "form": "scuola",
        "gram": [
          "Q12",
          "Q15"
        ]
      },
      {
        "form": "scuolas",
        "gram": [
          "Q13",
          "Q15"
        ]
      }
    ],
    "pos": "Q6",
    "hyphen": "scuo|la",
    "gender": "Q15",
    "senses": [
      "# {{escopo|mwl|Educa\u00e7\u00e3o}} [[escola]]\u00b6\u00b6[[Categoria:Substantivo (Mirand\u00eas)]]\u00b6[[Categoria:Entrada com imagem (Mirand\u00eas)]]"
    ]
  }
}