{
  "URI": "https://lhenguabase.wikibase.cloud/entity/L669",
  "entry": {
    "wikitext": "={{-mwl-}}=\u00b6==Substantivo==\u00b6{{flex.mwl|ms=seclo|mp=seclos}}\u00b6{{parox\u00edtona|se|clo|l\u00edngua=mwl}}, {{m}}\u00b6# {{escopo|mwl|Tempo}} [[s\u00e9culo]]\u00b6\u00b6[[Categoria:Substantivo (Mirand\u00eas)]]",
    "lemma": "seclo",
    "reference": "https://pt.wiktionary.org/wiki/seclo#mwl",
    "forms": [
      {
        "form": "seclo",
        "gram": [
          "Q12",
          "Q14"
        ]
      },
      {
        "form": "seclos",
        "gram": [
          "Q13",
          "Q14"
        ]
      }
    ],
    "pos": "Q6",
    "hyphen": "se|clo",
    "gender": "Q14",
    "senses": [
      "# {{escopo|mwl|Tempo}} [[s\u00e9culo]]"
    ]
  }
}