{
  "URI": "https://lhenguabase.wikibase.cloud/entity/L647",
  "entry": {
    "wikitext": "={{-mwl-}}=\u00b6==Substantivo==\u00b6{{flex.mwl|ms=segredo|mp=segredos}}\u00b6{{parox\u00edtona|se|gre|do|l\u00edngua=mwl}}, {{m}}\u00b6# [[segredo#Portugu\u00eas|segredo]]\u00b6\u00b6[[Categoria:Substantivo (Mirand\u00eas)]]",
    "lemma": "segredo",
    "reference": "https://pt.wiktionary.org/wiki/segredo#mwl",
    "forms": [
      {
        "form": "segredo",
        "gram": [
          "Q12",
          "Q14"
        ]
      },
      {
        "form": "segredos",
        "gram": [
          "Q13",
          "Q14"
        ]
      }
    ],
    "pos": "Q6",
    "hyphen": "se|gre|do",
    "gender": "Q14",
    "senses": [
      "# [[segredo"
    ]
  }
}