{
  "URI": "https://lhenguabase.wikibase.cloud/entity/L1157",
  "entry": {
    "wikitext": "={{-mwl-}}=\u00b6==Substantivo==\u00b6{{flex.mwl|fs=segunda|fp=segundas}}\u00b6{{parox\u00edtona|se|gun|da|l\u00edngua=mwl}}, {{gram\u00e1tica|f}}\u00b6# {{escopo|mwl|Dia da semana}} [[segunda-feira]]\u00b6\u00b6==Numeral ordinal==\u00b6'''segunda'''\u00b6# feminino de [[segundo#Mirand\u00eas|segundo]]\u00b6\u00b6==Ver tamb\u00e9m==\u00b6===No Wikcion\u00e1rio===\u00b6{{semana/mwl}}\u00b6\u00b6[[Categoria:Substantivo (Mirand\u00eas)]]\u00b6[[Categoria:Tempo (Mirand\u00eas)]]\u00b6[[Categoria:Numeral (Mirand\u00eas)]]\u00b6[[Categoria:Numeral ordinal (Mirand\u00eas)]]",
    "lemma": "segunda",
    "reference": "https://pt.wiktionary.org/wiki/segunda#mwl",
    "forms": [
      {
        "form": "segunda",
        "gram": [
          "Q12",
          "Q15"
        ]
      },
      {
        "form": "segundas",
        "gram": [
          "Q13",
          "Q15"
        ]
      }
    ],
    "pos": "Q6",
    "hyphen": "se|gun|da",
    "senses": [
      "# {{escopo|mwl|Dia da semana}} [[segunda-feira]]"
    ]
  }
}