{
  "URI": "https://lhenguabase.wikibase.cloud/entity/L487",
  "entry": {
    "wikitext": "={{-mwl-}}=\u00b6==Adjetivo==\u00b6{{flex.mwl|s=seguinte|p=seguintes}}\u00b6{{parox\u00edtona|se|guin|te|l\u00edngua=mwl}}, {{c2g}}\u00b6# [[seguinte#Portugu\u00eas|seguinte]]\u00b6\u00b6==Substantivo==\u00b6{{flex.mwl|s=seguinte|p=seguintes}}\u00b6{{parox\u00edtona|se|guin|te|l\u00edngua=mwl}}, {{c2g}}\u00b6# [[seguinte#Portugu\u00eas|seguinte]]\u00b6\u00b6[[Categoria:Substantivo (Mirand\u00eas)]]\u00b6[[Categoria:Adjetivo (Mirand\u00eas)]]",
    "lemma": "seguinte",
    "reference": "https://pt.wiktionary.org/wiki/seguinte#mwl",
    "forms": [
      {
        "form": "seguinte",
        "gram": [
          "Q12"
        ]
      },
      {
        "form": "seguintes",
        "gram": [
          "Q13"
        ]
      }
    ],
    "pos": "Q8",
    "hyphen": "se|guin|te",
    "senses": [
      "# [[seguinte"
    ]
  }
}