{
  "URI": "https://lhenguabase.wikibase.cloud/entity/L406",
  "entry": {
    "wikitext": "={{-mwl-}}=\u00b6==Substantivo==\u00b6'''Sendin''', {{gram\u00e1tica|pr}}\u00b6# {{escopo|mwl|Geografia}} [[Sendim]]\u00b6\u00b6[[Categoria:Substantivo (Mirand\u00eas)]]\u00b6[[Categoria:Top\u00f3nimo (Mirand\u00eas)]]",
    "lemma": "Sendin",
    "reference": "https://pt.wiktionary.org/wiki/Sendin#mwl",
    "forms": [],
    "pos": "Q6",
    "senses": [
      "# {{escopo|mwl|Geografia}} [[Sendim]]"
    ]
  }
}