{
  "URI": "https://lhenguabase.wikibase.cloud/entity/L740",
  "entry": {
    "wikitext": "={{-mwl-}}=\u00b6==Substantivo==\u00b6{{flex.gl|fs=senhardade|fp=senhardades}}\u00b6{{parox\u00edtona|se|nhar|da|de|id=mwl}}, {{g|f}}\u00b6# [[tristeza]], [[pena]]\u00b6\u00b6=={{etimologia|mwl}}==\u00b6{{etimo2|la|singularitate|mwl}} Confronte-se com o [[asturiano]] ''[[se\u00f1ard\u00e1#Asturiano|se\u00f1ard\u00e1]]''.\u00b6\u00b6[[Categoria:Substantivo (Mirand\u00eas)]]\u00b6[[Categoria:Arca\u00edsmo (Mirand\u00eas)]]",
    "lemma": "senhardade",
    "reference": "https://pt.wiktionary.org/wiki/senhardade#mwl",
    "forms": [],
    "pos": "Q6",
    "hyphen": "se|nhar|da|de",
    "senses": [
      "# [[tristeza]], [[pena]]"
    ]
  }
}