{
  "URI": "https://lhenguabase.wikibase.cloud/entity/L1465",
  "entry": {
    "wikitext": "={{-mwl-}}=\u00b6==Substantivo==\u00b6{{flex.pt|fs=senreira|fp=senreiras}}\u00b6{{parox\u00edtona|sen|rei|ra|id=mwl}}, {{g|f|id=gl}}\u00b6# [[ira]]\u00b6\u00b6=={{etimologia|mwl}}==\u00b6: Cognato de [[xenreira]].\u00b6\u00b6==Ver tamb\u00e9m==\u00b6===No Wikcion\u00e1rio===\u00b6* [[sarna]]\u00b6\u00b6[[Categoria:Substantivo (Mirand\u00eas)]]",
    "lemma": "senreira",
    "reference": "https://pt.wiktionary.org/wiki/senreira#mwl",
    "forms": [],
    "pos": "Q6",
    "hyphen": "sen|rei|ra",
    "senses": [
      "# [[ira]]"
    ]
  }
}