{
  "URI": "https://lhenguabase.wikibase.cloud/entity/L228",
  "entry": {
    "wikitext": "={{-mwl-}}=\u00b6==Substantivo==\u00b6{{flex.mwl|ms=sentimiento|mp=sentimientos}}\u00b6{{parox\u00edtona|sen|ti|mien|to|l\u00edngua=mwl}}, {{m}}\u00b6# [[sentimento]]\u00b6\u00b6[[Categoria:Substantivo (Mirand\u00eas)]]",
    "lemma": "sentimiento",
    "reference": "https://pt.wiktionary.org/wiki/sentimiento#mwl",
    "forms": [
      {
        "form": "sentimiento",
        "gram": [
          "Q12",
          "Q14"
        ]
      },
      {
        "form": "sentimientos",
        "gram": [
          "Q13",
          "Q14"
        ]
      }
    ],
    "pos": "Q6",
    "hyphen": "sen|ti|mien|to",
    "gender": "Q14",
    "senses": [
      "# [[sentimento]]"
    ]
  }
}