{
  "URI": "https://lhenguabase.wikibase.cloud/entity/L893",
  "entry": {
    "wikitext": "={{-mwl-}}=\u00b6==Substantivo==\u00b6{{flex.mwl|fs=sesta-feira|fp=sestas-feiras}}\u00b6'''sesta-feira''', {{gram\u00e1tica|f|id=mwl}}\u00b6# {{escopo|mwl|Dia da semana}} [[sexta-feira]], [[sexto]] [[dia]] da [[semana]]\u00b6\u00b6===Sin\u00f3nimo===\u00b6* [[sesta#{{mwl}}|sesta]]\u00b6\u00b6==Ver tamb\u00e9m==\u00b6===No Wikcion\u00e1rio===\u00b6====Ap\u00eandices====\u00b6* [[Ap\u00eandice:Dias da semana|dias da semana]]\u00b6\u00b6{{semana/mwl}}\u00b6\u00b6[[Categoria:Substantivo (Mirand\u00eas)]]",
    "lemma": "sesta-feira",
    "reference": "https://pt.wiktionary.org/wiki/sesta-feira#mwl",
    "forms": [
      {
        "form": "sesta-feira",
        "gram": [
          "Q12",
          "Q15"
        ]
      },
      {
        "form": "sestas-feiras",
        "gram": [
          "Q13",
          "Q15"
        ]
      }
    ],
    "pos": "Q6",
    "senses": [
      "# {{escopo|mwl|Dia da semana}} [[sexta-feira]], [[sexto]] [[dia]] da [[semana]]"
    ]
  }
}