{
  "URI": "https://lhenguabase.wikibase.cloud/entity/L1560",
  "entry": {
    "wikitext": "={{-mwl-}}=\u00b6==Substantivo==\u00b6'''Setembre'''\u00b6# [[setembro]]; [[nono]] [[m\u00eas]] do [[ano]] civil, tendo 30 [[dia]]s.\u00b6\u00b6== Ver tamb\u00e9m ==\u00b6=== No Wikcion\u00e1rio ===\u00b6{{meses/mwl}}\u00b6\u00b6[[Categoria:Substantivo (Mirand\u00eas)]]\u00b6[[Categoria:M\u00eas (Mirand\u00eas)]]",
    "lemma": "Setembre",
    "reference": "https://pt.wiktionary.org/wiki/Setembre#mwl",
    "forms": [],
    "pos": "Q6",
    "senses": [
      "# [[setembro]]; [[nono]] [[m\u00eas]] do [[ano]] civil, tendo 30 [[dia]]s."
    ]
  }
}