{
  "URI": "https://lhenguabase.wikibase.cloud/entity/L1528",
  "entry": {
    "wikitext": "={{-mwl-}}=\u00b6==Substantivo==\u00b6'''Sib\u00e9ria'''\u00b6# [[Sib\u00e9ria#Portugu\u00eas|Sib\u00e9ria]]\u00b6\u00b6==Ver tamb\u00e9m==\u00b6===Na Wikip\u00e9dia===\u00b6* [[w:mwl:Sib\u00e9ria|Sib\u00e9ria]]\u00b6\u00b6[[Categoria:Substantivo (Mirand\u00eas)]]\u00b6[[Categoria:Top\u00f3nimo (Mirand\u00eas)]]",
    "lemma": "Sib\u00e9ria",
    "reference": "https://pt.wiktionary.org/wiki/Sib\u00e9ria#mwl",
    "forms": [],
    "pos": "Q6",
    "senses": [
      "# [[Sib\u00e9ria"
    ]
  }
}