{
  "URI": "https://lhenguabase.wikibase.cloud/entity/L1148",
  "entry": {
    "wikitext": "={{-mwl-}}=\u00b6==Substantivo==\u00b6{{flex.mwl|fs=sierra|fp=sierras}}\u00b6{{parox\u00edtona|sier|ra|l\u00edngua=mwl}}, {{f}}\u00b6# {{escopo|mwl|Geografia}} [[serra]]\u00b6\u00b6[[Categoria:Substantivo (Mirand\u00eas)]]\u00b6[[Categoria:Entrada com imagem (Mirand\u00eas)]]",
    "lemma": "sierra",
    "reference": "https://pt.wiktionary.org/wiki/sierra#mwl",
    "forms": [
      {
        "form": "sierra",
        "gram": [
          "Q12",
          "Q15"
        ]
      },
      {
        "form": "sierras",
        "gram": [
          "Q13",
          "Q15"
        ]
      }
    ],
    "pos": "Q6",
    "hyphen": "sier|ra",
    "gender": "Q15",
    "senses": [
      "# {{escopo|mwl|Geografia}} [[serra]]"
    ]
  }
}