{
  "URI": "https://lhenguabase.wikibase.cloud/entity/L464",
  "entry": {
    "wikitext": "={{-mwl-}}=\u00b6==Substantivo==\u00b6{{flex.mwl|ms=sil\u00e9ncio|mp=sil\u00e9ncios}}\u00b6{{proparox\u00edtona|si|l\u00e9n|ci|o|l\u00edngua=mwl}}, {{m}}\u00b6# [[sil\u00eancio]]\u00b6\u00b6===Formas alternativas===\u00b6* {{link idioma|silen\u00e7o|mwl}}\u00b6\u00b6[[Categoria:Substantivo (Mirand\u00eas)]]",
    "lemma": "sil\u00e9ncio",
    "reference": "https://pt.wiktionary.org/wiki/sil\u00e9ncio#mwl",
    "forms": [
      {
        "form": "sil\u00e9ncio",
        "gram": [
          "Q12",
          "Q14"
        ]
      },
      {
        "form": "sil\u00e9ncios",
        "gram": [
          "Q13",
          "Q14"
        ]
      }
    ],
    "pos": "Q6",
    "hyphen": "si|l\u00e9n|ci|o",
    "gender": "Q14",
    "senses": [
      "# [[sil\u00eancio]]"
    ]
  }
}