{
  "URI": "https://lhenguabase.wikibase.cloud/entity/L891",
  "entry": {
    "wikitext": "={{-mwl-}}=\u00b6==Adjetivo==\u00b6{{flex.mwl|spanhol|spanholes|spanhola|spanholas}}\u00b6{{ox\u00edtona|spa|nhol|l\u00edngua=mwl}}, {{m}}\u00b6# [[espanhol]], [[relativo]] [[a#Preposi\u00e7\u00e3o|a]] [[Espanha]]\u00b6# {{escopo|mwl|lingu\u00edstica}} espanhol, relacionado com o [[idioma]] {{l.s.|espanhol}}\u00b6\u00b6==Substantivo==\u00b6{{flex.mwl|spanhol|spanholes|spanhola|spanholas}}\u00b6{{ox\u00edtona|spa|nhol|l\u00edngua=mwl}}, {{m}}\u00b6# {{l.s.|espanhol}}, [[indiv\u00edduo]] [[natural]] ou [[habitante]] de Espanha\u00b6{{limpar}}\u00b6\u00b6{{flex.mwl|spanhol}}\u00b6{{ox\u00edtona|spa|nhol|l\u00edngua=mwl}}, {{s/p}}\u00b6# {{cont|2}} {{escopo|mwl|lingu\u00edstica}} {{l.s.|espanhol}}, [[l\u00edngua]] espanhola\u00b6\u00b6===Sin\u00f3nimos===\u00b6* De '''2''': [[lh\u00e9ngua]] spanhola\u00b6\u00b6==Ver tamb\u00e9m==\u00b6===No Wikcion\u00e1rio===\u00b6{{verTamb\u00e9m.Ini}}\u00b6* [[Spanha]]\u00b6{{verTamb\u00e9m.Fim}}\u00b6\u00b6[[Categoria:Adjetivo (Mirand\u00eas)]]\u00b6[[Categoria:Substantivo (Mirand\u00eas)]]\u00b6[[Categoria:Gent\u00edlico (Mirand\u00eas)]]\u00b6[[Categoria:L\u00edngua (Mirand\u00eas)]]",
    "lemma": "spanhol",
    "reference": "https://pt.wiktionary.org/wiki/spanhol#mwl",
    "forms": [],
    "pos": "Q6",
    "hyphen": "spa|nhol",
    "gender": "Q14",
    "senses": [
      "# [[espanhol]], [[relativo]] [[a"
    ]
  }
}