{
  "URI": "https://lhenguabase.wikibase.cloud/entity/L1318",
  "entry": {
    "wikitext": "={{-mwl-}}=\u00b6==Adjetivo==\u00b6{{flex.mwl|s=special|p=speciales}}\u00b6{{ox\u00edtona|spe|ci|al|l\u00edngua=mwl}}, {{c2g}}\u00b6# [[especial]]\u00b6\u00b6[[Categoria:Adjetivo (Mirand\u00eas)]]",
    "lemma": "special",
    "reference": "https://pt.wiktionary.org/wiki/special#mwl",
    "forms": [
      {
        "form": "special",
        "gram": [
          "Q12"
        ]
      },
      {
        "form": "speciales",
        "gram": [
          "Q13"
        ]
      }
    ],
    "pos": "Q8",
    "hyphen": "spe|ci|al",
    "senses": [
      "# [[especial]]"
    ]
  }
}