{
  "URI": "https://lhenguabase.wikibase.cloud/entity/L1526",
  "entry": {
    "wikitext": "={{-mwl-}}=\u00b6==Adjetivo==\u00b6{{flex.mwl|ms=spesso|mp=spessos|fs=spessa|fp=spessas}}\u00b6{{parox\u00edtona|spes|so|l\u00edngua=mwl}}, {{m}}\u00b6# [[espesso]]\u00b6# [[frequente]]\u00b6\u00b6[[Categoria:Adjetivo (Mirand\u00eas)]]",
    "lemma": "spesso",
    "reference": "https://pt.wiktionary.org/wiki/spesso#mwl",
    "forms": [
      {
        "form": "spesso",
        "gram": [
          "Q12",
          "Q14"
        ]
      },
      {
        "form": "spessos",
        "gram": [
          "Q13",
          "Q14"
        ]
      },
      {
        "form": "spessa",
        "gram": [
          "Q12",
          "Q15"
        ]
      },
      {
        "form": "spessas",
        "gram": [
          "Q13",
          "Q15"
        ]
      }
    ],
    "pos": "Q8",
    "hyphen": "spes|so",
    "gender": "Q14",
    "senses": [
      "# [[espesso]]"
    ]
  }
}