{
  "URI": "https://lhenguabase.wikibase.cloud/entity/L1153",
  "entry": {
    "wikitext": "={{-mwl-}}=\u00b6==Substantivo==\u00b6{{flex.mwl|fs=sprien\u00e7a|fp=sprien\u00e7as}}\u00b6{{parox\u00edtona|spri|en|\u00e7a|l\u00edngua=mwl}}, {{f}}\u00b6# [[experi\u00eancia]]\u00b6\u00b6==Sin\u00f3nimos==\u00b6* [[spri\u00e9ncia]]\u00b6* [[spormenta\u00e7on]]\u00b6\u00b6[[Categoria:Substantivo (Mirand\u00eas)]]",
    "lemma": "sprien\u00e7a",
    "reference": "https://pt.wiktionary.org/wiki/sprien\u00e7a#mwl",
    "forms": [
      {
        "form": "sprien\u00e7a",
        "gram": [
          "Q12",
          "Q15"
        ]
      },
      {
        "form": "sprien\u00e7as",
        "gram": [
          "Q13",
          "Q15"
        ]
      }
    ],
    "pos": "Q6",
    "hyphen": "spri|en|\u00e7a",
    "gender": "Q15",
    "senses": [
      "# [[experi\u00eancia]]"
    ]
  }
}