{
  "URI": "https://lhenguabase.wikibase.cloud/entity/L939",
  "entry": {
    "wikitext": "={{-mwl-}}=\u00b6==Substantivo==\u00b6{{flex.mwl|ms=sprito|mp=spritos}}\u00b6{{parox\u00edtona|spri|to|l\u00edngua=mwl}}, {{m}}\u00b6# [[esp\u00edrito]]\u00b6\u00b6[[Categoria:Substantivo (Mirand\u00eas)]]",
    "lemma": "sprito",
    "reference": "https://pt.wiktionary.org/wiki/sprito#mwl",
    "forms": [
      {
        "form": "sprito",
        "gram": [
          "Q12",
          "Q14"
        ]
      },
      {
        "form": "spritos",
        "gram": [
          "Q13",
          "Q14"
        ]
      }
    ],
    "pos": "Q6",
    "hyphen": "spri|to",
    "gender": "Q14",
    "senses": [
      "# [[esp\u00edrito]]"
    ]
  }
}