{
  "URI": "https://lhenguabase.wikibase.cloud/entity/L1024",
  "entry": {
    "wikitext": "={{-mwl-}}=\u00b6==Adjetivo==\u00b6{{flex.mwl|ms=squecido|mp=squecidos|fs=squecida|fp=squecidas}}\u00b6{{parox\u00edtona|sque|ci|do|l\u00edngua=mwl}}, {{m}}\u00b6# [[esquecido]]\u00b6\u00b6[[Categoria:Adjetivo (Mirand\u00eas)]]",
    "lemma": "squecido",
    "reference": "https://pt.wiktionary.org/wiki/squecido#mwl",
    "forms": [
      {
        "form": "squecido",
        "gram": [
          "Q12",
          "Q14"
        ]
      },
      {
        "form": "squecidos",
        "gram": [
          "Q13",
          "Q14"
        ]
      },
      {
        "form": "squecida",
        "gram": [
          "Q12",
          "Q15"
        ]
      },
      {
        "form": "squecidas",
        "gram": [
          "Q13",
          "Q15"
        ]
      }
    ],
    "pos": "Q8",
    "hyphen": "sque|ci|do",
    "gender": "Q14",
    "senses": [
      "# [[esquecido]]"
    ]
  }
}