{
  "URI": "https://lhenguabase.wikibase.cloud/entity/L596",
  "entry": {
    "wikitext": "={{-mwl-}}=\u00b6==Substantivo==\u00b6{{flex.mwl|fs=streilha|fp=streilhas}}\u00b6{{parox\u00edtona|strei|lha|l\u00edngua=mwl}}\u00b6# [[estrela]]\u00b6\u00b6[[Categoria:Substantivo (Mirand\u00eas)]]\u00b6[[Categoria:Astronomia (Mirand\u00eas)]]\u00b6[[Categoria:Cinema (Mirand\u00eas)]]",
    "lemma": "streilha",
    "reference": "https://pt.wiktionary.org/wiki/streilha#mwl",
    "forms": [
      {
        "form": "streilha",
        "gram": [
          "Q12",
          "Q15"
        ]
      },
      {
        "form": "streilhas",
        "gram": [
          "Q13",
          "Q15"
        ]
      }
    ],
    "pos": "Q6",
    "hyphen": "strei|lha",
    "senses": [
      "# [[estrela]]"
    ]
  }
}