{
  "URI": "https://lhenguabase.wikibase.cloud/entity/L439",
  "entry": {
    "wikitext": "={{-mwl-}}=\u00b6==Substantivo==\u00b6{{flex.mwl|ms=st\u00fadio|mp=st\u00fadios}}\u00b6{{proparox\u00edtona|st\u00fa|di|o|l\u00edngua=mwl}}, {{m}}\u00b6# [[estudo]]\u00b6\u00b6===Formas alternativas===\u00b6* {{link idioma|studo|mwl}}\u00b6\u00b6[[Categoria:Substantivo (Mirand\u00eas)]]",
    "lemma": "st\u00fadio",
    "reference": "https://pt.wiktionary.org/wiki/st\u00fadio#mwl",
    "forms": [
      {
        "form": "st\u00fadio",
        "gram": [
          "Q12",
          "Q14"
        ]
      },
      {
        "form": "st\u00fadios",
        "gram": [
          "Q13",
          "Q14"
        ]
      }
    ],
    "pos": "Q6",
    "hyphen": "st\u00fa|di|o",
    "gender": "Q14",
    "senses": [
      "# [[estudo]]"
    ]
  }
}