{
  "URI": "https://lhenguabase.wikibase.cloud/entity/L315",
  "entry": {
    "wikitext": "={{-mwl-}}=\u00b6==Adv\u00e9rbio==\u00b6{{parox\u00edtona|su|bre|to|do|l\u00edngua=mwl}}\u00b6# [[sobretudo]]\u00b6\u00b6==Substantivo==\u00b6{{parox\u00edtona|su|bre|to|do|l\u00edngua=mwl}}\u00b6# [[sobretudo]]\u00b6\u00b6[[Categoria:Adv\u00e9rbio (Mirand\u00eas)]]\u00b6[[Categoria:Substantivo (Mirand\u00eas)]]",
    "lemma": "subretodo",
    "reference": "https://pt.wiktionary.org/wiki/subretodo#mwl",
    "forms": [],
    "pos": "Q6",
    "hyphen": "su|bre|to|do",
    "senses": [
      "# [[sobretudo]]"
    ]
  }
}