{
  "URI": "https://lhenguabase.wikibase.cloud/entity/L74",
  "entry": {
    "wikitext": "={{-mwl-}}=\u00b6==Substantivo==\u00b6{{flex.mwl|fs=sumana|fp=sumanas}}\u00b6{{parox\u00edtona|su|ma|na|l\u00edngua=mwl}}, {{f}}\u00b6# [[semana]], periodo de sete [[dia]]s\u00b6\u00b6==Ver tamb\u00e9m==\u00b6{{semana/mwl}}\u00b6\u00b6[[Categoria:Substantivo (Mirand\u00eas)]]\u00b6[[Categoria:Tempo (Mirand\u00eas)]]",
    "lemma": "sumana",
    "reference": "https://pt.wiktionary.org/wiki/sumana#mwl",
    "forms": [
      {
        "form": "sumana",
        "gram": [
          "Q12",
          "Q15"
        ]
      },
      {
        "form": "sumanas",
        "gram": [
          "Q13",
          "Q15"
        ]
      }
    ],
    "pos": "Q6",
    "hyphen": "su|ma|na",
    "gender": "Q15",
    "senses": [
      "# [[semana]], periodo de sete [[dia]]s\u00b6\u00b6"
    ]
  }
}