{
  "URI": "https://lhenguabase.wikibase.cloud/entity/L546",
  "entry": {
    "wikitext": "={{-mwl-}}=\u00b6==Substantivo==\u00b6{{flex.mwl|ms=suogro|mp=suogros}}\u00b6{{parox\u00edtona|suo|gro|l\u00edngua=mwl}}, {{m}}\u00b6# [[sogro#Portugu\u00eas|sogro]]\u00b6\u00b6{{Predefini\u00e7\u00e3o:fam\u00edlia/mwl}}\u00b6\u00b6[[Categoria:Substantivo (Mirand\u00eas)]]\u00b6[[Categoria:Fam\u00edlia (Mirand\u00eas)]]",
    "lemma": "suogro",
    "reference": "https://pt.wiktionary.org/wiki/suogro#mwl",
    "forms": [
      {
        "form": "suogro",
        "gram": [
          "Q12",
          "Q14"
        ]
      },
      {
        "form": "suogros",
        "gram": [
          "Q13",
          "Q14"
        ]
      }
    ],
    "pos": "Q6",
    "hyphen": "suo|gro",
    "gender": "Q14",
    "senses": [
      "# [[sogro"
    ]
  }
}