{
  "URI": "https://lhenguabase.wikibase.cloud/entity/L5",
  "entry": {
    "wikitext": "={{-mwl-}}=\u00b6==Substantivo==\u00b6{{flex.mwl|ms=s\u00e1bado|mp=s\u00e1bados}}\u00b6{{proparox\u00edtona|s\u00e1|ba|do|id=mwl}}, {{gram\u00e1tica|m|id=mwl}}\u00b6# {{escopo|mwl|Dia da semana}} [[s\u00e1bado#{{pt}}|s\u00e1bado]], [[sexto]] [[dia]] da [[semana]] pela [[norma]] [[w:ISO 8601|ISO 8601]], [[posterior]] \u00e0 [[sexta-feira]] e [[anterior]] ao [[domingo]]\u00b6\u00b6===Express\u00f5es===\u00b6* '''[[S\u00e1bado d'Alaluia#{{mwl}}|S\u00e1bado d'Alaluia]]''': {{escopo2|Catolicismo, cristianismo, religi\u00e3o}} S\u00e1bado de Aleluia, S\u00e1bado Santo\u00b6\u00b6=={{etimologia|mwl}}==\u00b6{{etimo2|hbo|\u05e9\u05d1\u05ea|mwl|shabbat|ponto=n\u00e3o}}, pelo {{etm|grc|mwl}} {{etimo|grc|\u03c3\u03ac\u03b2\u03b2\u03b1\u03c4\u03bf\u03bd}} ''s\u00e1bbaton'' , pelo {{etm|la|mwl}} {{etimo|la|sabbatum}}.\u00b6\u00b6==Ver tamb\u00e9m==\u00b6===No Wikcion\u00e1rio===\u00b6{{dividir em colunas|2}}\u00b6* [[die#{{mwl}}|die]]\u00b6* [[sumana#{{mwl}}|sumana]]\u00b6{{dividir em colunas/fim}}\u00b6\u00b6====Ap\u00eandices====\u00b6* [[Ap\u00eandice:Unidades de tempo|unidades de tempo]]\u00b6\u00b6{{semana/mwl}}\u00b6\u00b6==Refer\u00eancias==\u00b6* [http://www.mirandadodouro.com/dicionario/traducao-mirandes-portugues/s\u00e1bado/ ''s\u00e1bado'' no Dicion\u00e1rio de Mirand\u00eas (Portal de Miranda do Douro)]\u00b6\u00b6[[Categoria:Substantivo (Mirand\u00eas)]]\u00b6[[Categoria:Cognato (Mirand\u00eas)]]",
    "lemma": "s\u00e1bado",
    "reference": "https://pt.wiktionary.org/wiki/s\u00e1bado#mwl",
    "forms": [
      {
        "form": "s\u00e1bado",
        "gram": [
          "Q12",
          "Q14"
        ]
      },
      {
        "form": "s\u00e1bados",
        "gram": [
          "Q13",
          "Q14"
        ]
      }
    ],
    "pos": "Q6",
    "hyphen": "s\u00e1|ba|do",
    "senses": [
      "# {{escopo|mwl|Dia da semana}} [[s\u00e1bado"
    ]
  }
}