{
  "URI": "https://lhenguabase.wikibase.cloud/entity/L1377",
  "entry": {
    "wikitext": "={{-mwl-}}=\u00b6==Substantivo==\u00b6{{flex.mwl|fs=tecnologie|fp=tecnologies}}\u00b6{{parox\u00edtona|tec|nb|lo|gi|e|l\u00edngua=mwl}}, {{f}}\u00b6# [[tecnologia]]\u00b6\u00b6==Tradu\u00e7\u00e3o==\u00b6{{tradini}}\u00b6* {{trad|af|tegnologie}}\u00b6* {{trad|sq|teknologjia}}\u00b6* {{trad|de|Technologie}}\u00b6* {{trad|am|\u1274\u12ad\u1296\u12ce\u120e\u1302}}\u00b6* {{trad|ar|\u062a\u0642\u0646\u064a\u0629}}\u00b6* {{trad|an|tecnoloch\u00eda}}\u00b6* {{trad|hy|\u057f\u0565\u056d\u0576\u0578\u056c\u0578\u0563\u056b\u0561}}\u00b6* {{trad|ast|teunolox\u00eda}}\u00b6* {{trad|az|texnologiya}}\u00b6* {{trad|ba|\u0442\u0435\u0445\u043d\u043e\u043b\u043e\u0433\u0438\u044f}}\u00b6* {{trad|map-bms|teknologi}}\u00b6* {{trad|eu|teknologia}}\u00b6* {{trad|bn|\u09aa\u09cd\u09b0\u09af\u09c1\u0995\u09cd\u09a4\u09bf}}\u00b6* {{trad|be|\u0442\u044d\u0445\u043d\u0430\u043b\u043e\u0433\u0456\u044f}}\u00b6* {{trad|bs|tehnologija}}\u00b6* {{trad|br|teknologiezh}}\u00b6* {{trad|bg|\u0442\u0435\u0445\u043d\u043e\u043b\u043e\u0433\u0438\u044f}}\u00b6* {{trad|km|\u1794\u1785\u17d2\u1785\u17c1\u1780\u179c\u17b7\u1787\u17d2\u1787\u17b6}}\u00b6* {{trad|kn|\u0ca4\u0c82\u0ca4\u0ccd\u0cb0\u0c9c\u0ccd\u0c9e\u0cbe\u0ca8}}\u00b6* {{trad|krc|\u0442\u0435\u0445\u043d\u043e\u043b\u043e\u0433\u0438\u044f}}\u00b6* {{trad|ca|tecnologia}}\u00b6* {{trad|kk|\u0442\u0435\u0445\u043d\u043e\u043b\u043e\u0433\u0438\u044f}}\u00b6* {{trad|ceb|teknolohiya}}\u00b6* {{trad|cs|technologie}}\u00b6* {{trad|zh|\u6280\u672f}}\u00b6* {{trad|si|\u0dad\u0dcf\u0d9a\u0dca\u200d\u0dc2\u0dab\u0dba}}\u00b6* {{trad|ko|\uae30\uc220}}\u00b6* {{trad|hr|tehnologija}}\u00b6* {{trad|da|teknologi}}\u00b6* {{trad|sk|technol\u00f3gia}}\u00b6* {{trad|sl|tehnologija}}\u00b6* {{trad|es|tecnolog\u00eda}}\u00b6* {{trad|eo|teknologio}}\u00b6* {{trad|et|tehnoloogia}}\u00b6* {{trad|fi|teknologia}}\u00b6* {{trad|vls|technologie}}\u00b6* {{trad|fr|technologie}}\u00b6* {{trad|fur|tecnologjie}}\u00b6* {{trad|gd|teicne\u00f2las}}\u00b6* {{trad|gl|tecnolox\u00eda}}\u00b6* {{trad|cy|technoleg}}\u00b6* {{trad|gan|\u6280\u8853}}\u00b6* {{trad|ka|\u10e2\u10d4\u10e5\u10dc\u10dd\u10da\u10dd\u10d2\u10d8\u10d0}}\u00b6* {{trad|el|\u03c4\u03b5\u03c7\u03bd\u03bf\u03bb\u03bf\u03b3\u03af\u03b1}}\u00b6* {{trad|ht|teknoloji}}\u00b6* {{trad|he|\u05d8\u05db\u05e0\u05d5\u05dc\u05d5\u05d2\u05d9\u05d4}}\u00b6* {{trad|hi|\u0924\u0915\u0928\u0940\u0915\u0940}}\u00b6* {{trad|nl|technologie}}\u00b6* {{trad|hu|technol\u00f3gia}}\u00b6* {{trad|sah|\u0442\u0435\u0445\u043d\u043e\u043b\u043e\u0433\u0438\u044f}}\u00b6* {{trad|ig|nz\u00f9}}\u00b6* {{trad|io|teknologio}}\u00b6{{tradmeio}}\u00b6* {{trad|yi|\u05d8\u05e2\u05db\u05e0\u05d0\u05dc\u05d0\u05d2\u05d9\u05e2}}\u00b6* {{trad|id|teknologi}}\u00b6* {{trad|en|technology}}\u00b6* {{trad|ia|technologia}}\u00b6* {{trad|yo|t\u1eb9kn\u1ecd\u0301l\u1ecd\u0301j\u00ec}}\u00b6* {{trad|ga|teicneola\u00edocht}}\u00b6* {{trad|is|t\u00e6kni}}\u00b6* {{trad|it|tecnologia}}\u00b6* {{trad|ja|\u30c6\u30af\u30ce\u30ed\u30b8\u30fc}}\u00b6* {{trad|jv|t\u00e8knologi}}\u00b6* {{trad|lo|\u0ec0\u0e95\u0eb1\u0e81\u0ec2\u0e99\u0ec2\u0ea5\u0e8a\u0eb5}}\u00b6* {{trad|la|technologia}}\u00b6* {{trad|lv|tehnolo\u0123ija}}\u00b6* {{trad|lt|technologija}}\u00b6* {{trad|ml|\u0d38\u0d3e\u0d19\u0d4d\u0d15\u0d47\u0d24\u0d3f\u0d15\u0d35\u0d3f\u0d26\u0d4d\u0d2f}}\u00b6* {{trad|ms|teknologi}}\u00b6* {{trad|mhr|\u0442\u0435\u0445\u043d\u043e\u043b\u043e\u0433\u0438\u0439}}\u00b6* {{trad|nan|ki-su\u030dt}}\u00b6* {{trad|mwl|tecnologie}}\u00b6* {{trad|mn|\u0442\u0435\u0445\u043d\u043e\u043b\u043e\u0433\u0438}}\u00b6* {{trad|nah|\u0101mant\u0113cay\u014dtl}}\u00b6* {{trad|ne|\u092a\u094d\u0930\u094c\u0926\u094d\u092f\u094b\u0917\u093f\u0915\u0940}}\u00b6* {{trad|roa-nor|technologie}}\u00b6* {{trad|nb|teknologi}}\u00b6* {{trad|nn|teknologi}}\u00b6* {{trad|oc|tecnologia}}\u00b6* {{trad|pap|teknologia}}\u00b6* {{trad|ps|\u062a\u0643\u0646\u0627\u0644\u0648\u0698\u064a}}\u00b6* {{trad|fa|\u0641\u0646\u0627\u0648\u0631\u06cc}}\u00b6* {{trad|pl|technologia}}\u00b6* {{trad|pnb|\u0679\u06cc\u06a9\u0646\u0627\u0644\u0648\u062c\u06cc}}\u00b6* {{trad|pt|tecnologia}}\u00b6* {{trad|qu|allwiya kamay}}\u00b6* {{trad|ky|\u0442\u0435\u0445\u043d\u043e\u043b\u043e\u0433\u0438\u044f}}\u00b6* {{trad|ro|tehnologie}}\u00b6* {{trad|ru|\u0442\u0435\u0445\u043d\u043e\u043b\u043e\u0433\u0438\u044f}}\u00b6* {{trad|sgs|teknuoluog\u0117j\u0117}}\u00b6* {{trad|sr|\u0442\u0435\u0445\u043d\u043e\u043b\u043e\u0433\u0438\u0458\u0430}}\u00b6* {{trad|sw|teknolojia}}\u00b6* {{trad|sv|teknologi}}\u00b6* {{trad|su|t\u00e9hnologi}}\u00b6* {{trad|tg|\u0442\u0435\u0445\u043d\u043e\u043b\u043e\u04b7\u04e3}}\u00b6* {{trad|tl|teknolohiya}}\u00b6* {{trad|th|\u0e40\u0e17\u0e04\u0e42\u0e19\u0e42\u0e25\u0e22\u0e35}}\u00b6* {{trad|ta|\u0ba4\u0bca\u0bb4\u0bbf\u0bb2\u0bcd\u0ba8\u0bc1\u0b9f\u0bcd\u0baa\u0bae\u0bcd}}\u00b6* {{trad|tet|teknolojia}}\u00b6* {{trad|tr|teknoloji}}\u00b6* {{trad|uk|\u0442\u0435\u0445\u043d\u043e\u043b\u043e\u0433\u0456\u044f}}\u00b6* {{trad|ur|\u0637\u0631\u0632\u06cc\u0627\u062a}}\u00b6* {{trad|vec|tegno\u0142ogia}}\u00b6* {{trad|vi|c\u00f4ng ngh\u1ec7}}\u00b6* {{trad|vro|teknoloogia}}\u00b6* {{trad|war|teknolohiya}}\u00b6{{tradfim}}\u00b6\u00b6[[Categoria:Substantivo (Mirand\u00eas)]]\u00b6[[Categoria:Tecnologia (Mirand\u00eas)]]",
    "lemma": "tecnologie",
    "reference": "https://pt.wiktionary.org/wiki/tecnologie#mwl",
    "forms": [
      {
        "form": "tecnologie",
        "gram": [
          "Q12",
          "Q15"
        ]
      },
      {
        "form": "tecnologies",
        "gram": [
          "Q13",
          "Q15"
        ]
      }
    ],
    "pos": "Q6",
    "hyphen": "tec|nb|lo|gi|e",
    "gender": "Q15",
    "senses": [
      "# [[tecnologia]]"
    ]
  }
}