{
  "URI": "https://lhenguabase.wikibase.cloud/entity/L1383",
  "entry": {
    "wikitext": "={{-mwl-}}=\u00b6==Substantivo==\u00b6{{flex.pt|ms=telmoble|mp=telmobles}}\u00b6{{parox\u00edtona|tel|mo|ble|l\u00edngua=mwl}}, {{m}}\u00b6# [[telem\u00f3vel]]\u00b6\u00b6===Forma alternativa===\u00b6* [[telemoble]]\u00b6\u00b6[[Categoria:Substantivo (Mirand\u00eas)]]\u00b6[[Categoria:Triss\u00edlabo (Mirand\u00eas)]]\u00b6[[Categoria:Comunica\u00e7\u00e3o (Mirand\u00eas)]]",
    "lemma": "telmoble",
    "reference": "https://pt.wiktionary.org/wiki/telmoble#mwl",
    "forms": [],
    "pos": "Q6",
    "hyphen": "tel|mo|ble",
    "gender": "Q14",
    "senses": [
      "# [[telem\u00f3vel]]"
    ]
  }
}