{
  "URI": "https://lhenguabase.wikibase.cloud/entity/L639",
  "entry": {
    "wikitext": "={{-mwl-}}=\u00b6==Substantivo==\u00b6{{parox\u00edtona|te|ne|res|l\u00edngua=mwl}}, {{mp}}\u00b6# [[haveres]], [[bens]]\u00b6\u00b6==Forma verbal==\u00b6{{parox\u00edtona|te|ne|res|l\u00edngua=mwl}}\u00b6# [[segunda pessoa]] do [[singular]] no [[infinitivo pessoal]] de [[tener#Mirand\u00eas|tener]]\u00b6\u00b6{{aviso.flex\u00e3o|tener}}\u00b6\u00b6[[Categoria:Substantivo (Mirand\u00eas)]]\u00b6[[Categoria:Forma verbal (Mirand\u00eas)]]",
    "lemma": "teneres",
    "reference": "https://pt.wiktionary.org/wiki/teneres#mwl",
    "forms": [],
    "pos": "Q6",
    "hyphen": "te|ne|res",
    "senses": [
      "# [[haveres]], [[bens]]"
    ]
  }
}