{
  "URI": "https://lhenguabase.wikibase.cloud/entity/L157",
  "entry": {
    "wikitext": "={{-mwl-}}=\u00b6==Substantivo==\u00b6{{flex.mwl|fs=termienta|fp=termientas}}\u00b6{{parox\u00edtona|ter|mien|ta|l\u00edngua=mwl}}, {{f}}\u00b6# [[tormenta]],  [[tempestade]]\u00b6\u00b6===Formas alternativas===\u00b6* {{link idioma|tormienta|mwl}}\u00b6* {{link idioma|tempestada|mwl}}\u00b6\u00b6[[Categoria:Substantivo (Mirand\u00eas)]]",
    "lemma": "termienta",
    "reference": "https://pt.wiktionary.org/wiki/termienta#mwl",
    "forms": [
      {
        "form": "termienta",
        "gram": [
          "Q12",
          "Q15"
        ]
      },
      {
        "form": "termientas",
        "gram": [
          "Q13",
          "Q15"
        ]
      }
    ],
    "pos": "Q6",
    "hyphen": "ter|mien|ta",
    "gender": "Q15",
    "senses": [
      "# [[tormenta]],  [[tempestade]]"
    ]
  }
}