{
  "URI": "https://lhenguabase.wikibase.cloud/entity/L44",
  "entry": {
    "wikitext": "={{-mwl-}}=\u00b6==Substantivo==\u00b6{{flex.mwl|ms=termiento|mp=termientos}}\u00b6{{parox\u00edtona|ter|mien|to|l\u00edngua=mwl}}, {{m}}\u00b6# [[tormento]]\u00b6\u00b6===Formas alternativas===\u00b6* {{link idioma|tormiento|mwl}}\u00b6\u00b6[[Categoria:Substantivo (Mirand\u00eas)]]",
    "lemma": "termiento",
    "reference": "https://pt.wiktionary.org/wiki/termiento#mwl",
    "forms": [
      {
        "form": "termiento",
        "gram": [
          "Q12",
          "Q14"
        ]
      },
      {
        "form": "termientos",
        "gram": [
          "Q13",
          "Q14"
        ]
      }
    ],
    "pos": "Q6",
    "hyphen": "ter|mien|to",
    "gender": "Q14",
    "senses": [
      "# [[tormento]]\u00b6\u00b6"
    ]
  }
}