{
  "URI": "https://lhenguabase.wikibase.cloud/entity/L107",
  "entry": {
    "wikitext": "={{-mwl-}}=\u00b6==Substantivo==\u00b6{{flex.mwl|fs=te\u00e7temunha|fp=te\u00e7temunhas}}\u00b6{{parox\u00edtona|te\u00e7|te|mu|nha|l\u00edngua=mwl}}, {{f}}\u00b6# [[testemunha]]\u00b6\u00b6==Ver tamb\u00e9m==\u00b6===No Wikcion\u00e1rio===\u00b6{{verTamb\u00e9m.Ini}}\u00b6* [[te\u00e7temunho]]\u00b6{{verTamb\u00e9m.NovaColuna}}\u00b6* [[te\u00e7temunhar]]\u00b6{{verTamb\u00e9m.Fim}}\u00b6\u00b6[[Categoria:Substantivo (Mirand\u00eas)]]",
    "lemma": "te\u00e7temunha",
    "reference": "https://pt.wiktionary.org/wiki/te\u00e7temunha#mwl",
    "forms": [
      {
        "form": "te\u00e7temunha",
        "gram": [
          "Q12",
          "Q15"
        ]
      },
      {
        "form": "te\u00e7temunhas",
        "gram": [
          "Q13",
          "Q15"
        ]
      }
    ],
    "pos": "Q6",
    "hyphen": "te\u00e7|te|mu|nha",
    "gender": "Q15",
    "senses": [
      "# [[testemunha]]"
    ]
  }
}