{
  "URI": "https://lhenguabase.wikibase.cloud/entity/L226",
  "entry": {
    "wikitext": "={{-mwl-}}=\u00b6==Substantivo==\u00b6{{flex.mwl|ms=tiempo|mp=tiempos}}\u00b6{{parox\u00edtona|tiem|po|l\u00edngua=mwl}}, {{m}}\u00b6# [[tempo]]\u00b6\u00b6[[Categoria:Substantivo (Mirand\u00eas)]]",
    "lemma": "tiempo",
    "reference": "https://pt.wiktionary.org/wiki/tiempo#mwl",
    "forms": [
      {
        "form": "tiempo",
        "gram": [
          "Q12",
          "Q14"
        ]
      },
      {
        "form": "tiempos",
        "gram": [
          "Q13",
          "Q14"
        ]
      }
    ],
    "pos": "Q6",
    "hyphen": "tiem|po",
    "gender": "Q14",
    "senses": [
      "# [[tempo]]"
    ]
  }
}