{
  "URI": "https://lhenguabase.wikibase.cloud/entity/L293",
  "entry": {
    "wikitext": "={{-mwl-}}=\u00b6==Substantivo==\u00b6{{flex.mwl|ms=tiu|mp=tius|fs=tie|fp=ties}}\u00b6'''tiu'''\u00b6# [[senhor]]\u00b6# [[marido]]\u00b6# [[homem]]\u00b6# [[tio]]\u00b6\u00b6==Sin\u00f3nimos==\u00b6* de '''2''' e '''3''': [[home]]\u00b6* de '''4''': [[tio#Mirand\u00eas|tio]]\u00b6\u00b6{{Predefini\u00e7\u00e3o:fam\u00edlia/mwl}}\u00b6\u00b6[[Categoria:Substantivo (Mirand\u00eas)]]\u00b6[[Categoria:Fam\u00edlia (Mirand\u00eas)]]",
    "lemma": "tiu",
    "reference": "https://pt.wiktionary.org/wiki/tiu#mwl",
    "forms": [
      {
        "form": "tiu",
        "gram": [
          "Q12",
          "Q14"
        ]
      },
      {
        "form": "tius",
        "gram": [
          "Q13",
          "Q14"
        ]
      },
      {
        "form": "tie",
        "gram": [
          "Q12",
          "Q15"
        ]
      },
      {
        "form": "ties",
        "gram": [
          "Q13",
          "Q15"
        ]
      }
    ],
    "pos": "Q6",
    "senses": [
      "# [[senhor]]"
    ]
  }
}