{
  "URI": "https://lhenguabase.wikibase.cloud/entity/L569",
  "entry": {
    "wikitext": "={{-mwl-}}=\u00b6==Substantivo==\u00b6{{flex.mwl|ms=ti\u00e7on|mp=ti\u00e7ones}}\u00b6{{ox\u00edtona|ti|\u00e7on|l\u00edngua=mwl}}, {{m}}\u00b6# [[ti\u00e7\u00e3o]], [[carv\u00e3o]] em [[brasa]]\u00b6\u00b6[[Categoria:Substantivo (Mirand\u00eas)]]",
    "lemma": "ti\u00e7on",
    "reference": "https://pt.wiktionary.org/wiki/ti\u00e7on#mwl",
    "forms": [
      {
        "form": "ti\u00e7on",
        "gram": [
          "Q12",
          "Q14"
        ]
      },
      {
        "form": "ti\u00e7ones",
        "gram": [
          "Q13",
          "Q14"
        ]
      }
    ],
    "pos": "Q6",
    "hyphen": "ti|\u00e7on",
    "gender": "Q14",
    "senses": [
      "# [[ti\u00e7\u00e3o]], [[carv\u00e3o]] em [[brasa]]"
    ]
  }
}