{
  "URI": "https://lhenguabase.wikibase.cloud/entity/L1279",
  "entry": {
    "wikitext": "={{-mwl-}}=\u00b6==Substantivo==\u00b6{{flex.mwl|ms=tomatal|mp=tomatales}}\u00b6{{ox\u00edtona|to|ma|tal|l\u00edngua=mwl}}, {{m}}\u00b6# [[campo]] de [[tomateiro]]s\u00b6\u00b6==Ver tamb\u00e9m==\u00b6===No Wikcion\u00e1rio===\u00b6{{verTamb\u00e9m.Ini}}\u00b6* [[tomateiro#Mirand\u00eas|tomateiro]]\u00b6{{verTamb\u00e9m.NovaColuna}}\u00b6* [[tomato#Mirand\u00eas|tomato]]\u00b6{{verTamb\u00e9m.Fim}}\u00b6\u00b6[[Categoria:Substantivo (Mirand\u00eas)]]\u00b6[[Categoria:Entrada com imagem (Mirand\u00eas)]]",
    "lemma": "tomatal",
    "reference": "https://pt.wiktionary.org/wiki/tomatal#mwl",
    "forms": [
      {
        "form": "tomatal",
        "gram": [
          "Q12",
          "Q14"
        ]
      },
      {
        "form": "tomatales",
        "gram": [
          "Q13",
          "Q14"
        ]
      }
    ],
    "pos": "Q6",
    "hyphen": "to|ma|tal",
    "gender": "Q14",
    "senses": [
      "# [[campo]] de [[tomateiro]]s"
    ]
  }
}