{
  "URI": "https://lhenguabase.wikibase.cloud/entity/L1030",
  "entry": {
    "wikitext": "={{-mwl-}}=\u00b6==Substantivo==\u00b6{{flex.mwl|ms=tomate|mp=tomates}}\u00b6{{parox\u00edtona|to|ma|te|l\u00edngua=mwl}}, {{gram\u00e1tica|m}}\u00b6# {{escopo|mwl|Fruta}} [[tomate#Portugu\u00eas|tomate]] (''[[wikispecies:Solanum lycopersicum|Solanum lycopersicum]]'')\u00b6# {{escopo|mwl|Anatomia}} [[test\u00edculo]]\u00b6\u00b6==={{-varort-}}===\u00b6* [[tomato#{{mwl}}|tomato]]\u00b6\u00b6==Ver tamb\u00e9m==\u00b6===No Wikcion\u00e1rio===\u00b6{{verTamb\u00e9m.Ini}}\u00b6* [[tomatal#Mirand\u00eas|tomatal]]\u00b6{{verTamb\u00e9m.NovaColuna}}\u00b6* [[tomateira#Mirand\u00eas|tomateira]]\u00b6{{verTamb\u00e9m.Fim}}\u00b6\u00b6[[Categoria:Substantivo (Mirand\u00eas)]]\u00b6[[Categoria:Bot\u00e2nica (Mirand\u00eas)]]\u00b6[[Categoria:Cognato (Mirand\u00eas)]]\u00b6[[Categoria:Entrada com imagem (Mirand\u00eas)]]",
    "lemma": "tomate",
    "reference": "https://pt.wiktionary.org/wiki/tomate#mwl",
    "forms": [
      {
        "form": "tomate",
        "gram": [
          "Q12",
          "Q14"
        ]
      },
      {
        "form": "tomates",
        "gram": [
          "Q13",
          "Q14"
        ]
      }
    ],
    "pos": "Q6",
    "hyphen": "to|ma|te",
    "senses": [
      "# {{escopo|mwl|Fruta}} [[tomate"
    ]
  }
}