{
  "URI": "https://lhenguabase.wikibase.cloud/entity/L760",
  "entry": {
    "wikitext": "={{-mwl-}}=\u00b6[[Imagem:Lavandula_stoechas_May_2014-1.jpg|thumb|150px|{{centro|tomielho}}]]\u00b6==Substantivo==\u00b6{{flex.mwl|ms=tomilho|mp=tomilhos}}\u00b6{{parox\u00edtona|to|mi|lho|l\u00edngua=mwl}}, {{m}}\u00b6# {{escopo|mwl|Planta}} [[rosmaninho]], [[species:Lavandula stoechas|Lavandula stoechas]]\u00b6\u00b6===Formas alternativas===\u00b6* {{link idioma|tomielho|mwl}}\u00b6\u00b6[[Categoria:Substantivo (Mirand\u00eas)]]\u00b6[[Categoria:Bot\u00e2nica (Mirand\u00eas)]]\u00b6[[Categoria:Entrada com imagem (Mirand\u00eas)]]",
    "lemma": "tomilho",
    "reference": "https://pt.wiktionary.org/wiki/tomilho#mwl",
    "forms": [
      {
        "form": "tomilho",
        "gram": [
          "Q12",
          "Q14"
        ]
      },
      {
        "form": "tomilhos",
        "gram": [
          "Q13",
          "Q14"
        ]
      }
    ],
    "pos": "Q6",
    "hyphen": "to|mi|lho",
    "gender": "Q14",
    "senses": [
      "# {{escopo|mwl|Planta}} [[rosmaninho]], [[species:Lavandula stoechas|Lavandula stoechas]]"
    ]
  }
}