{
  "URI": "https://lhenguabase.wikibase.cloud/entity/L142",
  "entry": {
    "wikitext": "={{-mwl-}}=\u00b6==Substantivo==\u00b6{{flex.mwl|fs=tonelada|fp=toneladas|fs-div=to.ne.{{grifar.Palavra|la}}.da|fp-div=to.ne.{{grifar.Palavra|la}}.das}}\u00b6'''to.ne.{{grifar.Palavra|la}}.da''', {{gram\u00e1tica|f}}\u00b6# {{escopo|mwl|Metrologia}} [[#Substantivo|tonelada]], {{link preto|tonelada m\u00e9trica}} ([[mil|1000]] [[kg]]):\u00b6#* ''La capacidade [[oumentar|oumentou]] de las [[duzientos|duzientas]] '''toneladas''' ne l [[seclo]] XV at\u00e9 a las [[quenhientos|quenhientas]].'' <small>(A capacidade aumentou de duzentas toneladas no s\u00e9culo XV para quinhentas.)</small>\u00b6\u00b6=={{etimologia|mwl}}==\u00b6: De {{etimo|mwl|tonel}} + {{etimo|mwl|-ada}}.\u00b6\u00b6==Ver tamb\u00e9m==\u00b6===No Wikcion\u00e1rio===\u00b6{{verTamb\u00e9m.Ini}}\u00b6* [[massa#{{mwl}}|massa]]\u00b6* {{link preto|ounidade de medida}}\u00b6{{verTamb\u00e9m.Fim}}\u00b6\u00b6[[Categoria:Substantivo (Mirand\u00eas)]]\u00b6[[Categoria:Poliss\u00edlabo (Mirand\u00eas)]]\u00b6[[Categoria:Parox\u00edtona (Mirand\u00eas)]]\u00b6[[Categoria:Cognato (Mirand\u00eas)]]",
    "lemma": "tonelada",
    "reference": "https://pt.wiktionary.org/wiki/tonelada#mwl",
    "forms": [
      {
        "form": "tonelada",
        "gram": [
          "Q12",
          "Q15"
        ]
      },
      {
        "form": "toneladas",
        "gram": [
          "Q13",
          "Q15"
        ]
      }
    ],
    "pos": "Q6",
    "senses": [
      "# {{escopo|mwl|Metrologia}} [["
    ]
  }
}