{
  "URI": "https://lhenguabase.wikibase.cloud/entity/L1372",
  "entry": {
    "wikitext": "={{-mwl-}}=\u00b6==Substantivo==\u00b6{{flex.mwl|ms=tormiento|mp=tormientos}}\u00b6{{parox\u00edtona|tor|mien|to|l\u00edngua=mwl}}, {{m}}\u00b6# [[tormento]]\u00b6\u00b6===Formas alternativas===\u00b6* {{link idioma|termiento|mwl}}\u00b6\u00b6[[Categoria:Substantivo (Mirand\u00eas)]]",
    "lemma": "tormiento",
    "reference": "https://pt.wiktionary.org/wiki/tormiento#mwl",
    "forms": [
      {
        "form": "tormiento",
        "gram": [
          "Q12",
          "Q14"
        ]
      },
      {
        "form": "tormientos",
        "gram": [
          "Q13",
          "Q14"
        ]
      }
    ],
    "pos": "Q6",
    "hyphen": "tor|mien|to",
    "gender": "Q14",
    "senses": [
      "# [[tormento]]"
    ]
  }
}