{
  "URI": "https://lhenguabase.wikibase.cloud/entity/L1302",
  "entry": {
    "wikitext": "={{-mwl-}}=\u00b6==Substantivo==\u00b6{{flex.mwl|ms=touron|mp=tourones}}\u00b6{{parox\u00edtona|tou|ron|l\u00edngua=mwl}}, {{m}}\u00b6# {{escopo|mwl|Mam\u00edfero}} [[tour\u00e3o]], [[toir\u00e3o]] (''[[species:Mustela putorius|Mustela putorius]]'')\u00b6\u00b6[[Categoria:Substantivo (Mirand\u00eas)]]\u00b6[[Categoria:Animal (Mirand\u00eas)]]\u00b6[[Categoria:Entrada com imagem (Mirand\u00eas)]]",
    "lemma": "touron",
    "reference": "https://pt.wiktionary.org/wiki/touron#mwl",
    "forms": [
      {
        "form": "touron",
        "gram": [
          "Q12",
          "Q14"
        ]
      },
      {
        "form": "tourones",
        "gram": [
          "Q13",
          "Q14"
        ]
      }
    ],
    "pos": "Q6",
    "hyphen": "tou|ron",
    "gender": "Q14",
    "senses": [
      "# {{escopo|mwl|Mam\u00edfero}} [[tour\u00e3o]], [[toir\u00e3o]] (''[[species:Mustela putorius|Mustela putorius]]'')"
    ]
  }
}