{
  "URI": "https://lhenguabase.wikibase.cloud/entity/L884",
  "entry": {
    "wikitext": "={{-mwl-}}=\u00b6==Substantivo==\u00b6{{flex.mwl|fp=tripas}}\u00b6{{parox\u00edtona|tri|pas|l\u00edngua=mwl}}, {{fp}}\u00b6# {{escopo|mwl|Culin\u00e1ria}} [[prato]] \u00e0 base de [[tripa]]s\u00b6\u00b6==Forma de substantivo==\u00b6{{parox\u00edtona|tri|pas|l\u00edngua=mwl}}\u00b6# plural de '''[[tripa#{{mwl}}|tripa]]'''\u00b6\u00b6[[Categoria:Forma de substantivo (Mirand\u00eas)]]\u00b6[[Categoria:Substantivo (Mirand\u00eas)]]",
    "lemma": "tripas",
    "reference": "https://pt.wiktionary.org/wiki/tripas#mwl",
    "forms": [
      {
        "form": "tripas",
        "gram": [
          "Q13",
          "Q15"
        ]
      }
    ],
    "pos": "Q6",
    "hyphen": "tri|pas",
    "senses": [
      "# {{escopo|mwl|Culin\u00e1ria}} [[prato]] \u00e0 base de [[tripa]]s"
    ]
  }
}