{
  "URI": "https://lhenguabase.wikibase.cloud/entity/L1257",
  "entry": {
    "wikitext": "={{-mwl-}}=\u00b6==Substantivo==\u00b6{{flex.mwl|ms=trisab\u00f3|mp=trisab\u00f3s|fs=trisab\u00f3|fp=trisab\u00f3s}}\u00b6'''trisab\u00f3''', {{gram\u00e1tica|mf}}\u00b6# [[trisav\u00f4]]\u00b6# [[trisav\u00f3]]\u00b6\u00b6==Ver tamb\u00e9m==\u00b6===No Wikcion\u00e1rio===\u00b6{{Predefini\u00e7\u00e3o:fam\u00edlia/mwl}}\u00b6\u00b6[[Categoria:Substantivo (Mirand\u00eas)]]\u00b6[[Categoria:Fam\u00edlia (Mirand\u00eas)]]",
    "lemma": "trisab\u00f3",
    "reference": "https://pt.wiktionary.org/wiki/trisab\u00f3#mwl",
    "forms": [
      {
        "form": "trisab\u00f3",
        "gram": [
          "Q12",
          "Q14"
        ]
      },
      {
        "form": "trisab\u00f3s",
        "gram": [
          "Q13",
          "Q14"
        ]
      },
      {
        "form": "trisab\u00f3",
        "gram": [
          "Q12",
          "Q15"
        ]
      },
      {
        "form": "trisab\u00f3s",
        "gram": [
          "Q13",
          "Q15"
        ]
      }
    ],
    "pos": "Q6",
    "senses": [
      "# [[trisav\u00f4]]"
    ]
  }
}