{
  "URI": "https://lhenguabase.wikibase.cloud/entity/L512",
  "entry": {
    "wikitext": "={{-mwl-}}=\u00b6==Substantivo==\u00b6{{flex.mwl|ms=tubo|mp=tubos}}\u00b6{{parox\u00edtona|tu|bo|l\u00edngua=mwl}}, {{gram\u00e1tica|m}}\u00b6# [[tubo#{{pt}}|tubo]]\u00b6\u00b6===Sin\u00f3nimo===\u00b6* [[canho]]\u00b6\u00b6==Forma verbal==\u00b6{{parox\u00edtona|tu|bo|l\u00edngua=mwl}}\u00b6# [[terceira pessoa]] do [[singular]] no [[pret\u00e9rito perfeito]] do [[indicativo]] de [[tener#Mirand\u00eas|tener]]\u00b6\u00b6{{aviso.flex\u00e3o|tener}}\u00b6\u00b6[[Categoria:Forma verbal (Mirand\u00eas)]]\u00b6[[Categoria:Substantivo (Mirand\u00eas)]]\u00b6[[Categoria:Entrada com imagem (Mirand\u00eas)]]",
    "lemma": "tubo",
    "reference": "https://pt.wiktionary.org/wiki/tubo#mwl",
    "forms": [
      {
        "form": "tubo",
        "gram": [
          "Q12",
          "Q14"
        ]
      },
      {
        "form": "tubos",
        "gram": [
          "Q13",
          "Q14"
        ]
      }
    ],
    "pos": "Q6",
    "hyphen": "tu|bo",
    "senses": [
      "# [[tubo"
    ]
  }
}