{
  "URI": "https://lhenguabase.wikibase.cloud/entity/L690",
  "entry": {
    "wikitext": "={{-mwl-}}=\u00b6==Substantivo==\u00b6{{flex.mwl|fs=t\u00e9rcia|fp=t\u00e9rcias}}\u00b6{{proparox\u00edtona|t\u00e9r|ci|a|l\u00edngua=mwl}}, {{gram\u00e1tica|f}}\u00b6# {{escopo|mwl|Dia da semana}} [[ter\u00e7a-feira]]\u00b6\u00b6==={{-varort-}}===\u00b6* [[ter\u00e7a#Mirand\u00eas|ter\u00e7a]]\u00b6\u00b6==Ver tamb\u00e9m==\u00b6===No Wikcion\u00e1rio===\u00b6{{semana/mwl}}\u00b6\u00b6[[Categoria:Substantivo (Mirand\u00eas)]]\u00b6[[Categoria:Tempo (Mirand\u00eas)]]",
    "lemma": "t\u00e9rcia",
    "reference": "https://pt.wiktionary.org/wiki/t\u00e9rcia#mwl",
    "forms": [
      {
        "form": "t\u00e9rcia",
        "gram": [
          "Q12",
          "Q15"
        ]
      },
      {
        "form": "t\u00e9rcias",
        "gram": [
          "Q13",
          "Q15"
        ]
      }
    ],
    "pos": "Q6",
    "hyphen": "t\u00e9r|ci|a",
    "senses": [
      "# {{escopo|mwl|Dia da semana}} [[ter\u00e7a-feira]]"
    ]
  }
}