{
  "URI": "https://lhenguabase.wikibase.cloud/entity/L458",
  "entry": {
    "wikitext": "={{-mwl-}}=\u00b6==Substantivo==\u00b6{{elementos|Tb|gadol\u00ednio|Gd|\u00e7pr\u00f3sio|Dy}}\u00b6'''t\u00e9rbio'''\u00b6# {{escopo|mwl|Qu\u00edmica}} [[t\u00e9rbio#Portugu\u00eas|t\u00e9rbio]]\u00b6\u00b6==Ver tamb\u00e9m==\u00b6===No Wikcion\u00e1rio===\u00b6{{tabela peri\u00f3dica/mwl}}\u00b6\u00b6[[Categoria:Substantivo (Mirand\u00eas)]]\u00b6[[Categoria:Elemento qu\u00edmico (Mirand\u00eas)]]\u00b6[[Categoria:Entrada com imagem (Mirand\u00eas)]]",
    "lemma": "t\u00e9rbio",
    "reference": "https://pt.wiktionary.org/wiki/t\u00e9rbio#mwl",
    "forms": [],
    "pos": "Q6",
    "senses": [
      "# {{escopo|mwl|Qu\u00edmica}} [[t\u00e9rbio"
    ]
  }
}