{
  "URI": "https://lhenguabase.wikibase.cloud/entity/L270",
  "entry": {
    "wikitext": "={{-mwl-}}=\u00b6==Substantivo==\u00b6{{flex.mwl|fs=t\u00edlia|fp=t\u00edlias}}\u00b6{{proparox\u00edtona|t\u00ed|li|a|l\u00edngua=mwl}}, {{f}}\u00b6# {{escopo|mwl|\u00c1rvore}} [[t\u00edlia#Portugu\u00eas|t\u00edlia]] (''[[species:Tilia cordata subsp. cordata|Tilia cordata subsp. cordata]]'')\u00b6\u00b6[[Categoria:Substantivo (Mirand\u00eas)]]\u00b6[[Categoria:Bot\u00e2nica (Mirand\u00eas)]]\u00b6[[Categoria:Entrada com imagem (Mirand\u00eas)]]",
    "lemma": "t\u00edlia",
    "reference": "https://pt.wiktionary.org/wiki/t\u00edlia#mwl",
    "forms": [
      {
        "form": "t\u00edlia",
        "gram": [
          "Q12",
          "Q15"
        ]
      },
      {
        "form": "t\u00edlias",
        "gram": [
          "Q13",
          "Q15"
        ]
      }
    ],
    "pos": "Q6",
    "hyphen": "t\u00ed|li|a",
    "gender": "Q15",
    "senses": [
      "# {{escopo|mwl|\u00c1rvore}} [[t\u00edlia"
    ]
  }
}