{
  "URI": "https://lhenguabase.wikibase.cloud/entity/L22",
  "entry": {
    "wikitext": "={{-mwl-}}=\u00b6==Substantivo==\u00b6{{flex.mwl|fs=unha|fp=unhas}}\u00b6{{parox\u00edtona|u|nha|l\u00edngua=mwl}}, {{gram\u00e1tica|f}}\u00b6# {{escopo|mwl|anatomia}} [[unha#{{pt}}|unha]]\u00b6\u00b6[[Categoria:Substantivo (Mirand\u00eas)]]\u00b6[[Categoria:Entrada com imagem (Mirand\u00eas)]]",
    "lemma": "unha",
    "reference": "https://pt.wiktionary.org/wiki/unha#mwl",
    "forms": [
      {
        "form": "unha",
        "gram": [
          "Q12",
          "Q15"
        ]
      },
      {
        "form": "unhas",
        "gram": [
          "Q13",
          "Q15"
        ]
      }
    ],
    "pos": "Q6",
    "hyphen": "u|nha",
    "senses": [
      "# {{escopo|mwl|anatomia}} [[unha"
    ]
  }
}