{
  "URI": "https://lhenguabase.wikibase.cloud/entity/L1178",
  "entry": {
    "wikitext": "={{-mwl-}}=\u00b6==Substantivo==\u00b6{{flex.mwl|ms=uorgano|mp=uorganos}}\u00b6{{proparox\u00edtona|uor|ga|no|l\u00edngua=mwl}}, {{m}}\u00b6# {{escopo|mwl|medicina}} [[\u00f3rg\u00e3o]] (termo de anatomia)\u00b6# {{escopo|mwl|m\u00fasica}} \u00f3rg\u00e3o\u00b6# \u00f3rgao social de uma entidade\u00b6\u00b6[[Categoria:Substantivo (Mirand\u00eas)]]",
    "lemma": "uorgano",
    "reference": "https://pt.wiktionary.org/wiki/uorgano#mwl",
    "forms": [
      {
        "form": "uorgano",
        "gram": [
          "Q12",
          "Q14"
        ]
      },
      {
        "form": "uorganos",
        "gram": [
          "Q13",
          "Q14"
        ]
      }
    ],
    "pos": "Q6",
    "hyphen": "uor|ga|no",
    "gender": "Q14",
    "senses": [
      "# {{escopo|mwl|medicina}} [[\u00f3rg\u00e3o]] (termo de anatomia)"
    ]
  }
}