{
  "URI": "https://lhenguabase.wikibase.cloud/entity/L1239",
  "entry": {
    "wikitext": "={{-mwl-}}=\u00b6[[Imagem:Gray219.png|thumb|150px|uosso]]\u00b6\u00b6==Substantivo==\u00b6{{flex.mwl|ms=uosso|mp=uossos}}\u00b6{{parox\u00edtona|uos|so|l\u00edngua=mwl}}, {{m}}\u00b6# {{escopo|mwl|Anatomia}} [[osso]]\u00b6\u00b6[[Categoria:Substantivo (Mirand\u00eas)]]\u00b6[[Categoria:Entrada com imagem (Mirand\u00eas)]]",
    "lemma": "uosso",
    "reference": "https://pt.wiktionary.org/wiki/uosso#mwl",
    "forms": [
      {
        "form": "uosso",
        "gram": [
          "Q12",
          "Q14"
        ]
      },
      {
        "form": "uossos",
        "gram": [
          "Q13",
          "Q14"
        ]
      }
    ],
    "pos": "Q6",
    "hyphen": "uos|so",
    "gender": "Q14",
    "senses": [
      "# {{escopo|mwl|Anatomia}} [[osso]]"
    ]
  }
}