{
  "URI": "https://lhenguabase.wikibase.cloud/entity/L978",
  "entry": {
    "wikitext": "={{-mwl-}}=\u00b6==Substantivo==\u00b6{{flex.mwl|fs=ur\u00e7|fp=urzes}}\u00b6{{ox\u00edtona|ur\u00e7|l\u00edngua=mwl}}, {{f}}\u00b6# {{escopo|mwl|Planta}} [[urze]] (''[[species:Calluna vulgaris|Calluna vulgaris]]'')\u00b6\u00b6[[Categoria:Substantivo (Mirand\u00eas)]]\u00b6[[Categoria:Bot\u00e2nica (Mirand\u00eas)]]\u00b6[[Categoria:Entrada com imagem (Mirand\u00eas)]]",
    "lemma": "ur\u00e7",
    "reference": "https://pt.wiktionary.org/wiki/ur\u00e7#mwl",
    "forms": [
      {
        "form": "ur\u00e7",
        "gram": [
          "Q12",
          "Q15"
        ]
      },
      {
        "form": "urzes",
        "gram": [
          "Q13",
          "Q15"
        ]
      }
    ],
    "pos": "Q6",
    "hyphen": "ur\u00e7",
    "gender": "Q15",
    "senses": [
      "# {{escopo|mwl|Planta}} [[urze]] (''[[species:Calluna vulgaris|Calluna vulgaris]]'')"
    ]
  }
}