{
  "URI": "https://lhenguabase.wikibase.cloud/entity/L1135",
  "entry": {
    "wikitext": "={{-mwl-}}=\u00b6==Substantivo==\u00b6{{flex.mwl|ms=xabon|mp=xabones}}\u00b6{{ox\u00edtona|xa|bon|l\u00edngua=mwl}}, {{m}}\u00b6# {{escopo|mwl|Objeto}} [[sab\u00e3o]]\u00b6\u00b6==Ver tamb\u00e9m==\u00b6===No Wikcion\u00e1rio===\u00b6{{verTamb\u00e9m.Ini}}\u00b6* [[xaboneta]]\u00b6{{verTamb\u00e9m.NovaColuna}}\u00b6* [[xaboneteira]]\u00b6{{verTamb\u00e9m.Fim}}\u00b6\u00b6[[Categoria:Substantivo (Mirand\u00eas)]]\u00b6[[Categoria:Entrada com imagem (Mirand\u00eas)]]",
    "lemma": "xabon",
    "reference": "https://pt.wiktionary.org/wiki/xabon#mwl",
    "forms": [
      {
        "form": "xabon",
        "gram": [
          "Q12",
          "Q14"
        ]
      },
      {
        "form": "xabones",
        "gram": [
          "Q13",
          "Q14"
        ]
      }
    ],
    "pos": "Q6",
    "hyphen": "xa|bon",
    "gender": "Q14",
    "senses": [
      "# {{escopo|mwl|Objeto}} [[sab\u00e3o]]"
    ]
  }
}