{
  "URI": "https://lhenguabase.wikibase.cloud/entity/L2",
  "entry": {
    "wikitext": "={{-mwl-}}=\u00b6==Substantivo==\u00b6{{flex.mwl|fs=xaboneteira|fp=xaboneteiras}}\u00b6{{parox\u00edtona|xa|bo|ne|tei|ra|l\u00edngua=mwl}}, {{f}}\u00b6# {{escopo|mwl|Objeto}} [[saboneteira]], objeto para colocar [[sabonete]]s\u00b6\u00b6==Ver tamb\u00e9m==\u00b6===No Wikcion\u00e1rio===\u00b6{{verTamb\u00e9m.Ini}}\u00b6* [[xabon]]\u00b6{{verTamb\u00e9m.NovaColuna}}\u00b6* [[xaboneta]]\u00b6{{verTamb\u00e9m.Fim}}\u00b6\u00b6[[Categoria:Substantivo (Mirand\u00eas)]]\u00b6[[Categoria:Entrada com imagem (Mirand\u00eas)]]",
    "lemma": "xaboneteira",
    "reference": "https://pt.wiktionary.org/wiki/xaboneteira#mwl",
    "forms": [
      {
        "form": "xaboneteira",
        "gram": [
          "Q12",
          "Q15"
        ]
      },
      {
        "form": "xaboneteiras",
        "gram": [
          "Q13",
          "Q15"
        ]
      }
    ],
    "pos": "Q6",
    "hyphen": "xa|bo|ne|tei|ra",
    "gender": "Q15",
    "senses": [
      "# {{escopo|mwl|Objeto}} [[saboneteira]], objeto para colocar [[sabonete]]s\u00b6\u00b6"
    ]
  }
}