{
  "URI": "https://lhenguabase.wikibase.cloud/entity/L432",
  "entry": {
    "wikitext": "={{-mwl-}}=\u00b6==Substantivo==\u00b6{{flex.mwl|ms=xaramagal|mp=xaramagales}}\u00b6{{ox\u00edtona|xa|ra|ma|gal|l\u00edngua=mwl}}, {{m}}\u00b6# campo com muitos [[xaramago]]s\u00b6\u00b6[[Categoria:Substantivo (Mirand\u00eas)]]",
    "lemma": "xaramagal",
    "reference": "https://pt.wiktionary.org/wiki/xaramagal#mwl",
    "forms": [
      {
        "form": "xaramagal",
        "gram": [
          "Q12",
          "Q14"
        ]
      },
      {
        "form": "xaramagales",
        "gram": [
          "Q13",
          "Q14"
        ]
      }
    ],
    "pos": "Q6",
    "hyphen": "xa|ra|ma|gal",
    "gender": "Q14",
    "senses": [
      "# campo com muitos [[xaramago]]s"
    ]
  }
}