{
  "URI": "https://lhenguabase.wikibase.cloud/entity/L1053",
  "entry": {
    "wikitext": "={{-mwl-}}=\u00b6==Substantivo==\u00b6{{flex.mwl|s=xefe|p=xefes}}\u00b6{{parox\u00edtona|xe|fe|l\u00edngua=mwl}}, {{mf}}\u00b6# [[chefe]]\u00b6\u00b6[[Categoria:Substantivo (Mirand\u00eas)]]",
    "lemma": "xefe",
    "reference": "https://pt.wiktionary.org/wiki/xefe#mwl",
    "forms": [
      {
        "form": "xefe",
        "gram": [
          "Q12"
        ]
      },
      {
        "form": "xefes",
        "gram": [
          "Q13"
        ]
      }
    ],
    "pos": "Q6",
    "hyphen": "xe|fe",
    "senses": [
      "# [[chefe]]"
    ]
  }
}