{
  "URI": "https://lhenguabase.wikibase.cloud/entity/L175",
  "entry": {
    "wikitext": "={{-mwl-}}=\u00b6[[Imagem:Stone_IMAG1028.JPG|thumb|250px|xeixos]]\u00b6\u00b6==Substantivo==\u00b6{{flex.mwl|ms=xeixo|mp=xeixos}}\u00b6{{parox\u00edtona|xei|xo|l\u00edngua=mwl}}, {{g|m|id=mwl}}\u00b6# [[seixo]]\u00b6\u00b6==Ver tamb\u00e9m==\u00b6===No Wikcion\u00e1rio===\u00b6{{verTamb\u00e9m.Ini}}\u00b6* [[xeixal]]\u00b6{{verTamb\u00e9m.Fim}}\u00b6\u00b6[[Categoria:Substantivo (Mirand\u00eas)]]\u00b6[[Categoria:Entrada com imagem (Mirand\u00eas)]]",
    "lemma": "xeixo",
    "reference": "https://pt.wiktionary.org/wiki/xeixo#mwl",
    "forms": [
      {
        "form": "xeixo",
        "gram": [
          "Q12",
          "Q14"
        ]
      },
      {
        "form": "xeixos",
        "gram": [
          "Q13",
          "Q14"
        ]
      }
    ],
    "pos": "Q6",
    "hyphen": "xei|xo",
    "senses": [
      "# [[seixo]]"
    ]
  }
}