{
  "URI": "https://lhenguabase.wikibase.cloud/entity/L1314",
  "entry": {
    "wikitext": "={{-mwl-}}=\u00b6==Substantivo==\u00b6{{flex.mwl|ms=zambolbimiento|mp=zambolbimientos}}\u00b6{{parox\u00edtona|zam|bol|bi|mien|to|l\u00edngua=mwl}}, {{m}}\u00b6# [[desenvolvimento]]\u00b6\u00b6[[Categoria:Substantivo (Mirand\u00eas)]]",
    "lemma": "zambolbimiento",
    "reference": "https://pt.wiktionary.org/wiki/zambolbimiento#mwl",
    "forms": [
      {
        "form": "zambolbimiento",
        "gram": [
          "Q12",
          "Q14"
        ]
      },
      {
        "form": "zambolbimientos",
        "gram": [
          "Q13",
          "Q14"
        ]
      }
    ],
    "pos": "Q6",
    "hyphen": "zam|bol|bi|mien|to",
    "gender": "Q14",
    "senses": [
      "# [[desenvolvimento]]"
    ]
  }
}