{
  "URI": "https://lhenguabase.wikibase.cloud/entity/L873",
  "entry": {
    "wikitext": "={{-mwl-}}=\u00b6==Substantivo==\u00b6{{flex.mwl|ms=zantresse|mp=zantresses}}\u00b6{{parox\u00edtona|zan|tres|se|l\u00edngua=mwl}}, {{m}}\u00b6# [[desinteresse]]\u00b6\u00b6==Ant\u00f3nimo==\u00b6* [[antresse]]\u00b6\u00b6[[Categoria:Substantivo (Mirand\u00eas)]]",
    "lemma": "zantresse",
    "reference": "https://pt.wiktionary.org/wiki/zantresse#mwl",
    "forms": [
      {
        "form": "zantresse",
        "gram": [
          "Q12",
          "Q14"
        ]
      },
      {
        "form": "zantresses",
        "gram": [
          "Q13",
          "Q14"
        ]
      }
    ],
    "pos": "Q6",
    "hyphen": "zan|tres|se",
    "gender": "Q14",
    "senses": [
      "# [[desinteresse]]"
    ]
  }
}