{
  "URI": "https://lhenguabase.wikibase.cloud/entity/L1458",
  "entry": {
    "wikitext": "={{-mwl-}}=\u00b6==Substantivo==\u00b6'''zoologie'''\u00b6# [[zoologia]]\u00b6\u00b6==Ver tamb\u00e9m==\u00b6===Na Wikip\u00e9dia===\u00b6* [[w:mwl:zoologie|zoologie]]\u00b6\u00b6[[Categoria:Substantivo (Mirand\u00eas)]]\u00b6[[Categoria:Ci\u00eancia (Mirand\u00eas)]]",
    "lemma": "zoologie",
    "reference": "https://pt.wiktionary.org/wiki/zoologie#mwl",
    "forms": [],
    "pos": "Q6",
    "senses": [
      "# [[zoologia]]"
    ]
  }
}