{
  "URI": "https://lhenguabase.wikibase.cloud/entity/L1498",
  "entry": {
    "wikitext": "={{-mwl-}}=\u00b6==Substantivo==\u00b6{{flex.mwl|ms=zorro|mp=zorros}}\u00b6{{parox\u00edtona|zor|ro|l\u00edngua=mwl}}, {{m}}\u00b6# [[bastardo#Portugu\u00eas|bastardo]], filho nascido fora do [[casamento]]\u00b6\u00b6{{Predefini\u00e7\u00e3o:fam\u00edlia/mwl}}\u00b6\u00b6[[Categoria:Substantivo (Mirand\u00eas)]]\u00b6[[Categoria:Fam\u00edlia (Mirand\u00eas)]]",
    "lemma": "zorro",
    "reference": "https://pt.wiktionary.org/wiki/zorro#mwl",
    "forms": [
      {
        "form": "zorro",
        "gram": [
          "Q12",
          "Q14"
        ]
      },
      {
        "form": "zorros",
        "gram": [
          "Q13",
          "Q14"
        ]
      }
    ],
    "pos": "Q6",
    "hyphen": "zor|ro",
    "gender": "Q14",
    "senses": [
      "# [[bastardo"
    ]
  }
}