{
  "URI": "https://lhenguabase.wikibase.cloud/entity/L835",
  "entry": {
    "wikitext": "={{-mwl-}}=\u00b6==Substantivo==\u00b6{{flex.mwl|fs=\u00e1guila|fp=\u00e1guilas}}\u00b6{{proparox\u00edtona|\u00e1|gui|la|l\u00edngua=mwl}}, {{g|f}}\u00b6# {{escopo|mwl|Ave}} [[\u00e1guia]]\u00b6\u00b6===Sin\u00f3nimo===\u00b6* [[aila#Mirand\u00eas|aila]]\u00b6\u00b6[[Categoria:Substantivo (Mirand\u00eas)]]\u00b6[[Categoria:Animal (Mirand\u00eas)]]\u00b6[[Categoria:Entrada com imagem (Mirand\u00eas)]]",
    "lemma": "\u00e1guila",
    "reference": "https://pt.wiktionary.org/wiki/\u00e1guila#mwl",
    "forms": [
      {
        "form": "\u00e1guila",
        "gram": [
          "Q12",
          "Q15"
        ]
      },
      {
        "form": "\u00e1guilas",
        "gram": [
          "Q13",
          "Q15"
        ]
      }
    ],
    "pos": "Q6",
    "hyphen": "\u00e1|gui|la",
    "senses": [
      "# {{escopo|mwl|Ave}} [[\u00e1guia]]"
    ]
  }
}