{
  "URI": "https://lhenguabase.wikibase.cloud/entity/L1212",
  "entry": {
    "wikitext": "={{-mwl-}}=\u00b6==Substantivo==\u00b6{{flex.mwl|fs=\u00e7anfona|fp=\u00e7anfonas}}\u00b6{{parox\u00edtona|\u00e7an|fo|na|l\u00edngua=mwl}}, {{f}}\u00b6# [[sanfona]]\u00b6\u00b6=={{etimologia|mwl}}==\u00b6:Do latim ''symphon\u012da'' e este do grego ''[[\u03c3\u03c5\u03bc\u03c6\u03c9\u03bd\u03af\u03b1]]''.\u00b6\u00b6[[Categoria:Substantivo (Mirand\u00eas)]]\u00b6[[Categoria:Instrumento musical (Mirand\u00eas)]]\u00b6[[Categoria:M\u00fasica (Mirand\u00eas)]]",
    "lemma": "\u00e7anfona",
    "reference": "https://pt.wiktionary.org/wiki/\u00e7anfona#mwl",
    "forms": [
      {
        "form": "\u00e7anfona",
        "gram": [
          "Q12",
          "Q15"
        ]
      },
      {
        "form": "\u00e7anfonas",
        "gram": [
          "Q13",
          "Q15"
        ]
      }
    ],
    "pos": "Q6",
    "hyphen": "\u00e7an|fo|na",
    "gender": "Q15",
    "senses": [
      "# [[sanfona]]"
    ]
  }
}