{
  "URI": "https://lhenguabase.wikibase.cloud/entity/L1346",
  "entry": {
    "wikitext": "={{-mwl-}}=\u00b6==Substantivo==\u00b6{{flex.mwl|ms=\u00e7apato|mp=\u00e7apatos}}\u00b6{{parox\u00edtona|\u00e7a|pa|to|l\u00edngua=mwl}}, {{g|m|id=gl}}\u00b6# {{escopo|mwl|Vestu\u00e1rio}} [[sapato]]\u00b6\u00b6==Ver tamb\u00e9m==\u00b6===No Wikcion\u00e1rio===\u00b6{{verTamb\u00e9m.Ini}}\u00b6* [[\u00e7apateiro]]\u00b6{{verTamb\u00e9m.Fim}}\u00b6\u00b6[[Categoria:Substantivo (Mirand\u00eas)]]\u00b6[[Categoria:Objeto (Mirand\u00eas)]]\u00b6[[Categoria:Entrada com imagem (Mirand\u00eas)]]",
    "lemma": "\u00e7apato",
    "reference": "https://pt.wiktionary.org/wiki/\u00e7apato#mwl",
    "forms": [
      {
        "form": "\u00e7apato",
        "gram": [
          "Q12",
          "Q14"
        ]
      },
      {
        "form": "\u00e7apatos",
        "gram": [
          "Q13",
          "Q14"
        ]
      }
    ],
    "pos": "Q6",
    "hyphen": "\u00e7a|pa|to",
    "senses": [
      "# {{escopo|mwl|Vestu\u00e1rio}} [[sapato]]"
    ]
  }
}