{
  "URI": "https://lhenguabase.wikibase.cloud/entity/L1033",
  "entry": {
    "wikitext": "={{-mwl-}}=\u00b6==Substantivo==\u00b6{{flex.mwl|ms=\u00e7apateiro|mp=\u00e7apateiros}}\u00b6{{parox\u00edtona|\u00e7a|pa|tei|ro|l\u00edngua=mwl}}, {{m}}\u00b6# {{escopo|mwl|Profiss\u00e3o}} [[sapateiro]]\u00b6\u00b6==Ver tamb\u00e9m==\u00b6===No Wikcion\u00e1rio===\u00b6{{verTamb\u00e9m.Ini}}\u00b6* [[\u00e7apato]]\u00b6{{verTamb\u00e9m.Fim}}\u00b6\u00b6[[Categoria:Substantivo (Mirand\u00eas)]]\u00b6[[Categoria:Entrada com imagem (Mirand\u00eas)]]",
    "lemma": "\u00e7apateiro",
    "reference": "https://pt.wiktionary.org/wiki/\u00e7apateiro#mwl",
    "forms": [
      {
        "form": "\u00e7apateiro",
        "gram": [
          "Q12",
          "Q14"
        ]
      },
      {
        "form": "\u00e7apateiros",
        "gram": [
          "Q13",
          "Q14"
        ]
      }
    ],
    "pos": "Q6",
    "hyphen": "\u00e7a|pa|tei|ro",
    "gender": "Q14",
    "senses": [
      "# {{escopo|mwl|Profiss\u00e3o}} [[sapateiro]]"
    ]
  }
}