{
  "URI": "https://lhenguabase.wikibase.cloud/entity/L965",
  "entry": {
    "wikitext": "={{-mwl-}}=\u00b6==Substantivo==\u00b6{{flex.mwl|ms=\u00e7parate|mp=\u00e7parates}}\u00b6{{parox\u00edtona|\u00e7pa|ra|te|l\u00edngua=mwl}}, {{m}}\u00b6# [[disparate]]\u00b6\u00b6[[Categoria:Substantivo (Mirand\u00eas)]]",
    "lemma": "\u00e7parate",
    "reference": "https://pt.wiktionary.org/wiki/\u00e7parate#mwl",
    "forms": [
      {
        "form": "\u00e7parate",
        "gram": [
          "Q12",
          "Q14"
        ]
      },
      {
        "form": "\u00e7parates",
        "gram": [
          "Q13",
          "Q14"
        ]
      }
    ],
    "pos": "Q6",
    "hyphen": "\u00e7pa|ra|te",
    "gender": "Q14",
    "senses": [
      "# [[disparate]]"
    ]
  }
}