{
  "URI": "https://lhenguabase.wikibase.cloud/entity/L745",
  "entry": {
    "wikitext": "={{-mwl-}}=\u00b6==Adjetivo==\u00b6{{flex.mwl|ms=\u00e7portivo|mp=\u00e7portivos|fs=\u00e7portiva|fp=\u00e7portivas}}\u00b6{{parox\u00edtona|\u00e7por|ti|vo|l\u00edngua=mwl}}, {{m}}\u00b6# [[desportivo]]\u00b6\u00b6==Ver tamb\u00e9m==\u00b6===No Wikcion\u00e1rio===\u00b6{{verTamb\u00e9m.Ini}}\u00b6* [[\u00e7porto]]\u00b6{{verTamb\u00e9m.Fim}}\u00b6\u00b6[[Categoria:Adjetivo (Mirand\u00eas)]]",
    "lemma": "\u00e7portivo",
    "reference": "https://pt.wiktionary.org/wiki/\u00e7portivo#mwl",
    "forms": [
      {
        "form": "\u00e7portivo",
        "gram": [
          "Q12",
          "Q14"
        ]
      },
      {
        "form": "\u00e7portivos",
        "gram": [
          "Q13",
          "Q14"
        ]
      },
      {
        "form": "\u00e7portiva",
        "gram": [
          "Q12",
          "Q15"
        ]
      },
      {
        "form": "\u00e7portivas",
        "gram": [
          "Q13",
          "Q15"
        ]
      }
    ],
    "pos": "Q8",
    "hyphen": "\u00e7por|ti|vo",
    "gender": "Q14",
    "senses": [
      "# [[desportivo]]"
    ]
  }
}