{
  "URI": "https://lhenguabase.wikibase.cloud/entity/L495",
  "entry": {
    "wikitext": "={{-mwl-}}=\u00b6==Substantivo==\u00b6{{flex.mwl|fs=\u00e7trui\u00e7on|fp=\u00e7trui\u00e7ones}}\u00b6{{ox\u00edtona|\u00e7tru|i|\u00e7on |l\u00edngua=mwl}}, {{f}}\u00b6# [[destrui\u00e7\u00e3o]]\u00b6\u00b6==Ant\u00f3nimo==\u00b6* [[custru\u00e7on]]\u00b6\u00b6==Ver tamb\u00e9m==\u00b6===No Wikcion\u00e1rio===\u00b6{{verTamb\u00e9m.Ini}}\u00b6* [[\u00e7truir]]\u00b6{{verTamb\u00e9m.Fim}}\u00b6\u00b6[[Categoria:Substantivo (Mirand\u00eas)]]",
    "lemma": "\u00e7trui\u00e7on",
    "reference": "https://pt.wiktionary.org/wiki/\u00e7trui\u00e7on#mwl",
    "forms": [
      {
        "form": "\u00e7trui\u00e7on",
        "gram": [
          "Q12",
          "Q15"
        ]
      },
      {
        "form": "\u00e7trui\u00e7ones",
        "gram": [
          "Q13",
          "Q15"
        ]
      }
    ],
    "pos": "Q6",
    "hyphen": "\u00e7tru|i|\u00e7on",
    "gender": "Q15",
    "senses": [
      "# [[destrui\u00e7\u00e3o]]"
    ]
  }
}