{
  "URI": "https://lhenguabase.wikibase.cloud/entity/L1378",
  "entry": {
    "wikitext": "={{-mwl-}}=\u00b6==Adjetivo==\u00b6{{flex.mwl|ms=\u00e7truidor|mp=\u00e7truidores|fs=\u00e7truidora|fp=\u00e7truidoras}}\u00b6{{ox\u00edtona|\u00e7tru|i|dor|l\u00edngua=mwl}}, {{m}}\u00b6# [[destruidor]]\u00b6\u00b6==Substantivo==\u00b6{{flex.mwl|ms=\u00e7truidor|mp=\u00e7truidores|fs=\u00e7truidora|fp=\u00e7truidoras}}\u00b6{{ox\u00edtona|\u00e7tru|i|dor|l\u00edngua=mwl}}, {{m}}\u00b6# [[destruidor]]\u00b6\u00b6[[Categoria:Substantivo (Mirand\u00eas)]]\u00b6[[Categoria:Adjetivo (Mirand\u00eas)]]",
    "lemma": "\u00e7truidor",
    "reference": "https://pt.wiktionary.org/wiki/\u00e7truidor#mwl",
    "forms": [
      {
        "form": "\u00e7truidor",
        "gram": [
          "Q12",
          "Q14"
        ]
      },
      {
        "form": "\u00e7truidores",
        "gram": [
          "Q13",
          "Q14"
        ]
      },
      {
        "form": "\u00e7truidora",
        "gram": [
          "Q12",
          "Q15"
        ]
      },
      {
        "form": "\u00e7truidoras",
        "gram": [
          "Q13",
          "Q15"
        ]
      }
    ],
    "pos": "Q8",
    "hyphen": "\u00e7tru|i|dor",
    "gender": "Q14",
    "senses": [
      "# [[destruidor]]"
    ]
  }
}