{
  "URI": "https://lhenguabase.wikibase.cloud/entity/L207",
  "entry": {
    "wikitext": "={{-mwl-}}=\u00b6==Substantivo==\u00b6'''\u00cdndia''', {{gram\u00e1tica|pr}}\u00b6# {{escopo|mwl|Pa\u00eds}} [[\u00cdndia#Portugu\u00eas|\u00cdndia]]\u00b6\u00b6==Ver tamb\u00e9m==\u00b6===No Wikcion\u00e1rio===\u00b6{{\u00c1sia/mwl}}\u00b6\u00b6[[Categoria:Substantivo (Mirand\u00eas)]]\u00b6[[Categoria:Entrada com imagem (Mirand\u00eas)]]",
    "lemma": "\u00cdndia",
    "reference": "https://pt.wiktionary.org/wiki/\u00cdndia#mwl",
    "forms": [],
    "pos": "Q6",
    "senses": [
      "# {{escopo|mwl|Pa\u00eds}} [[\u00cdndia"
    ]
  }
}