{
  "URI": "https://lhenguabase.wikibase.cloud/entity/L267",
  "entry": {
    "wikitext": "={{-mwl-}}=\u00b6==Substantivo==\u00b6{{flex.mwl|mp=\u00f3calos}}\u00b6{{proparox\u00edtona|\u00f3|ca|los|l\u00edngua=mwl}}, {{mp}}\u00b6# {{escopo|mwl|Objeto}} [[\u00f3culos]]\u00b6\u00b6===Formas alternativas===\u00b6* {{link idioma|oclos|mwl}}\u00b6\u00b6==Forma de substantivo==\u00b6{{proparox\u00edtona|\u00f3|ca|los|l\u00edngua=mwl}}\u00b6# plural de '''[[\u00f3calo#{{mwl}}|\u00f3calo]]'''\u00b6\u00b6[[Categoria:Substantivo (Mirand\u00eas)]]\u00b6[[Categoria:Forma de substantivo (Mirand\u00eas)]]\u00b6[[Categoria:Entrada com imagem (Mirand\u00eas)]]\u00b6[[Categoria:Pluralia tantum (Mirand\u00eas)]]",
    "lemma": "\u00f3calos",
    "reference": "https://pt.wiktionary.org/wiki/\u00f3calos#mwl",
    "forms": [
      {
        "form": "\u00f3calos",
        "gram": [
          "Q13",
          "Q14"
        ]
      }
    ],
    "pos": "Q6",
    "hyphen": "\u00f3|ca|los",
    "senses": [
      "# {{escopo|mwl|Objeto}} [[\u00f3culos]]"
    ]
  }
}