{
  "URI": "https://lhenguabase.wikibase.cloud/entity/L783",
  "entry": {
    "wikitext": "={{-mwl-}}=\u00b6==Substantivo==\u00b6{{flex.mwl|ms=\u00f3calo|mp=\u00f3calos}}\u00b6{{proparox\u00edtona|\u00f3|ca|lo|l\u00edngua=mwl}}, {{m}}\u00b6# [[\u00f3culo]], [[mon\u00f3culo]]\u00b6\u00b6[[Categoria:Substantivo (Mirand\u00eas)]]",
    "lemma": "\u00f3calo",
    "reference": "https://pt.wiktionary.org/wiki/\u00f3calo#mwl",
    "forms": [
      {
        "form": "\u00f3calo",
        "gram": [
          "Q12",
          "Q14"
        ]
      },
      {
        "form": "\u00f3calos",
        "gram": [
          "Q13",
          "Q14"
        ]
      }
    ],
    "pos": "Q6",
    "hyphen": "\u00f3|ca|lo",
    "gender": "Q14",
    "senses": [
      "# [[\u00f3culo]], [[mon\u00f3culo]]"
    ]
  }
}