{
  "URI": "https://lhenguabase.wikibase.cloud/entity/L1305",
  "entry": {
    "wikitext": "={{-mwl-}}=\u00b6==Substantivo==\u00b6{{flex.mwl|fs=\u00f3ndia|fp=\u00f3ndias}}\u00b6{{proparox\u00edtona|\u00f3n|di|a|l\u00edngua=mwl}}, {{f}}\u00b6# [[onda]]\u00b6\u00b6[[Categoria:Substantivo (Mirand\u00eas)]]\u00b6[[Categoria:Entrada com imagem (Mirand\u00eas)]]",
    "lemma": "\u00f3ndia",
    "reference": "https://pt.wiktionary.org/wiki/\u00f3ndia#mwl",
    "forms": [
      {
        "form": "\u00f3ndia",
        "gram": [
          "Q12",
          "Q15"
        ]
      },
      {
        "form": "\u00f3ndias",
        "gram": [
          "Q13",
          "Q15"
        ]
      }
    ],
    "pos": "Q6",
    "hyphen": "\u00f3n|di|a",
    "gender": "Q15",
    "senses": [
      "# [[onda]]"
    ]
  }
}